site,x,y,z,psi_q16,psi_hex,psi_float,psi_prev_q16,psi_prev_hex,psi_prev_float,m_prev_q16,m_prev_hex,m_prev_float
0,0,0,0,-1851324244,0x91A708AC,-28248.96612548828,1365202838,0x515F5796,20831.34213256836,-4043200,0xFFC24E40,-61.6943359375
1,1,0,0,-1413591609,0xABBE4DC7,-21569.696182250977,-224765054,0xF29A5B82,-3429.642547607422,-11080510,0xFF56ECC2,-169.07516479492188
2,2,0,0,-1339050513,0xB02FB5EF,-20432.289321899414,1605369406,0x5FAFFE3E,24495.993133544922,-18373828,0xFEE7A33C,-280.36236572265625
3,3,0,0,-1398104627,0xACAA9DCD,-21333.383590698242,-1768667730,0x969445AE,-26987.727813720703,21746704,0x014BD410,331.828369140625
4,4,0,0,-1864136274,0x90E389AE,-28444.462188720703,1483375269,0x586A82A5,22634.510330200195,50036466,0x02FB7EF2,763.4958801269531
5,5,0,0,874683935,0x34229E1F,13346.617660522461,-1623450682,0x9F3C1BC6,-24771.891510009766,20467362,0x01384EA2,312.3071594238281
6,6,0,0,-774318987,0xD1D8D475,-11815.17008972168,-928668607,0xC8A5A441,-14170.358383178711,-8207116,0xFF82C4F4,-125.23065185546875
7,7,0,0,738366432,0x2C0293E0,11266.57763671875,-658223103,0xD8C45001,-10043.687484741211,-17339179,0xFEF76CD5,-264.5748748779297
8,0,1,0,-78566845,0xFB512A43,-1198.8349151611328,969894345,0x39CF69C9,14799.413223266602,28006563,0x01AB58A3,427.3462371826172
9,1,1,0,1960959065,0x74E1DC59,29921.860733032227,-91326341,0xFA8E787B,-1393.5293731689453,77687144,0x04A16968,1185.4117431640625
10,2,1,0,-1027967195,0xC2BA7725,-15685.534591674805,-1934070693,0x8CB86C5B,-29511.576736450195,-36098936,0xFDD92C88,-550.8260498046875
11,3,1,0,-919489244,0xC931B524,-14030.292419433594,80921932,0x04D2C54C,1234.7706909179688,5288439,0x0050B1F7,80.69517517089844
12,4,1,0,1304653831,0x4DC37007,19907.437606811523,-1821632443,0x936C1845,-27795.905197143555,-4887107,0xFFB56DBD,-74.57133483886719
13,5,1,0,2132204264,0x7F16DAE8,32534.855102539062,2023900379,0x78A244DB,30882.268966674805,-21819173,0xFEB310DB,-332.9341583251953
14,6,1,0,-1467920207,0xA88150B1,-22398.684799194336,2097011727,0x7CFDDC0F,31997.859603881836,-2089655,0xFFE01D49,-31.885604858398438
15,7,1,0,-853652001,0xCD1E4DDF,-13025.695816040039,1679882296,0x6420F838,25632.969604492188,56473440,0x035DB760,861.71630859375
16,0,2,0,-242061994,0xF1926D56,-3693.5729064941406,1138155586,0x43D6E042,17366.876007080078,-46368955,0xFD3C7745,-707.5341033935547
17,1,2,0,-20449206,0xFEC7F84A,-312.0301208496094,-62460068,0xFC46EF5C,-953.0650024414062,64925959,0x03DEB107,990.6915130615234
18,2,2,0,1310357134,0x4E1A768E,19994.463104248047,1900856362,0x714CC42A,29004.76626586914,33469660,0x01FEB4DC,510.70648193359375
19,3,2,0,-1665532812,0x9CB9FC74,-25414.01385498047,1784205111,0x6A58CF37,27224.8094329834,22640789,0x01597895,345.4710235595703
20,4,2,0,-1181370585,0xB995B727,-18026.284561157227,-1702932541,0x9A7F4FC3,-25984.688430786133,32211264,0x01EB8140,491.5048828125
21,5,2,0,333716638,0x13E41C9E,5092.111785888672,-1101877831,0xBE52ADB9,-16813.321395874023,-3756204,0xFFC6AF54,-57.31512451171875
22,6,2,0,-695088051,0xD691CC4D,-10606.201950073242,-117415216,0xF90062D0,-1791.614013671875,33051435,0x01F8532B,504.3248748779297
23,7,2,0,-1222071061,0xB728ACEB,-18647.32453918457,1059324179,0x3F240113,16164.004196166992,-16220501,0xFF087EAB,-247.5052032470703
24,0,3,0,906773234,0x360C42F2,13836.261505126953,210741550,0x0C8FA92E,3215.660858154297,40114504,0x02641948,612.0987548828125
25,1,3,0,-287187506,0xEEE1DDCE,-4382.133575439453,329053622,0x139CF5B6,5020.959808349609,-60080856,0xFC6B3D28,-916.7611083984375
26,2,3,0,-862893715,0xCC91496D,-13166.713180541992,-277089683,0xEF7BF26D,-4228.053024291992,-21744064,0xFEB43640,-331.7880859375
27,3,3,0,-1468940350,0xA871BFC2,-22414.250946044922,-1262640378,0xB4BDA306,-19266.363189697266,-6654305,0xFF9A769F,-101.53663635253906
28,4,3,0,248449503,0x0ECF09DF,3791.038558959961,1762388369,0x690BE991,26891.912368774414,9787005,0x0095567D,149.3378448486328
29,5,3,0,640313510,0x262A68A6,9770.408782958984,1836571677,0x6D77DC1D,28023.859817504883,56558131,0x035F0233,863.0085906982422
30,6,3,0,-1368715551,0xAE6B0EE1,-20884.94187927246,-1228834630,0xB6C178BA,-18750.528411865234,33282666,0x01FBDA6A,507.8531799316406
31,7,3,0,-1774823159,0x96365909,-27081.6522064209,284205079,0x10F0A017,4336.625350952148,472283,0x000734DB,7.2064666748046875
32,0,4,0,-1067162738,0xC064638E,-16283.611114501953,1325104557,0x4EFB7DAD,20219.490921020508,-17490079,0xFEF51F61,-266.87742614746094
33,1,4,0,355533339,0x1531021B,5425.008224487305,-909872012,0xC9C47474,-13883.545104980469,20537846,0x013961F6,313.3826599121094
34,2,4,0,-1758186894,0x97343272,-26827.802947998047,1453048713,0x569BC389,22171.7638092041,-58323578,0xFC860D86,-889.9471740722656
35,3,4,0,-1332763158,0xB08FA5EA,-20336.35189819336,-446668574,0xE56060E2,-6815.621551513672,-991041,0xFFF0E0BF,-15.122085571289062
36,4,4,0,292122818,0x116970C2,4457.440460205078,37740517,0x023FDFE5,575.8745880126953,-11745301,0xFF4CC7EB,-179.2190704345703
37,5,4,0,769038414,0x2DD6984E,11734.594940185547,698371317,0x29A04CF5,10656.30061340332,-52707723,0xFCDBBE75,-804.2560272216797
38,6,4,0,-1771069352,0x966FA058,-27024.373657226562,-1170023433,0xBA42DBF7,-17853.1407623291,-10486717,0xFF5FFC43,-160.0146026611328
39,7,4,0,268573170,0x100219F2,4098.101348876953,-478538862,0xE37A1392,-7301.923553466797,-17025901,0xFEFC3493,-259.7946319580078
40,0,5,0,1967349030,0x75435D26,30019.363861083984,-245716369,0xF15AAA6F,-3749.334243774414,1999555,0x001E82C3,30.510787963867188
41,1,5,0,-1660387547,0x9D087F25,-25335.503341674805,1448505002,0x56566EAA,22102.43228149414,-47852505,0xFD25D427,-730.1712799072266
42,2,5,0,-569427073,0xDE0F3B7F,-8688.767593383789,1218459490,0x48A03762,18592.216339111328,22963444,0x015E64F4,350.39434814453125
43,3,5,0,370704135,0x16187F07,5656.496200561523,-254153260,0xF0D9EDD4,-3878.0709838867188,49787574,0x02F7B2B6,759.6980895996094
44,4,5,0,465070096,0x1BB86810,7096.406494140625,-688933011,0xD6EFB76D,-10512.283493041992,-32134069,0xFE15AC4B,-490.3269805908203
45,5,5,0,442231656,0x1A5BEB68,6747.9195556640625,774827967,0x2E2EEFBF,11822.936508178711,36340500,0x022A8314,554.5120239257812
46,6,5,0,1082796356,0x408A2944,16522.161193847656,1283797641,0x4C853289,19589.1974029541,-51794740,0xFCE9ACCC,-790.3250122070312
47,7,5,0,898167404,0x3588F26C,13704.946960449219,-389664017,0xE8C632EF,-5945.801040649414,-20844152,0xFEC1F188,-318.0565185546875
48,0,6,0,1771916116,0x699D4B54,27037.29425048828,-241338896,0xF19D75F0,-3682.539306640625,-10425904,0xFF60E9D0,-159.086669921875
49,1,6,0,-1206332579,0xB818D35D,-18407.174362182617,-194730848,0xF464A4A0,-2971.35693359375,-22515538,0xFEA870AE,-343.5598449707031
50,2,6,0,1549867037,0x5C61181D,23649.094192504883,1404142343,0x53B18307,21425.511825561523,45331055,0x02B3B26F,691.6970062255859
51,3,6,0,-1180516952,0xB9A2BDA8,-18013.259155273438,1831700912,0x6D2D89B0,27949.537841796875,1202557,0x0012597D,18.349563598632812
52,4,6,0,1632477558,0x614DA176,24909.63070678711,-1439444122,0xAA33D366,-21964.174224853516,80551274,0x04CD1D6A,1229.1148986816406
53,5,6,0,1140908674,0x4400E282,17408.884796142578,-71137037,0xFBC288F3,-1085.4650421142578,-34496337,0xFDF1A0AF,-526.3723297119141
54,6,6,0,21181311,0x0143337F,323.20115661621094,1749659011,0x6849AD83,26697.677780151367,-37537502,0xFDC33922,-572.7768249511719
55,7,6,0,1881015652,0x701E0564,28702.021057128906,1419861396,0x54A15D94,21665.36553955078,-65826229,0xFC13924B,-1004.4285430908203
56,0,7,0,-842489190,0xCDC8A29A,-12855.364837646484,-276433644,0xEF85F514,-4218.042663574219,-6911567,0xFF9689B1,-105.46214294433594
57,1,7,0,7844310,0x0077B1D6,119.69467163085938,1399773268,0x536ED854,21358.84503173828,-36995856,0xFDCB7CF0,-564.511962890625
58,2,7,0,250827006,0x0EF350FE,3827.316375732422,2082889395,0x7C265EB3,31782.369918823242,44560528,0x02A7F090,679.939697265625
59,3,7,0,-1951309703,0x8BB16079,-29774.623153686523,645271197,0x26760E9D,9846.057083129883,-53267881,0xFCD33257,-812.8033599853516
60,4,7,0,292740459,0x1172DD6B,4466.86491394043,-1303083410,0xB254866E,-19883.474884033203,30067577,0x01CACB79,458.79481506347656
61,5,7,0,-2017312591,0x87C240B1,-30781.747299194336,-41395746,0xFD8859DE,-631.6489562988281,75430623,0x047EFADF,1150.979965209961
62,6,7,0,-1752208653,0x978F6AF3,-26736.582229614258,1994492749,0x76E18B4D,30433.544143676758,7253170,0x006EACB2,110.67459106445312
63,7,7,0,-370333832,0xE9ED2778,-5650.8458251953125,-1650203906,0x9DA3E2FE,-25180.113311767578,26346754,0x01920502,402.0195617675781
64,0,0,1,1405198130,0x53C19F32,21441.621856689453,196320883,0x0BB39E73,2995.618942260742,-39728423,0xFDA1CAD9,-606.2076263427734
65,1,0,1,-755020700,0xD2FF4C64,-11520.701599121094,1749090465,0x684100A1,26689.00245666504,54416669,0x033E551D,830.3324737548828
66,2,0,1,1618049103,0x6071784F,24689.469955444336,2108370744,0x7DAB2F38,32171.184448242188,3525059,0x0035C9C3,53.78813171386719
67,3,0,1,-487043326,0xE2F84F02,-7431.691375732422,-2138396309,0x808AA96B,-32629.33821105957,22908469,0x015D8E35,349.5554962158203
68,4,0,1,612133419,0x247C6A2B,9340.41471862793,611727693,0x2476394D,9334.223831176758,-173155,0xFFFD5B9D,-2.6421356201171875
69,5,0,1,-1537834560,0xA45681C0,-23465.4931640625,-1408131925,0xAC119CAB,-21486.38801574707,-55746194,0xFCAD616E,-850.6194152832031
70,6,0,1,1281935327,0x4C68C7DF,19560.78074645996,-1672494368,0x9C4FC2E0,-25520.23876953125,11971365,0x00B6AB25,182.6685333251953
71,7,0,1,-954281457,0xC71ED20F,-14561.179458618164,1258312196,0x4B005204,19200.320373535156,-3518935,0xFFCA4E29,-53.69468688964844
72,0,1,1,-198855926,0xF425B30A,-3034.3006286621094,1329375263,0x4F3CA81F,20284.65672302246,22985462,0x015EBAF6,350.7303161621094
73,1,1,1,189234749,0x0B477E3D,2887.493118286133,1694140444,0x64FA881C,25850.531677246094,-50981539,0xFCF6155D,-777.9165496826172
74,2,1,1,1645320134,0x621197C6,25105.592864990234,695642038,0x2976A7B6,10614.65512084961,-37911973,0xFDBD825B,-578.4907989501953
75,3,1,1,-1986101036,0x899E80D4,-30305.49676513672,-2029089379,0x870E8D9D,-30961.446823120117,5179524,0x004F0884,79.03326416015625
76,4,1,1,1049678300,0x3E90D1DC,16016.819763183594,2000444241,0x773C5B51,30524.356704711914,-42217298,0xFD7BD0AE,-644.1848449707031
77,5,1,1,636177805,0x25EB4D8D,9707.302932739258,717405057,0x2AC2BB81,10946.732437133789,33362402,0x01FD11E2,509.0698547363281
78,6,1,1,-542385540,0xDFABDA7C,-8276.146545410156,-778638683,0xD196EAA5,-11881.083419799805,32531365,0x01F063A5,496.3892364501953
79,7,1,1,-1773246573,0x964E6793,-27057.595413208008,-100097603,0xFA08A1BD,-1527.3682098388672,-4041135,0xFFC25651,-61.66282653808594
80,0,2,1,-544068940,0xDF922AB4,-8301.833190917969,-578170810,0xDD89D046,-8822.186431884766,15228470,0x00E85E36,232.36801147460938
81,1,2,1,1592512176,0x5EEBCEB0,24299.807373046875,-163139962,0xF646AE86,-2489.3182678222656,7762727,0x00767327,118.44981384277344
82,2,2,1,1480383718,0x583CDCE6,22588.862884521484,-124653509,0xF891F03B,-1902.0615997314453,-16428570,0xFF0551E6,-250.68008422851562
83,3,2,1,-382859581,0xE92E06C3,-5841.973587036133,844557030,0x3256EAE6,12886.917572021484,15630423,0x00EE8057,238.50132751464844
84,4,2,1,1617955163,0x6070095B,24688.036544799805,-1512293609,0xA5DC3B17,-23075.76918029785,467790,0x0007234E,7.137908935546875
85,5,2,1,2108020303,0x7DA5D64F,32165.837142944336,-2145182971,0x80231B05,-32732.894454956055,12813050,0x00C382FA,195.51162719726562
86,6,2,1,890087736,0x350DA938,13581.661010742188,1039503248,0x3DF58F90,15861.560791015625,-11811148,0xFF4BC6B4,-180.22381591796875
87,7,2,1,1380458434,0x52481FC2,21064.124053955078,-1757398818,0x974038DE,-26815.777862548828,52109804,0x031B21EC,795.1325073242188
88,0,3,1,-1163071396,0xBAACF05C,-17747.061096191406,-260096558,0xF07F3DD2,-3968.758514404297,-27492870,0xFE5C7DFA,-419.5079040527344
89,1,3,1,582862855,0x22BDC807,8893.781356811523,1974826868,0x75B57774,30133.46661376953,52352495,0x031ED5EF,798.8356781005859
90,2,3,1,239013697,0x0E3F0F41,3647.059585571289,398116885,0x17BAC815,6074.78157043457,-17734667,0xFEF163F5,-270.6095428466797
91,3,3,1,-968018412,0xC64D3614,-14770.788757324219,1970749927,0x757741E7,30071.257431030273,-9927697,0xFF6883EF,-151.48463439941406
92,4,3,1,2075026851,0x7BAE65A3,31662.397018432617,1913285385,0x720A6B09,29194.4181060791,-23680262,0xFE96AAFA,-361.3321228027344
93,5,3,1,-2048175740,0x85EB5184,-31252.681579589844,-894006305,0xCAB68BDF,-13641.453628540039,14868936,0x00E2E1C8,226.8819580078125
94,6,3,1,-1285920154,0xB35A6A66,-19621.584381103516,17224810,0x0106D46A,262.8297424316406,-4091256,0xFFC19288,-62.4276123046875
95,7,3,1,66281518,0x03F3602E,1011.3757019042969,-544320900,0xDF8E527C,-8305.677795410156,-11557432,0xFF4FA5C8,-176.3524169921875
96,0,4,1,1436450439,0x559E7E87,21918.494247436523,986955081,0x3AD3BD49,15059.739395141602,-55087984,0xFCB76C90,-840.575927734375
97,1,4,1,335851651,0x1404B083,5124.689498901367,-1691023000,0x9B350968,-25802.963256835938,-8804108,0xFF79A8F4,-134.34002685546875
98,2,4,1,-455429205,0xE4DAB3AB,-6949.29817199707,-494589462,0xE28529EA,-7546.836273193359,-18103321,0xFEEBC3E7,-276.23475646972656
99,3,4,1,850429333,0x32B08595,12976.52180480957,-56301134,0xFCA4E9B2,-859.0871276855469,37201769,0x0237A769,567.6539459228516
100,4,4,1,1432733445,0x5565C705,21861.777420043945,1429267534,0x5530E44E,21808.891815185547,10317388,0x009D6E4C,157.43084716796875
101,5,4,1,-1599334209,0xA0AC18BF,-24403.90333557129,-992656445,0xC4D543C3,-15146.735305786133,882727,0x000D7827,13.469345092773438
102,6,4,1,1365408638,0x51627B7E,20834.482391357422,68215941,0x0410E485,1040.8926544189453,37760719,0x02402ECF,576.1828460693359
103,7,4,1,161133062,0x099AB206,2458.6954040527344,-735355346,0xD42B5E2E,-11220.632110595703,-1159090,0xFFEE504E,-17.686309814453125
104,0,5,1,-2007808583,0x885345B9,-30636.727645874023,2043844364,0x79D2970C,31186.59002685547,-53046030,0xFCD694F2,-809.4181823730469
105,1,5,1,1966282077,0x7533155D,30003.083450317383,-1238816436,0xB629294C,-18902.83868408203,-42236134,0xFD7B871A,-644.4722595214844
106,2,5,1,585272951,0x22E28E77,8930.556503295898,-1698831083,0x9ABDE515,-25922.10514831543,-15862797,0xFF0DF3F3,-242.0470733642578
107,3,5,1,-1858366876,0x913B9264,-28356.428161621094,2072923064,0x7B8E4BB8,31630.295776367188,-44264381,0xFD5C9443,-675.4208526611328
108,4,5,1,-1597108862,0xA0CE0D82,-24369.947235107422,856387505,0x330B6FB1,13067.436294555664,45177314,0x02B159E2,689.3511047363281
109,5,5,1,1422467642,0x54C9223A,21705.133697509766,-737511144,0xD40A7918,-11253.526977539062,-14467929,0xFF233CA7,-220.76307678222656
110,6,5,1,-406212193,0xE7C9B19F,-6198.306167602539,47521537,0x02D51F01,725.1211090087891,54740979,0x034347F3,835.2810516357422
111,7,5,1,1001183467,0x3BACD8EB,15276.84733581543,-1573550276,0xA235873C,-24010.471740722656,-17144959,0xFEFA6381,-261.61131286621094
112,0,6,1,-671101541,0xD7FFCD9B,-10240.196853637695,-1327552815,0xB0DF26D1,-20256.848373413086,55301384,0x034BD508,843.8321533203125
113,1,6,1,1613130132,0x60266994,24614.41241455078,-571249534,0xDDF36C82,-8716.576141357422,78382166,0x04AC0456,1196.0169372558594
114,2,6,1,1447925407,0x564D969F,22093.58836364746,-818289218,0xCF39E5BE,-12486.102569580078,1065798,0x00104346,16.262786865234375
115,3,6,1,25708454,0x018847A6,392.2798767089844,867171727,0x33AFFD8F,13231.990463256836,-14563405,0xFF21C7B3,-222.2199249267578
116,4,6,1,-2103221145,0x82A36467,-32092.607803344727,-1381945986,0xADA12D7E,-21086.822296142578,45190214,0x02B18C46,689.5479431152344
117,5,6,1,1273426286,0x4BE6F16E,19430.943084716797,-1364722982,0xAEA7FADA,-20824.020111083984,-31091014,0xFE2596BA,-474.4112243652344
118,6,6,1,188286383,0x0B3905AF,2873.022201538086,-643946533,0xD99E27DB,-9825.844314575195,-16824198,0xFEFF487A,-256.7168884277344
119,7,6,1,-1527971645,0xA4ED00C3,-23314.997024536133,107282343,0x0664FFA7,1636.9986419677734,-14851289,0xFF1D6327,-226.61268615722656
120,0,7,1,1189349512,0x46E40888,18148.033325195312,-304690616,0xEDD6CA48,-4649.2098388671875,-10482685,0xFF600C03,-159.9530792236328
121,1,7,1,-267680626,0xF00B848E,-4084.482208251953,215119804,0x0CD277BC,3282.4677124023438,-3127733,0xFFD0464B,-47.72541809082031
122,2,7,1,237211670,0x0E239016,3619.5628356933594,-738119798,0xD4012F8A,-11262.81430053711,-50245577,0xFD015037,-766.6866607666016
123,3,7,1,-482411219,0xE33EFD2D,-7361.011032104492,1534682530,0x5B7965A2,23417.397003173828,-51573892,0xFCED0B7C,-786.9551391601562
124,4,7,1,298232480,0x11C6AAA0,4550.66650390625,42433056,0x02877A20,647.47705078125,6049552,0x005C4F10,92.308837890625
125,5,7,1,-1682706631,0x9BB3EF39,-25676.065536499023,137217303,0x082DC517,2093.7698822021484,-87300400,0xFACBE6D0,-1332.098388671875
126,6,7,1,-968806975,0xC6412DC1,-14782.821273803711,1137097990,0x43C6BD06,17350.738372802734,16635266,0x00FDD582,253.83401489257812
127,7,7,1,-1467275918,0xA88B2572,-22388.853729248047,-1422003138,0xAB3DF43E,-21698.045928955078,44489178,0x02A6D9DA,678.8509826660156
128,0,0,2,-1021552553,0xC31C5857,-15587.654922485352,-1176730906,0xB9DC82E6,-17955.488677978516,-37930977,0xFDBD381F,-578.7807769775391
129,1,0,2,-755770638,0xD2F3DAF2,-11532.144744873047,-1424088573,0xAB1E2203,-21729.867141723633,37198459,0x02379A7B,567.6034393310547
130,2,0,2,-2019138823,0x87A662F9,-30809.613388061523,-962987750,0xC699F91A,-14694.026947021484,4549942,0x00456D36,69.42660522460938
131,3,0,2,1792636002,0x6AD97462,27353.454620361328,-833056624,0xCE589090,-12711.435302734375,21491361,0x0147EEA1,327.93214416503906
132,4,0,2,2072348014,0x7B85856E,31621.521209716797,-1575743340,0xA2141094,-24043.93524169922,2438870,0x002536D6,37.214202880859375
133,5,0,2,-1216524906,0xB77D4D96,-18562.69692993164,-1646245427,0x9DE049CD,-25119.711715698242,18106680,0x01144938,276.2860107421875
134,6,0,2,1219465010,0x48AF8F32,18607.559356689453,2020899813,0x78747BE5,30836.483963012695,-54782979,0xFCBC13FD,-835.9219207763672
135,7,0,2,1103382169,0x41C44699,16836.275772094727,735321279,0x2BD41CBF,11220.112289428711,-14628910,0xFF20C7D2,-223.21945190429688
136,0,1,2,1813453729,0x6C171BA1,27671.10792541504,526389251,0x1F601003,8032.062545776367,-16405928,0xFF05AA58,-250.3345947265625
137,1,1,2,801074693,0x2FBF6E05,12223.429763793945,-1936405869,0x8C94CA93,-29547.208694458008,38019374,0x0244212E,580.1296081542969
138,2,1,2,-1400894754,0xAC800ADE,-21375.957550048828,-1507883825,0xA61F84CF,-23008.481216430664,-29560719,0xFE3CF071,-451.06077575683594
139,3,1,2,38371057,0x02497EF1,585.4958648681641,-1673624692,0x9C3E838C,-25537.48614501953,-12051477,0xFF481BEB,-183.8909454345703
140,4,1,2,-1268919618,0xB45DD2BE,-19362.176788330078,296173549,0x11A73FED,4519.249710083008,46292360,0x02C25D88,706.3653564453125
141,5,1,2,-43641577,0xFD661517,-665.9176177978516,-740080878,0xD3E34312,-11292.738006591797,-6912119,0xFF968789,-105.47056579589844
142,6,1,2,1547984527,0x5C445E8F,23620.369369506836,-20338536,0xFEC9A898,-310.3414306640625,8413068,0x00805F8C,128.37322998046875
143,7,1,2,-762249277,0xD290FFC3,-11631.000930786133,-562021008,0xDE803D70,-8575.760009765625,1970502,0x001E1146,30.067474365234375
144,0,2,2,243213089,0x0E7F2321,3711.137222290039,-677379907,0xD7A000BD,-10335.997116088867,-43308590,0xFD6B29D2,-660.8366394042969
145,1,2,2,117046304,0x06F9FC20,1785.98486328125,2097966171,0x7D0C6C5B,32012.423263549805,-22221855,0xFEACEBE1,-339.07859802246094
146,2,2,2,968482217,0x39B9DDA9,14777.865859985352,1965985013,0x752E8CF5,29998.55061340332,7981888,0x0079CB40,121.7939453125
147,3,2,2,1546095331,0x5C278AE3,23591.542526245117,-5774397,0xFFA7E3C3,-88.11030578613281,-85298479,0xFAEA72D1,-1301.551498413086
148,4,2,2,498217362,0x1DB23192,7602.193634033203,924711867,0x371DFBBB,14109.983322143555,-54687006,0xFCBD8AE2,-834.4574890136719
149,5,2,2,-1873700555,0x90519935,-28590.40153503418,1340066337,0x4FDFCA21,20447.78956604004,-13639549,0xFF2FE083,-208.1230010986328
150,6,2,2,403268332,0x180962EC,6153.386413574219,-1259641947,0xB4EB63A5,-19220.610763549805,27110716,0x019DAD3C,413.67669677734375
151,7,2,2,-772960893,0xD1ED8D83,-11794.447219848633,2120467936,0x7E63C5E0,32355.77294921875,8307833,0x007EC479,126.76747131347656
152,0,3,2,-1016481355,0xC369B9B5,-15510.27458190918,598175462,0x23A76EE6,9127.433197021484,3311543,0x003287B7,50.53013610839844
153,1,3,2,-1362807504,0xAEC53530,-20794.792236328125,-1992437702,0x893DD03A,-30402.186614990234,41036543,0x02722AFF,626.1679534912109
154,2,3,2,237925596,0x0E2E74DC,3630.4564819335938,347570055,0x14B77F87,5303.498153686523,979983,0x000EF40F,14.953353881835938
155,3,3,2,219388306,0x0D139992,3347.599884033203,-73373521,0xFBA068AF,-1119.591079711914,-31503951,0xFE1F49B1,-480.71214294433594
156,4,3,2,-857963811,0xCCDC82DD,-13091.488815307617,-1765033078,0x96CBBB8A,-26932.26742553711,-25204306,0xFE7F69AE,-384.5871887207031
157,5,3,2,-1857764859,0x9144C205,-28347.242111206055,-217064765,0xF30FDAC3,-3312.145462036133,68675068,0x0417E5FC,1047.8983764648438
158,6,3,2,609265868,0x2450A8CC,9296.659362792969,129557936,0x07B8E5B0,1976.897216796875,-9000211,0xFF76AAED,-137.3323211669922
159,7,3,2,-1656179934,0x9D48B322,-25271.300262451172,1105911565,0x41EADF0D,16874.871292114258,-35837228,0xFDDD2AD4,-546.8327026367188
160,0,4,2,1437593572,0x55AFEFE4,21935.937072753906,-1076872515,0xBFD03ABD,-16431.770553588867,39614641,0x025C78B1,604.4714508056641
161,1,4,2,-1995814739,0x890A48AD,-30453.716110229492,-260188016,0xF07DD890,-3970.154052734375,-17124674,0xFEFAB2BE,-261.3017883300781
162,2,4,2,1824264514,0x6CBC1142,27836.067413330078,-1892644893,0x8F3087E3,-28879.469192504883,-43498295,0xFD6844C9,-663.7313079833984
163,3,4,2,1935022307,0x735618E3,29526.097213745117,-528510845,0xE07F9083,-8064.435501098633,-60110153,0xFC6ACAB7,-917.2081451416016
164,4,4,2,161532187,0x09A0C91B,2464.7855682373047,-1578314686,0xA1ECD442,-24083.170867919922,-25624807,0xFE78FF19,-391.00352478027344
165,5,4,2,985577585,0x3ABEB871,15038.720474243164,770484317,0x2DECA85D,11756.657669067383,-52931752,0xFCD85358,-807.6744384765625
166,6,4,2,-120112045,0xF8D73C53,-1832.7643585205078,-1155656339,0xBB1E156D,-17633.916305541992,-35904313,0xFDDC24C7,-547.8563385009766
167,7,4,2,-974221628,0xC5EE8EC4,-14865.442321777344,2083123747,0x7C29F223,31785.945846557617,10962724,0x00A74724,167.27789306640625
168,0,5,2,738183421,0x2BFFC8FD,11263.785110473633,1168824246,0x45AAD7B6,17834.84262084961,14820175,0x00E2234F,226.13792419433594
169,1,5,2,-410434235,0xE7894545,-6262.729415893555,-2022708706,0x876FEA1E,-30864.085479736328,134976,0x00020F40,2.0595703125
170,2,5,2,301876954,0x11FE46DA,4606.276763916016,356048774,0x1538DF86,5432.873138427734,15825950,0x00F17C1E,241.48483276367188
171,3,5,2,1495908282,0x5929BFBA,22825.748931884766,-1949356663,0x8BCF2D89,-29744.8221282959,-2784776,0xFFD581F8,-42.4923095703125
172,4,5,2,279400366,0x10A74FAE,4263.311248779297,682876403,0x28B3DDF3,10419.866989135742,-64853679,0xFC226951,-989.5886077880859
173,5,5,2,-126516662,0xF875824A,-1930.4910583496094,-1277374181,0xB3DCD11B,-19491.183181762695,36819143,0x0231D0C7,561.8155364990234
174,6,5,2,-850244648,0xCD524BD8,-12973.703735351562,771967578,0x2E034A5A,11779.290435791016,17426145,0x0109E6E1,265.90187072753906
175,7,5,2,413453909,0x18A4CE55,6308.80598449707,756723337,0x2D1AAE89,11546.681777954102,-39662297,0xFDA2CD27,-605.1986236572266
176,0,6,2,-857060079,0xCCEA4D11,-13077.698959350586,-1523083575,0xA53796C9,-23240.4109954834,44607665,0x02A8A8B1,680.6589508056641
177,1,6,2,-73149604,0xFBA3D35C,-1116.1743774414062,-33497052,0xFE00E024,-511.12445068359375,-32961618,0xFE090BAE,-502.9543762207031
178,2,6,2,-315135773,0xED3768E3,-4808.590286254883,1348792960,0x5064F280,20580.947265625,36692127,0x022FE09F,559.8774261474609
179,3,6,2,318084851,0x12F596F3,4853.589645385742,-1427643106,0xAAE7E51E,-21784.105010986328,-452651,0xFFF917D5,-6.9069061279296875
180,4,6,2,-359130528,0xEA981A60,-5479.89697265625,-735675743,0xD4267AA1,-11225.520980834961,8272053,0x007E38B5,126.22151184082031
181,5,6,2,1976324582,0x75CC51E6,30156.319915771484,-1916610370,0x8DC2D8BE,-29245.153350830078,4105296,0x003EA450,62.641845703125
182,6,6,2,841700525,0x322B54AD,12843.330764770508,630666220,0x259733EC,9623.202819824219,-43915624,0xFD61E698,-670.0992431640625
183,7,6,2,1704569596,0x6599AAFC,26009.667907714844,-332771980,0xEC2A4D74,-5077.697448730469,-36643250,0xFDD0DE4E,-559.1316223144531
184,0,7,2,801517446,0x2FC62F86,12230.185638427734,-922663046,0xC901477A,-14078.720794677734,-1010298,0xFFF09586,-15.415924072265625
185,1,7,2,-529937964,0xE069C9D4,-8086.211608886719,-963271432,0xC695A4F8,-14698.355590820312,22042198,0x01505656,336.3372497558594
186,2,7,2,-645099529,0xD98C8FF7,-9843.437637329102,1810956637,0x6BF1015D,27633.005325317383,-8421850,0xFF7F7E26,-128.50723266601562
187,3,7,2,838540033,0x31FB1B01,12795.105484008789,2033902055,0x793AE1E7,31034.882431030273,-16017202,0xFF0B98CE,-244.40310668945312
188,4,7,2,-1976093459,0x8A3734ED,-30152.793258666992,1383662476,0x5279038C,21113.01385498047,-4139079,0xFFC0D7B9,-63.15733337402344
189,5,7,2,-1687147267,0x9B702CFD,-25743.824264526367,-1569526457,0xA272ED47,-23949.073135375977,47438825,0x02D3DBE9,723.8590240478516
190,6,7,2,782835666,0x2EA91FD2,11945.124298095703,1797025405,0x6B1C6E7D,27420.431594848633,19071934,0x012303BE,291.0146179199219
191,7,7,2,-779528284,0xD18957A4,-11894.657653808594,1600065125,0x5F5F0E65,24415.056228637695,67859709,0x040B74FD,1035.4569854736328
192,0,0,3,-1331708872,0xB09FBC38,-20320.264770507812,-838363190,0xCE0797CA,-12792.40707397461,-5177620,0xFFB0FEEC,-79.00421142578125
193,1,0,3,-642405049,0xD9B5AD47,-9802.323135375977,-1815552995,0x93C8DC1D,-27703.140182495117,-34907169,0xFDEB5BDF,-532.6411285400391
194,2,0,3,954698528,0x38E78B20,14567.54345703125,1677992633,0x640422B9,25604.135635375977,-46616036,0xFD38B21C,-711.3042602539062
195,3,0,3,-1474991815,0xA8156939,-22506.588973999023,735383761,0x2BD510D1,11221.065689086914,1331430,0x001450E6,20.316009521484375
196,4,0,3,-482653559,0xE33B4A89,-7364.708847045898,-855435079,0xCD0318B9,-13052.903427124023,-61601557,0xFC5408EB,-939.9651641845703
197,5,0,3,682734604,0x28B1B40C,10417.703308105469,2032401152,0x7923FB00,31011.98046875,43851338,0x029D1E4A,669.1183166503906
198,6,0,3,-509143970,0xE1A7145E,-7768.920440673828,1415703516,0x5461EBDC,21601.921325683594,-9498285,0xFF6F1153,-144.9323272705078
199,7,0,3,-901336475,0xCA46B265,-13753.303146362305,1272889588,0x4BDEC0F4,19422.75372314453,41102656,0x02732D40,627.1767578125
200,0,1,3,313650880,0x12B1EEC0,4785.9326171875,-747602475,0xD3707DD5,-11407.50846862793,31388981,0x01DEF535,478.9578399658203
201,1,1,3,1873929803,0x6FB1E64B,28593.89958190918,1128396075,0x4341F52B,17217.95768737793,648710,0x0009E606,9.898529052734375
202,2,1,3,1761900140,0x6904766C,26884.46258544922,-1575813694,0xA212FDC2,-24045.008758544922,26630569,0x019659A9,406.35023498535156
203,3,1,3,1061347755,0x3F42E1AB,16194.88151550293,1398438415,0x535A7A0F,21338.476791381836,4230262,0x00408C76,64.54867553710938
204,4,1,3,274248124,0x1058B1BC,4184.694274902344,-561911000,0xDE81EB28,-8574.081420898438,22734191,0x015AE56F,346.89622497558594
205,5,1,3,22615955,0x01591793,345.0920867919922,712464854,0x2A7759D6,10871.35092163086,25010065,0x017D9F91,381.62330627441406
206,6,1,3,781196202,0x2E901BAA,11920.10806274414,-2093183654,0x833C8D5A,-31939.447845458984,-40997646,0xFD8E6CF2,-625.5744323730469
207,7,1,3,738588053,0x2C05F595,11269.95930480957,1756875875,0x68B7CC63,26807.798385620117,19971163,0x0130BC5B,304.7357635498047
208,0,2,3,-1607433435,0xA0308325,-24527.487716674805,1999722053,0x77315645,30513.336990356445,21513192,0x014843E8,328.2652587890625
209,1,2,3,1418022355,0x54854DD3,21637.304000854492,1574853648,0x5DDE5C10,24030.359619140625,28843217,0x01B81CD1,440.11256408691406
210,2,2,3,-1272356760,0xB4296068,-19414.623413085938,127991865,0x07A10039,1953.0008697509766,-21149,0xFFFFAD63,-0.3227081298828125
211,3,2,3,623464847,0x2529518F,9513.318588256836,1650026919,0x625969A7,25177.412704467773,36582405,0x022E3405,558.2032012939453
212,4,2,3,1656329368,0x62B99498,25273.580444335938,146025810,0x08B42D52,2228.177032470703,8956358,0x0088A9C6,136.66317749023438
213,5,2,3,1508906025,0x59F01429,23024.07875061035,-1009444004,0xC3D51B5C,-15402.893127441406,-21609765,0xFEB642DB,-329.7388458251953
214,6,2,3,311765057,0x12952841,4757.157241821289,229125574,0x0DA82DC6,3496.1788024902344,41425192,0x02781928,632.0982666015625
215,7,2,3,-978913208,0xC5A6F848,-14937.030151367188,415229976,0x18BFE818,6335.9066162109375,22351632,0x01550F10,341.058837890625
216,0,3,3,-642821923,0xD9AF50DD,-9808.684127807617,-2051233836,0x85BCA7D4,-31299.34442138672,-28284907,0xFE506815,-431.5934295654297
217,1,3,3,-2088852538,0x837EA3C6,-31873.360260009766,-13000476,0xFF39A0E4,-198.37152099609375,13535137,0x00CE87A1,206.52980041503906
218,2,3,3,99213618,0x05E9E132,1513.8796691894531,-1813094282,0x93EE6076,-27665.62319946289,-33006564,0xFE085C1C,-503.64019775390625
219,3,3,3,855323136,0x32FB3200,13051.1953125,708886258,0x2A40BEF2,10816.745880126953,8386988,0x007FF9AC,127.97528076171875
220,4,3,3,922316527,0x36F96EEF,14073.433334350586,-1101576521,0xBE5746B7,-16808.7237701416,-848471,0xFFF30DA9,-12.946640014648438
221,5,3,3,-1670000812,0x9C75CF54,-25482.19012451172,238229659,0x0E33189B,3635.0961151123047,-68242150,0xFBEEB51A,-1041.2925720214844
222,6,3,3,587642812,0x2306B7BC,8966.717712402344,-1386634246,0xAD59A3FA,-21158.359466552734,54496786,0x033F8E12,831.5549621582031
223,7,3,3,1907505743,0x71B23A4F,29106.227767944336,1046359465,0x3E5E2DA9,15966.178359985352,-44554390,0xFD58276A,-679.8460388183594
224,0,4,3,-4444982,0xFFBC2CCA,-67.82504272460938,-1570848668,0xA25EC064,-23969.248474121094,-16876198,0xFEFE7D5A,-257.5103454589844
225,1,4,3,1714942737,0x6637F311,26167.949478149414,-2010288669,0x882D6DE3,-30674.570755004883,21183465,0x01433BE9,323.23402404785156
226,2,4,3,-1999430644,0x88D31C0C,-30508.89044189453,-2146891871,0x800907A1,-32758.97019958496,-58002980,0xFC8AF1DC,-885.0552368164062
227,3,4,3,868043887,0x33BD4C6F,13245.298568725586,2047765573,0x7A0E6C45,31246.422927856445,-25347450,0xFE7D3A86,-386.7713928222656
228,4,4,3,-1304948236,0xB23811F4,-19911.92987060547,410517402,0x1877FF9A,6263.998443603516,17895999,0x0111123F,273.07127380371094
229,5,4,3,1022511959,0x3CF24B57,15602.294296264648,-1334631853,0xB0732253,-20364.865921020508,1137660,0x00115BFC,17.35931396484375
230,6,4,3,294672308,0x119057B4,4496.342590332031,-503850298,0xE1F7DAC6,-7688.145416259766,36786265,0x02315059,561.3138580322266
231,7,4,3,-2052952365,0x85A26ED3,-31325.567092895508,1480586684,0x583FF5BC,22591.959899902344,67989767,0x040D7107,1037.4415130615234
232,0,5,3,-1021161348,0xC322507C,-15581.685607910156,393953227,0x177B3FCB,6011.24919128418,-14756425,0xFF1ED5B7,-225.16517639160156
233,1,5,3,-1531772068,0xA4B3035C,-23372.986877441406,1581135890,0x5E3E3812,24126.219024658203,-10421663,0xFF60FA61,-159.02195739746094
234,2,5,3,-1063566403,0xC09B43BD,-16228.735397338867,17181028,0x01062964,262.16168212890625,-38337658,0xFDB70386,-584.9862365722656
235,3,5,3,896334646,0x356CFB36,13676.98129272461,-2019873699,0x879B2C5D,-30820.826705932617,-28469465,0xFE4D9727,-434.40956115722656
236,4,5,3,1164660047,0x456B4D4F,17771.301986694336,1674769249,0x63D2F361,25554.95069885254,738593,0x000B4521,11.270034790039062
237,5,5,3,1943976406,0x73DEB9D6,29662.72592163086,1115143391,0x4277BCDF,17015.73777770996,-72090370,0xFBB3FCFE,-1100.0117492675781
238,6,5,3,-536661469,0xE0033223,-8188.804153442383,-1602253583,0xA07F8CF1,-24448.449447631836,45449923,0x02B582C3,693.5107879638672
239,7,5,3,-1530655822,0xA4C40BB2,-23355.954315185547,-1153599528,0xBB3D77D8,-17602.531860351562,36025721,0x0225B579,549.7088775634766
240,0,6,3,-1659367003,0x9D1811A5,-25319.931076049805,-844770128,0xCDA5D4B0,-12890.169189453125,61175334,0x03A57626,933.4615173339844
241,1,6,3,1573753808,0x5DCD93D0,24013.577392578125,279032164,0x10A1B164,4257.692932128906,34045158,0x02077CE6,519.4878845214844
242,2,6,3,936739043,0x37D580E3,14293.503463745117,1437001260,0x55A6E62C,21926.89910888672,-16443781,0xFF05167B,-250.9121856689453
243,3,6,3,-1629894482,0x9ED9C8AE,-24870.216094970703,-765735727,0xD25BCCD1,-11684.199935913086,-51197358,0xFCF2CA52,-781.2096862792969
244,4,6,3,2122154315,0x7E7D814B,32381.50505065918,-1839844699,0x925632A5,-28073.802169799805,-25275238,0xFE7E549A,-385.6695251464844
245,5,6,3,-426075107,0xE69A9C1D,-6501.390182495117,652595520,0x26E5D140,9957.8173828125,-21654392,0xFEB59488,-330.4197998046875
246,6,6,3,758727010,0x2D394162,11577.255401611328,1967602596,0x75473BA4,30023.232971191406,5177052,0x004EFEDC,78.99554443359375
247,7,6,3,-269110010,0xEFF5B506,-4106.292877197266,-578531200,0xDD845080,-8827.685546875,21799119,0x014CA0CF,332.62815856933594
248,0,7,3,1225448758,0x490ADD36,18698.86410522461,-1253090774,0xB54F5A2A,-19120.64779663086,-54979963,0xFCB91285,-838.9276580810547
249,1,7,3,113888256,0x06C9CC00,1737.796875,-1498777873,0xA6AA76EF,-22869.535415649414,-45281683,0xFD4D0E6D,-690.9436492919922
250,2,7,3,560645084,0x216AC3DC,8554.765075683594,-263803310,0xF046AE52,-4025.319061279297,8309795,0x007ECC23,126.79740905761719
251,3,7,3,-1712683742,0x99EA8522,-26133.479949951172,601339594,0x23D7B6CA,9175.71401977539,10569614,0x00A1478E,161.27951049804688
252,4,7,3,-958462794,0xC6DF04B6,-14624.98159790039,-758187689,0xD2CEF957,-11569.026016235352,-16433989,0xFF053CBB,-250.7627716064453
253,5,7,3,847459288,0x328333D8,12931.202514648438,1231585753,0x496881D9,18792.507217407227,55872074,0x03548A4A,852.5401916503906
254,6,7,3,694838335,0x296A643F,10602.391586303711,-2013796166,0x87F7E8BA,-30728.090911865234,-40175156,0xFD9AF9CC,-613.0242309570312
255,7,7,3,-445230422,0xE57652AA,-6793.677093505859,1529841680,0x5B2F8810,23343.531494140625,-5306700,0xFFAF06B4,-80.97381591796875
256,0,0,4,-1910065039,0x8E26B871,-29145.279525756836,2089623143,0x7C8D1E67,31885.118759155273,29880724,0x01C7F194,455.94366455078125
257,1,0,4,-2090648723,0x83633B6D,-31900.767868041992,307413307,0x1252C13B,4690.754806518555,60150556,0x0395D31C,917.8246459960938
258,2,0,4,1727789248,0x66FBF8C0,26363.9716796875,1671785782,0x63A56D36,25509.42660522461,-13308611,0xFF34ED3D,-203.0732879638672
259,3,0,4,693194651,0x29514F9B,10577.310958862305,-195303978,0xF45BE5D6,-2980.1022033691406,-5449961,0xFFACD717,-83.15980529785156
260,4,0,4,-734489834,0xD4389316,-11207.42544555664,1058071172,0x3F10E284,16144.884826660156,-5194759,0xFFB0BBF9,-79.26573181152344
261,5,0,4,-147841798,0xF7301CFA,-2255.8868103027344,1263605699,0x4B5117C3,19281.092819213867,49475571,0x02F2EFF3,754.9373016357422
262,6,0,4,1527717319,0x5B0F1DC7,23311.116317749023,637905683,0x2605AB13,9733.668258666992,10079149,0x0099CBAD,153.7956085205078
263,7,0,4,-531725574,0xE04E82FA,-8113.488372802734,-674541246,0xD7CB5142,-10292.682586669922,-42958998,0xFD707F6A,-655.5022888183594
264,0,1,4,-1319126928,0xB15FB870,-20128.279541015625,-78671043,0xFB4F933D,-1200.4248504638672,-14991814,0xFF1B3E3A,-228.75692749023438
265,1,1,4,-1985868637,0x89A20CA3,-30301.950637817383,-1214332470,0xB79EC1CA,-18529.24301147461,-40338445,0xFD987BF3,-615.5158233642578
266,2,1,4,1085282887,0x40B01A47,16560.102645874023,-890152121,0xCAF15B47,-13582.643447875977,-10633624,0xFF5DBE68,-162.2562255859375
267,3,1,4,1166989329,0x458ED811,17806.844009399414,1073814806,0x40011D16,16385.11361694336,-16067516,0xFF0AD444,-245.17083740234375
268,4,1,4,-2024094728,0x875AC3F8,-30885.234497070312,-1736407879,0x988084B9,-26495.481552124023,-288407,0xFFFB9969,-4.4007415771484375
269,5,1,4,822052645,0x30FF8725,12543.527908325195,509424406,0x1E5D3316,7773.199554443359,53888787,0x03364713,822.2776336669922
270,6,1,4,535332520,0x1FE886A8,8168.5260009765625,290264,0x00046DD8,4.4290771484375,-13125971,0xFF37B6AD,-200.2864227294922
271,7,1,4,526027008,0x1F5A8900,8026.53515625,1229457233,0x49480751,18760.028579711914,4238810,0x0040ADDA,64.67910766601562
272,0,2,4,-403932786,0xE7EC798E,-6163.525177001953,-2084265546,0x83C4A1B6,-31803.36831665039,-7817811,0xFF88B5AD,-119.29032897949219
273,1,2,4,-1803107398,0x9486C3BA,-27513.235443115234,-1910336692,0x8E22934C,-29149.42462158203,4509231,0x0044CE2F,68.80540466308594
274,2,2,4,1947832914,0x74199252,29721.571563720703,-2123979056,0x8166A6D0,-32409.348388671875,33137773,0x01F9A46D,505.6422882080078
275,3,2,4,-1645008051,0x9DF32B4D,-25100.830856323242,663358033,0x278A0A51,10122.040298461914,-21561327,0xFEB70011,-328.99974060058594
276,4,2,4,1087111115,0x40CBFFCB,16587.99919128418,-2068485988,0x84B5689C,-31562.591369628906,-26283489,0xFE6EF21F,-401.05421447753906
277,5,2,4,-1496732765,0xA6C9ABA3,-22838.329544067383,-916398154,0xC960DFB6,-13983.12612915039,-26070036,0xFE7233EC,-397.79718017578125
278,6,2,4,-64227041,0xFC2BF91F,-980.0268707275391,1386489025,0x52A424C1,21156.14356994629,-29392898,0xFE3F7FFE,-448.5000305175781
279,7,2,4,-517578465,0xE126611F,-7897.620620727539,1290502988,0x4CEB834C,19691.51287841797,31829783,0x01E5AF17,485.68394470214844
280,0,3,4,-1984778586,0x89B2AEA6,-30285.317779541016,-233882344,0xF20F3D18,-3568.7613525390625,-25717903,0xFE779371,-392.42405700683594
281,1,3,4,-1063245174,0xC0A02A8A,-16223.83383178711,297934553,0x11C21ED9,4546.120498657227,-36847335,0xFDCDC119,-562.2457122802734
282,2,3,4,-248200078,0xF134C472,-3787.232635498047,854579300,0x32EFD864,13039.845275878906,33900829,0x0205491D,517.2855987548828
283,3,3,4,-1268357673,0xB46665D7,-19353.60218811035,-1759977842,0x9718DE8E,-26855.130645751953,42113095,0x02829847,642.5948333740234
284,4,3,4,-1120946715,0xBD2FB5E5,-17104.289474487305,1432414626,0x5560E9A2,21856.912628173828,15135728,0x00E6F3F0,230.952880859375
285,5,3,4,-1958997624,0x8B3C1188,-29891.931518554688,1866430104,0x6F3F7698,28479.463256835938,21306312,0x01451BC8,325.1085205078125
286,6,3,4,748811938,0x2CA1F6A2,11425.963409423828,-1151793959,0xBB5904D9,-17574.981063842773,-65701027,0xFC157B5D,-1002.5181121826172
287,7,3,4,-698422063,0xD65EECD1,-10657.074935913086,543864071,0x206AB507,8298.707138061523,55380036,0x034D0844,845.0322875976562
288,0,4,4,-639334246,0xD9E4889A,-9755.466400146484,828609641,0x31639469,12643.579727172852,38703212,0x024E906C,590.5641479492188
289,1,4,4,2118843345,0x7E4AFBD1,32330.983657836914,403206365,0x180870DD,6152.440872192383,-51325940,0xFCF0D40C,-783.1716918945312
290,2,4,4,666657507,0x27BC62E3,10172.386276245117,230759466,0x0DC11C2A,3521.1100158691406,-10000150,0xFF6768EA,-152.59017944335938
291,3,4,4,-958980431,0xC6D71EB1,-14632.880111694336,-1218882013,0xB7595623,-18598.663528442383,-16361455,0xFF065811,-249.65599060058594
292,4,4,4,-1794155400,0x950F5C78,-27376.638793945312,587639556,0x2306AB04,8966.668029785156,-51249092,0xFCF2003C,-781.9990844726562
293,5,4,4,1208254140,0x48047EBC,18436.495056152344,155659541,0x09472D15,2375.1761016845703,71824744,0x0447F568,1095.9586181640625
294,6,4,4,-1745729158,0x97F2497A,-26637.712982177734,591489015,0x234167F7,9025.406112670898,16274290,0x00F85372,248.32595825195312
295,7,4,4,1325906925,0x4F07BBED,20231.734085083008,-517499129,0xE1279707,-7896.410049438477,25007454,0x017D955E,381.5834655761719
296,0,5,4,2146242484,0x7FED0FB4,32749.06134033203,-1173259903,0xBA117981,-17902.52537536621,10674025,0x00A2DF69,162.87269592285156
297,1,5,4,2027317487,0x78D668EF,30934.409896850586,886324332,0x34D43C6C,13524.236022949219,-40692953,0xFD931327,-620.9251861572266
298,2,5,4,-901382880,0xCA45FD20,-13754.01123046875,808885845,0x30369E55,12342.61848449707,-18370088,0xFEE7B1D8,-280.3052978515625
299,3,5,4,101162016,0x06079C20,1543.60986328125,-1662154994,0x9CED870E,-25362.472442626953,-442744,0xFFF93E88,-6.7557373046875
300,4,5,4,-803294282,0xD01EB3B6,-12257.29800415039,1467172221,0x5773457D,22387.271438598633,31598562,0x01E227E2,482.1557922363281
301,5,5,4,1350638157,0x50811A4D,20609.102737426758,-1614984568,0x9FBD4A88,-24642.708862304688,68043448,0x040E42B8,1038.2606201171875
302,6,5,4,880117450,0x347586CA,13429.52651977539,557356217,0x213894B9,8504.580947875977,-59270687,0xFC7799E1,-904.3989105224609
303,7,5,4,1934555086,0x734EF7CE,29518.967987060547,-1564808098,0xA2BAEC5E,-23877.076690673828,-20860254,0xFEC1B2A2,-318.3022155761719
304,0,6,4,-750802422,0xD33FAA0A,-11456.33578491211,-177381284,0xF56D605C,-2706.6235961914062,7315873,0x006FA1A1,111.63136291503906
305,1,6,4,-1964234864,0x8AEC2790,-29971.845458984375,-2034815050,0x86B72FB6,-31048.81362915039,17474078,0x010AA21E,266.6332702636719
306,2,6,4,-1793886317,0x95137793,-27372.532913208008,-58121647,0xFC892251,-886.8659515380859,-43453323,0xFD68F475,-663.0450897216797
307,3,6,4,2076954269,0x7BCBCE9D,31691.807083129883,-397446006,0xE84F748A,-6064.544769287109,26157495,0x018F21B7,399.13169860839844
308,4,6,4,-1202295476,0xB8566D4C,-18345.57305908203,-1848655550,0x91CFC142,-28208.245086669922,-29325582,0xFE4086F2,-447.4728698730469
309,5,6,4,-1681747246,0x9BC292D2,-25661.426483154297,-2008664796,0x88463524,-30649.792419433594,-10438794,0xFF60B776,-159.28335571289062
310,6,6,4,1976840652,0x75D431CC,30164.19451904297,1138275639,0x43D8B537,17368.7078704834,-59944843,0xFC6D5075,-914.6857147216797
311,7,6,4,-370049038,0xE9F17FF2,-5646.500213623047,-1294464843,0xB2D808B5,-19751.96598815918,-12428549,0xFF425AFB,-189.6446075439453
312,0,7,4,1557898858,0x5CDBA66A,23771.65005493164,-815561676,0xCF638434,-12444.483581542969,6899329,0x00694681,105.27540588378906
313,1,7,4,-1715731179,0x99BC0515,-26179.98014831543,-2045171086,0x86192A72,-31206.834197998047,-10022377,0xFF671217,-152.92933654785156
314,2,7,4,1980453126,0x760B5106,30219.316497802734,-953983343,0xC7235E91,-14556.630599975586,-63220576,0xFC3B54A0,-964.66943359375
315,3,7,4,-632655132,0xDA4A72E4,-9653.551208496094,1093809410,0x41323502,16690.207061767578,4823189,0x00499895,73.59602355957031
316,4,7,4,137074487,0x082B9737,2091.5906829833984,820198975,0x30E33E3F,12515.243148803711,42370753,0x028686C1,646.5263824462891
317,5,7,4,351260446,0x14EFCF1E,5359.809051513672,-1038513649,0xC2198A0F,-15846.460708618164,2246994,0x00224952,34.286407470703125
318,6,7,4,826936854,0x314A0E16,12618.05502319336,669266179,0x27E43103,10212.191452026367,16678330,0x00FE7DBA,254.49111938476562
319,7,7,4,1069186607,0x3FBA7E2F,16314.492904663086,1355735420,0x50CEE17C,20686.880798339844,-73019822,0xFBA5CE52,-1114.1940612792969
320,0,0,5,-2108640620,0x8250B294,-32175.30242919922,697110390,0x298D0F76,10637.06039428711,2456061,0x002579FD,37.47651672363281
321,1,0,5,1005388493,0x3BED02CD,15341.010940551758,-358483520,0xEAA1F9C0,-5470.0244140625,24018800,0x016E7F70,366.497802734375
322,2,0,5,1297291062,0x4D531736,19795.09066772461,-2081256886,0x83F28A4A,-31757.45980834961,53213202,0x032BF812,811.9690246582031
323,3,0,5,776674837,0x2E4B1E15,11851.11750793457,2049293700,0x7A25BD84,31269.740295410156,42817416,0x028D5788,653.3419189453125
324,4,0,5,1771482742,0x6996AE76,27030.68148803711,902014535,0x35C3A647,13763.649520874023,-10621452,0xFF5DEDF4,-162.07049560546875
325,5,0,5,2105648340,0x7D81A4D4,32129.64385986328,1901213228,0x7152362C,29010.21160888672,48518821,0x02E456A5,740.3384552001953
326,6,0,5,-346335662,0xEB5B5652,-5284.662811279297,776045257,0x2E4182C9,11841.510879516602,-1008452,0xFFF09CBC,-15.38775634765625
327,7,0,5,-1134114758,0xBC66C83A,-17305.217864990234,-572119199,0xDDE62761,-8729.846176147461,-5987176,0xFFA4A498,-91.3570556640625
328,0,1,5,-421035618,0xE6E7819E,-6424.493682861328,426769909,0x196FFDF5,6511.99201965332,-30517277,0xFE2E57E3,-465.6566925048828
329,1,1,5,175058653,0x0A6F2EDD,2671.183059692383,1938870283,0x7390D00B,29584.81266784668,28599056,0x01B46310,436.386962890625
330,2,1,5,-1617593392,0x9F957BD0,-24682.516357421875,-285374256,0xEEFD88D0,-4354.465576171875,21947596,0x014EE4CC,334.89373779296875
331,3,1,5,-1752891631,0x9784FF11,-26747.003646850586,-140120398,0xF7A5EEB2,-2138.067596435547,-49006108,0xFD1439E4,-747.7738647460938
332,4,1,5,220198497,0x0D1FF661,3359.962417602539,-1837612504,0x92784228,-28039.741577148438,7474418,0x00720CF2,114.05056762695312
333,5,1,5,-78540304,0xFB5191F0,-1198.429931640625,-1840811694,0x92477152,-28088.557342529297,-16968350,0xFEFD1562,-258.9164733886719
334,6,1,5,-1866070488,0x90C60628,-28473.975952148438,-594779045,0xDC8C645B,-9075.607986450195,-36016515,0xFDDA6E7D,-549.5684051513672
335,7,1,5,601171415,0x23D525D7,9173.147811889648,1721030290,0x6694D692,26260.838165283203,19439391,0x01289F1F,296.62156677246094
336,0,2,5,408366560,0x18572DE0,6231.17919921875,828521481,0x31623C09,12642.234512329102,55865574,0x035470E6,852.4410095214844
337,1,2,5,718191810,0x2ACEBCC2,10958.737335205078,1102122567,0x41B10E47,16817.055770874023,25810749,0x0189D73D,393.8407745361328
338,2,2,5,-1823652536,0x934D4548,-27826.729370117188,-905701189,0xCA0418BB,-13819.903396606445,21708030,0x014B3CFE,331.2382507324219
339,3,2,5,-1080223156,0xBF9D1A4C,-16482.89727783203,1914409029,0x721B9045,29211.563552856445,12567166,0x00BFC27E,191.75973510742188
340,4,2,5,-981436783,0xC5807691,-14975.536849975586,-583946810,0xDD31ADC6,-8910.321197509766,29831094,0x01C72FB6,455.1863708496094
341,5,2,5,-818104627,0xCF3CB6CD,-12483.285934448242,1883216918,0x703F9C16,28735.60971069336,-14111553,0xFF28ACBF,-215.32521057128906
342,6,2,5,-1982072411,0x89DBF9A5,-30244.024826049805,-204611597,0xF3CDDFF3,-3122.125198364258,-20417914,0xFEC87286,-311.5526428222656
343,7,2,5,-531584328,0xE050AAB8,-8111.3331298828125,-881946203,0xCB6E91A5,-13457.431076049805,-29473308,0xFE3E45E4,-449.72698974609375
344,0,3,5,1483514180,0x586CA144,22636.629943847656,-802046400,0xD031BE40,-12238.2568359375,32962540,0x01F6F7EC,502.96844482421875
345,1,3,5,1375872915,0x52022793,20994.154586791992,-1280838071,0xB3A7F649,-19544.0379486084,42395247,0x0286E66F,646.9001312255859
346,2,3,5,-1254511801,0xB539AB47,-19142.330947875977,-1206759055,0xB8125171,-18413.681869506836,32359657,0x01EDC4E9,493.76918029785156
347,3,3,5,951363038,0x38B4A5DE,14516.647918701172,-1777873828,0x9607CC5C,-27128.201721191406,-6705989,0xFF99ACBB,-102.32527160644531
348,4,3,5,-1318620746,0xB16771B6,-20120.55581665039,-1372146101,0xAE36B64B,-20937.28791809082,792720,0x000C1890,12.095947265625
349,5,3,5,191219380,0x0B65C6B4,2917.7761840820312,1879657007,0x70094A2F,28681.289779663086,-66035631,0xFC106051,-1007.6237640380859
350,6,3,5,-1725406297,0x992863A7,-26327.610733032227,2072227671,0x7B83AF57,31619.68492126465,3494930,0x00355412,53.328399658203125
351,7,3,5,1463256993,0x573787A1,22327.52980041504,550565971,0x20D0F853,8400.970016479492,67374276,0x04040CC4,1028.0498657226562
352,0,4,5,-1560594749,0xA2FB36C3,-23812.786087036133,991134279,0x3B138247,15123.508895874023,42330004,0x0285E794,645.9046020507812
353,1,4,5,-1217302865,0xB7716EAF,-18574.567642211914,436826280,0x1A0970A8,6665.4400634765625,39234540,0x0256ABEC,598.6715698242188
354,2,4,5,-1825181775,0x9335EFB1,-27850.063705444336,-694423520,0xD69BF020,-10596.06201171875,18638972,0x011C687C,284.40814208984375
355,3,4,5,1653682102,0x62912FB6,25233.18637084961,-1135541920,0xBC510160,-17326.99462890625,-6634287,0xFF9AC4D1,-101.23118591308594
356,4,4,5,251585104,0x0EFEE250,3838.884033203125,1092690747,0x4121233B,16673.137619018555,9085093,0x008AA0A5,138.6275177001953
357,5,4,5,-1458872152,0xA90B60A8,-22260.622436523438,-120415715,0xF8D29A1D,-1837.3979949951172,-6224231,0xFFA10699,-94.97422790527344
358,6,4,5,-766397936,0xD251B210,-11694.304443359375,1961120740,0x74E453E4,29924.327697753906,29854098,0x01C78992,455.5373840332031
359,7,4,5,-2141100006,0x8061681A,-32670.593353271484,154696296,0x09387A68,2360.4781494140625,20107636,0x0132D174,306.81817626953125
360,0,5,5,2101876321,0x7D481661,32072.08741760254,-850253136,0xCD522AB0,-12973.833251953125,-20156891,0xFECC6E25,-307.5697479248047
361,1,5,5,1922080027,0x72909D1B,29328.613693237305,261420731,0x0F94F6BB,3988.9637908935547,25758129,0x018909B1,393.03785705566406
362,2,5,5,-1508013269,0xA61D8B2B,-23010.45637512207,-128959437,0xF8503C33,-1967.7648468017578,-26284119,0xFE6EEFA9,-401.06382751464844
363,3,5,5,-1183922771,0xB96EC5AD,-18065.227828979492,149105750,0x08E32C56,2275.1731872558594,18709701,0x011D7CC5,285.4873809814453
364,4,5,5,1408684318,0x53F6D11E,21494.816864013672,1002932327,0x3BC78867,15303.532821655273,56041816,0x03572158,855.1302490234375
365,5,5,5,-1937585292,0x8C82CB74,-29565.20526123047,-1710759336,0x9A07E258,-26104.115844726562,33191573,0x01FA7695,506.4632110595703
366,6,5,5,-1255110619,0xB5308825,-19151.468185424805,307140924,0x124E993C,4686.598571777344,-33619125,0xFDFF034B,-512.9871368408203
367,7,5,5,1078890725,0x404E90E5,16462.565994262695,1790517253,0x6AB92005,27321.125076293945,37149687,0x0236DBF7,566.8592376708984
368,0,6,5,-632495962,0xDA4CE0A6,-9651.122467041016,-1207055728,0xB80DCA90,-18418.208740234375,21220978,0x0143CE72,323.8064270019531
369,1,6,5,-1126867307,0xBCD55E95,-17194.63053894043,-88615233,0xFAB7D6BF,-1352.161148071289,75968220,0x04872EDC,1159.1830444335938
370,2,6,5,-1102013571,0xBE509B7D,-16815.392623901367,412647868,0x189881BC,6296.506774902344,6602835,0x0064C053,100.75126647949219
371,3,6,5,1457643515,0x56E1DFFB,22241.874923706055,1240826888,0x49F58408,18933.515747070312,-32519555,0xFE0FCA7D,-496.2090301513672
372,4,6,5,25825693,0x018A119D,394.0688018798828,-213296350,0xF3495B22,-3254.644012451172,-61898903,0xFC4F7F69,-944.5023040771484
373,5,6,5,-529435722,0xE07173B6,-8078.548004150391,-483782552,0xE32A1068,-7381.9359130859375,-40967319,0xFD8EE369,-625.1116790771484
374,6,6,5,603812174,0x23FD714E,9213.442596435547,259580977,0x0F78E431,3960.891372680664,-29104821,0xFE43E54B,-444.1043243408203
375,7,6,5,1381195548,0x52535F1C,21075.371520996094,1665365388,0x6343758C,25411.45916748047,-3234870,0xFFCEA3CA,-49.360198974609375
376,0,7,5,1538587022,0x5BB4F98E,23476.974822998047,1402156919,0x53933777,21395.2166595459,57042986,0x0366682A,870.4068908691406
377,1,7,5,-995281556,0xC4AD356C,-15186.791320800781,1989441330,0x76947732,30356.465606689453,-32312690,0xFE12F28E,-493.0525207519531
378,2,7,5,-1282105484,0xB3949F74,-19563.37713623047,-1821984087,0x9366BAA9,-27801.27085876465,39201429,0x02562A95,598.1663360595703
379,3,7,5,-552954861,0xDF0A9413,-8437.421585083008,888303043,0x34F26DC3,13554.428756713867,-4785535,0xFFB6FA81,-73.02146911621094
380,4,7,5,-610876993,0xDB96C1BF,-9321.243179321289,1688641827,0x64A6A123,25766.629440307617,9968274,0x00981A92,152.10379028320312
381,5,7,5,-439366541,0xE5CFCC73,-6704.201370239258,2096597400,0x7CF78998,31991.537475585938,27470341,0x01A32A05,419.1641387939453
382,6,7,5,-422974925,0xE6C9EA33,-6454.085159301758,21538117,0x0148A545,328.6455841064453,-1282506,0xFFEC6E36,-19.569488525390625
383,7,7,5,469561941,0x1BFCF255,7164.94660949707,-2108962330,0x824BC9E6,-32180.211334228516,-20277989,0xFECA951B,-309.4175567626953
384,0,0,6,-1007348115,0xC3F5166D,-15370.912399291992,-1196620380,0xB8AD05A4,-18258.977966308594,28611590,0x01B49406,436.5782165527344
385,1,0,6,1429687572,0x55374D14,21815.30108642578,144155532,0x0897A38C,2199.6388549804688,45611074,0x02B7F842,695.9697570800781
386,2,0,6,-1079131376,0xBFADC310,-16466.238037109375,921380027,0x36EB24BB,14059.143478393555,-3214520,0xFFCEF348,-49.0496826171875
387,3,0,6,-429819773,0xE6617883,-6558.529251098633,1702160269,0x6574E78D,25972.904495239258,3873729,0x003B1BC1,59.10841369628906
388,4,0,6,-1060058014,0xC0D0CC62,-16175.201629638672,-1421461191,0xAB463939,-21689.776473999023,-23093586,0xFE9F9EAE,-352.3801574707031
389,5,0,6,-1554945704,0xA3516958,-23726.588500976562,-1056227141,0xC10B40BB,-16116.747146606445,-14298735,0xFF25D191,-218.18138122558594
390,6,0,6,449675208,0x1ACD7FC8,6861.4991455078125,1475818842,0x57F7355A,22519.208404541016,-24154423,0xFE8F6EC9,-368.56724548339844
391,7,0,6,-953953526,0xC723D30A,-14556.17562866211,533627590,0x1FCE82C6,8142.510833740234,-61546525,0xFC54DFE3,-939.1254425048828
392,0,1,6,-82405452,0xFB1697B4,-1257.4074096679688,-1797229627,0x94E073C5,-27423.547775268555,-53199997,0xFCD43B83,-811.7675323486328
393,1,1,6,-1787827876,0x956FE95C,-27280.088439941406,22653645,0x0159AACD,345.6671905517578,-44443227,0xFD59D9A5,-678.1498260498047
394,2,1,6,-899475292,0xCA6318A4,-13724.903747558594,1310304376,0x4E19A878,19993.658081054688,39355456,0x02588440,600.5166015625
395,3,1,6,1258411746,0x4B01D6E2,19201.839385986328,278299152,0x10968210,4246.508056640625,-36589588,0xFDD1AFEC,-558.3128051757812
396,4,1,6,960915262,0x3946673E,14662.403289794922,-1909301898,0x8E325D76,-29133.63491821289,-20422070,0xFEC8624A,-311.6160583496094
397,5,1,6,38214386,0x02471AF2,583.1052551269531,1902312867,0x7162FDA3,29026.990768432617,53184826,0x032B893A,811.5360412597656
398,6,1,6,-2082956437,0x83D89B6B,-31783.39289855957,-507854271,0xE1BAC241,-7749.241195678711,1106019,0x0010E063,16.876510620117188
399,7,1,6,1764670677,0x692EBCD5,26926.73762512207,138244571,0x083D71DB,2109.4447479248047,-11880919,0xFF4AB629,-181.28843688964844
400,0,2,6,163179652,0x09B9EC84,2489.9238891601562,1220703693,0x48C275CD,18626.460159301758,39062049,0x02540A21,596.0395660400391
401,1,2,6,-1600551709,0xA09984E3,-24422.480911254883,2065495034,0x7B1CF3FA,31516.953033447266,-4722198,0xFFB7F1EA,-72.05502319335938
402,2,2,6,-173610582,0xF5A6E9AA,-2649.0872497558594,876677021,0x3441079D,13377.029739379883,6521631,0x0063831F,99.51219177246094
403,3,2,6,1434373942,0x557ECF36,21886.80941772461,1294693825,0x4D2B75C1,19755.45997619629,-13586876,0xFF30AE44,-207.31927490234375
404,4,2,6,714382392,0x2A949C38,10900.610229492188,76499319,0x048F4977,1167.2869720458984,-2535648,0xFFD94F20,-38.69091796875
405,5,2,6,1411650592,0x54241420,21540.07861328125,-1847002868,0x91E8F90C,-28183.02716064453,-10307967,0xFF62B681,-157.28709411621094
406,6,2,6,-864048361,0xCC7FAB17,-13184.331680297852,-1320583530,0xB1497E96,-20150.50552368164,-21029485,0xFEBF1D93,-320.8844757080078
407,7,2,6,1188427527,0x46D5F707,18133.964950561523,-630451136,0xDA6C1440,-9619.9208984375,22707602,0x015A7D92,346.4905090332031
408,0,3,6,-788216413,0xD104C5A3,-12027.227981567383,-638321031,0xD9F3FE79,-9740.005966186523,22757660,0x015B411C,347.25433349609375
409,1,3,6,-93812697,0xFA688827,-1431.4681549072266,-1855095083,0x916D7ED5,-28306.50456237793,-32323525,0xFE12C83B,-493.2178497314453
410,2,3,6,-974560736,0xC5E96220,-14870.61669921875,-1477330881,0xA7F1B83F,-22542.28028869629,39251695,0x0256EEEF,598.9333343505859
411,3,3,6,1657080906,0x62C50C4A,25285.04800415039,258077337,0x0F61F299,3937.9476470947266,-10274232,0xFF633A48,-156.7723388671875
412,4,3,6,-733405862,0xD4491D5A,-11190.885345458984,-1352658194,0xAF6012EE,-20639.926055908203,-56006449,0xFCA968CF,-854.5905914306641
413,5,3,6,-78549843,0xFB516CAD,-1198.5754852294922,-813887822,0xCF7D0EB2,-12418.942596435547,-8701436,0xFF7B3A04,-132.77337646484375
414,6,3,6,-1223891530,0xB70CE5B6,-18675.10269165039,805497548,0x3002EACC,12290.917175292969,55151603,0x03498BF3,841.5466766357422
415,7,3,6,1259155469,0x4B0D300D,19213.187698364258,1272749747,0x4BDC9EB3,19420.619918823242,-12707065,0xFF3E1B07,-193.89442443847656
416,0,4,6,1439762519,0x55D10857,21969.03257751465,1793027985,0x6ADF6F91,27359.435806274414,-47770336,0xFD271520,-728.91748046875
417,1,4,6,854408351,0x32ED3C9F,13037.236801147461,-234786929,0xF2016F8F,-3582.564224243164,-16910540,0xFEFDF734,-258.03436279296875
418,2,4,6,-626973208,0xDAA125E8,-9566.851928710938,-101488465,0xF9F368AF,-1548.591079711914,-25897285,0xFE74D6BB,-395.1612091064453
419,3,4,6,-1965744758,0x8AD51D8A,-29994.88461303711,1687423575,0x64940A57,25748.04039001465,-20111439,0xFECD1FB1,-306.87620544433594
420,4,4,6,-1262128848,0xB4C57130,-19258.557861328125,-592759484,0xDCAB3544,-9044.791931152344,-41464163,0xFD874E9D,-632.6929168701172
421,5,4,6,-535628101,0xE012F6BB,-8173.036209106445,-590468273,0xDCCE2B4F,-9009.830825805664,22267004,0x0153C47C,339.76751708984375
422,6,4,6,-1964579253,0x8AE6E64B,-29977.10041809082,1812386960,0x6C06D490,27654.830322265625,70749049,0x04378B79,1079.5448150634766
423,7,4,6,1998665652,0x772137B4,30497.21759033203,-1676132355,0x9C183FFD,-25575.750045776367,-21919506,0xFEB188EE,-334.4651184082031
424,0,5,6,1887661260,0x70836CCC,28803.42498779297,-1984459169,0x89B78E5F,-30280.44386291504,25061444,0x017E6844,382.40728759765625
425,1,5,6,1664599705,0x6337C699,25399.775772094727,1694197516,0x64FB670C,25851.40252685547,39991475,0x026238B3,610.2214813232422
426,2,5,6,1186009845,0x46B112F5,18097.07405090332,1569663989,0x5D8F2BF5,23951.17170715332,-11003200,0xFF581AC0,-167.8955078125
427,3,5,6,-768431664,0xD232A9D0,-11725.336669921875,793519740,0x2F4C267C,12108.150329589844,61441609,0x03A98649,937.5245513916016
428,4,5,6,2144660502,0x7FD4EC16,32724.92221069336,109805304,0x068B7EF8,1675.4959716796875,10919347,0x00A69DB3,166.6160125732422
429,5,5,6,1078327740,0x4045F9BC,16453.975524902344,-2057437255,0x855DFFB9,-31394.001083374023,-23835097,0xFE944E27,-363.69471740722656
430,6,5,6,1834227009,0x6D541541,27988.08302307129,-707057399,0xD5DB2909,-10788.839706420898,65595703,0x03E8E937,1000.9109954833984
431,7,5,6,-1849008688,0x91CA5DD0,-28213.633544921875,702287506,0x29DC0E92,10716.056915283203,-913382,0xFFF2101A,-13.937103271484375
432,0,6,6,1565199427,0x5D4B0C43,23883.047897338867,-861754371,0xCCA2ABFD,-13149.328170776367,-17740464,0xFEF14D50,-270.697998046875
433,1,6,6,-1588610666,0xA14FB996,-24240.27505493164,1235365389,0x49A22E0D,18850.179885864258,-54952471,0xFCB97DE9,-838.5081634521484
434,2,6,6,967121032,0x39A51888,14757.095825195312,2147389470,0x7FFE901E,32766.562957763672,-41147567,0xFD8C2351,-627.8620452880859
435,3,6,6,2108270752,0x7DA9A8A0,32169.65869140625,602576302,0x23EA95AE,9194.584686279297,-37371488,0xFDC5C1A0,-570.24365234375
436,4,6,6,1104806922,0x41DA040A,16858.01577758789,-1188216191,0xB92D4281,-18130.74021911621,21496928,0x01480460,328.01708984375
437,5,6,6,987965305,0x3AE32779,15075.154190063477,79920843,0x04C37ECB,1219.4952850341797,-25035717,0xFE81FC3B,-382.0147247314453
438,6,6,6,763784547,0x2D866D63,11654.427291870117,977591173,0x3A44DB85,14916.857498168945,-39571803,0xFDA42EA5,-603.8177947998047
439,7,6,6,-1271231782,0xB43A8ADA,-19397.457611083984,338886111,0x1432FDDF,5170.991683959961,-11673195,0xFF4DE195,-178.1188201904297
440,0,7,6,-905983741,0xC9FFC903,-13824.214797973633,392562061,0x1766058D,5990.021682739258,50713275,0x0305D2BB,773.8231658935547
441,1,7,6,-1144774488,0xBBC420A8,-17467.872436523438,196077750,0x0BAFE8B6,2991.9090270996094,45206121,0x02B1CA69,689.7906646728516
442,2,7,6,896048838,0x35689EC6,13672.620208740234,727591357,0x2B5E29BD,11102.163040161133,-53416047,0xFCD0EF91,-815.0641937255859
443,3,7,6,1208164307,0x48031FD3,18435.124313354492,294270915,0x118A37C3,4490.217819213867,25555140,0x0185F0C4,389.94049072265625
444,4,7,6,558624935,0x214BF0A7,8523.940048217773,172226273,0x0A43F6E1,2627.964370727539,-31485845,0xFE1F906B,-480.4358673095703
445,5,7,6,-749420631,0xD354BFA9,-11435.251327514648,-1219871567,0xB74A3CB1,-18613.762924194336,-67942519,0xFBF34789,-1036.7205657958984
446,6,7,6,1301998235,0x4D9AEA9B,19866.916427612305,1461180505,0x5717D859,22295.845108032227,-877679,0xFFF29B91,-13.392318725585938
447,7,7,6,866287239,0x33A27E87,13218.494247436523,-141086575,0xF7973091,-2152.810287475586,-23154220,0xFE9EB1D4,-353.30535888671875
448,0,0,7,1643671349,0x61F86F35,25080.43440246582,784872070,0x2EC83286,11976.197357177734,-26927325,0xFE651F23,-410.8783721923828
449,1,0,7,1890202539,0x70AA33AB,28842.20182800293,974628776,0x3A17A7A8,14871.654907226562,48071165,0x02DD81FD,733.5077667236328
450,2,0,7,-1323563519,0xB11C0601,-20195.97654724121,-1465502610,0xA8A6346E,-22361.795196533203,-65234287,0xFC1C9A91,-995.3962249755859
451,3,0,7,-977015352,0xC5C3EDC8,-14908.071166992188,-1102782486,0xBE44DFEA,-16827.12533569336,-13351361,0xFF34463F,-203.72560119628906
452,4,0,7,475665544,0x1C5A1488,7258.0802001953125,1400274015,0x53767C5F,21366.48582458496,-53125706,0xFCD55DB6,-810.6339416503906
453,5,0,7,2100178688,0x7D2E2F00,32046.18359375,-1592820113,0xA10F7E6F,-24304.506118774414,46599291,0x02C70C7B,711.0487518310547
454,6,0,7,57744799,0x03711D9F,881.1157073974609,-589614370,0xDCDB32DE,-8996.801300048828,-12803263,0xFF3CA341,-195.36228942871094
455,7,0,7,1580063084,0x5E2DD96C,24109.84930419922,-126106974,0xF87BC2A2,-1924.2397155761719,14950842,0x00E421BA,228.13174438476562
456,0,1,7,-1621358255,0x9F5C0951,-24739.963607788086,-238441367,0xF1C9AC69,-3638.3265228271484,-77414604,0xFB62BF34,-1181.2531127929688
457,1,1,7,-987824675,0xC51EFDDD,-15073.008346557617,-566822327,0xDE36FA49,-8649.022323608398,-22063933,0xFEAF54C3,-336.6688995361328
458,2,1,7,-1977454173,0x8A2271A3,-30173.556106567383,-1713342611,0x99E0776D,-26143.533493041992,6666825,0x0065BA49,101.72767639160156
459,3,1,7,608969612,0x244C238C,9292.138854980469,1252613627,0x4AA95DFB,19113.367111206055,-39110635,0xFDAB3815,-596.7809295654297
460,4,1,7,-1597017019,0xA0CF7445,-24368.545822143555,-81495321,0xFB247AE7,-1243.5199127197266,-17919096,0xFEEE9388,-273.4237060546875
461,5,1,7,-1139079226,0xBC1B07C6,-17380.969635009766,-1913151436,0x8DF7A034,-29192.37420654297,-51130520,0xFCF3CF68,-780.1898193359375
462,6,1,7,-1162152832,0xBABAF480,-17733.044921875,-1511785409,0xA5E3FC3F,-23068.01466369629,44540038,0x02A7A086,679.6270446777344
463,7,1,7,1473924136,0x57DA4C28,22490.297485351562,-926091392,0xC8CCF780,-14131.033203125,-647597,0xFFF61E53,-9.881546020507812
464,0,2,7,885393033,0x34C60689,13510.025527954102,578485246,0x227AFBFE,8826.984344482422,-33691793,0xFDFDE76F,-514.0959625244141
465,1,2,7,499376277,0x1DC3E095,7619.87727355957,-1185977781,0xB94F6A4B,-18096.58479309082,-2427300,0xFFDAF65C,-37.03765869140625
466,2,2,7,2145248817,0x7FDDE631,32733.899185180664,-1623539658,0x9F3AC036,-24773.24917602539,-24409851,0xFE8B8905,-372.4647674560547
467,3,2,7,217971796,0x0CFDFC54,3325.9856567382812,2070274506,0x7B65E1CA,31589.88198852539,24455423,0x017528FF,373.16014099121094
468,4,2,7,515437989,0x1EB8F5A5,7864.959548950195,1817714064,0x6C581D90,27736.115478515625,-30241382,0xFE328D9A,-461.4468688964844
469,5,2,7,-507858381,0xE1BAB233,-7749.303909301758,-1554145907,0xA35D9D8D,-23714.384567260742,-47725039,0xFD27C611,-728.2263031005859
470,6,2,7,-1078913981,0xBFB11443,-16462.920852661133,-772175090,0xD1F98B0E,-11782.456817626953,33097441,0x01F906E1,505.02687072753906
471,7,2,7,1430366256,0x5541A830,21825.656982421875,256962570,0x0F50F00A,3920.9376525878906,-30591334,0xFE2D369A,-466.7867126464844
472,0,3,7,-1657975651,0x9D2D4C9D,-25298.700729370117,-1579161537,0xA1DFE83F,-24096.09278869629,19923954,0x013003F2,304.0154113769531
473,1,3,7,1893630200,0x70DE80F8,28894.503784179688,2058358094,0x7AB00D4E,31408.051971435547,46763304,0x02C98D28,713.5513916015625
474,2,3,7,962093716,0x39586294,14680.385070800781,868412267,0x33C2EB6B,13250.91960144043,-60175674,0xFC69CAC6,-918.2079162597656
475,3,3,7,-44670511,0xFD5661D1,-681.6179046630859,745340891,0x2C6CFFDB,11372.999435424805,67166038,0x0400DF56,1024.8724060058594
476,4,3,7,-2125501698,0x814F6AFE,-32432.582061767578,-394099934,0xE8828322,-6013.487762451172,-9068395,0xFF75A095,-138.3727264404297
477,5,3,7,-1974850008,0x8A4A2E28,-30133.819702148438,955338235,0x38F14DFB,14577.304611206055,-7644122,0xFF8B5C26,-116.64004516601562
478,6,3,7,84725506,0x050CCF02,1292.8086242675781,-1426577244,0xAAF828A4,-21767.841247558594,-58207004,0xFC87D4E4,-888.1683959960938
479,7,3,7,-850298287,0xCD517A51,-12974.522201538086,1265477884,0x4B6DA8FC,19309.660095214844,-52067227,0xFCE58465,-794.4828338623047
480,0,4,7,1069526070,0x3FBFAC36,16319.67269897461,-1545796286,0xA3DD0542,-23586.979461669922,-29520351,0xFE3D8E21,-450.44480895996094
481,1,4,7,658381030,0x273E18E6,10046.097259521484,1628639361,0x61131081,24851.06446838379,63749170,0x03CCBC32,972.7351379394531
482,2,4,7,-1881122732,0x8FE05854,-28703.65496826172,-378387905,0xE972423F,-5773.741226196289,-3860575,0xFFC517A1,-58.90769958496094
483,3,4,7,428316335,0x198796AF,6535.588607788086,295239687,0x11990007,4505.000106811523,47864711,0x02DA5B87,730.3575286865234
484,4,4,7,1097035920,0x41637090,16739.439697265625,1105830028,0x41E9A08C,16873.62713623047,5152940,0x004EA0AC,78.62762451171875
485,5,4,7,1963039127,0x75019997,29953.59996032715,951524506,0x38B71C9A,14519.111724853516,-20721324,0xFEC3D154,-316.18231201171875
486,6,4,7,1412443281,0x54302C91,21552.174087524414,1936888614,0x73729326,29554.574798583984,-37285663,0xFDC710E1,-568.9340667724609
487,7,4,7,654535763,0x27036C53,9987.423141479492,150840483,0x08FDA4A3,2301.643112182617,-73621632,0xFB9C9F80,-1123.376953125
488,0,5,7,-1483379682,0xA7956C1E,-22634.577667236328,127981354,0x07A0D72A,1952.8404846191406,52171350,0x031C1256,796.0716247558594
489,1,5,7,1030388012,0x3D6A792C,15722.473327636719,-280033125,0xEF4F089B,-4272.966384887695,49514141,0x02F3869D,755.5258331298828
490,2,5,7,-57849393,0xFC8D49CF,-882.7116851806641,1765744180,0x693F1E34,26943.11798095703,4566522,0x0045ADFA,69.67959594726562
491,3,5,7,-2037459786,0x868ED4B6,-31089.16909790039,1787800879,0x6A8FAD2F,27279.676498413086,-4680607,0xFFB89461,-71.42039489746094
492,4,5,7,-760752500,0xD2A7D68C,-11608.161926269531,-1570994471,0xA25C86D9,-23971.473251342773,-17142624,0xFEFA6CA0,-261.57568359375
493,5,5,7,856032346,0x3306045A,13062.016998291016,-1248932626,0xB58ECCEE,-19057.199493408203,12280270,0x00BB61CE,187.38204956054688
494,6,5,7,-1117187020,0xBD691434,-17046.92108154297,-935682505,0xC83A9E37,-14277.381973266602,17180366,0x010626CE,262.1515808105469
495,7,5,7,358488491,0x155E19AB,5470.10026550293,-793568739,0xD0B31A1D,-12108.897994995117,-66392310,0xFC0AEF0A,-1013.0662536621094
496,0,6,7,1367466196,0x5181E0D4,20865.87823486328,-1435499622,0xAA70039A,-21903.985931396484,-21781025,0xFEB3A5DF,-332.35206604003906
497,1,6,7,602067789,0x23E2D34D,9186.825393676758,-568669915,0xDE1AC925,-8677.214279174805,6593328,0x00649B30,100.606201171875
498,2,6,7,-2120776326,0x8197857A,-32360.478607177734,-322117572,0xECCCE03C,-4915.124084472656,9006295,0x00896CD7,137.42515563964844
499,3,6,7,1806224208,0x6BA8CB50,27560.794189453125,-1926493802,0x8D2C0996,-29395.96255493164,38194522,0x0246CD5A,582.8021545410156
500,4,6,7,-157279483,0xF6A01B05,-2399.8944549560547,-1719312229,0x9985609B,-26234.622634887695,15607990,0x00EE28B6,238.15902709960938
501,5,6,7,-1198409851,0xB891B785,-18286.283126831055,1153842237,0x44C63C3D,17606.235305786133,48137802,0x02DE864A,734.5245666503906
502,6,6,7,-427423917,0xE6860753,-6521.971389770508,1863106306,0x6F0CBF02,28428.746124267578,-33701625,0xFDFDC107,-514.2459869384766
503,7,6,7,736796810,0x2BEAA08A,11242.62710571289,-1369416453,0xAE605CFB,-20895.636795043945,-13636376,0xFF2FECE8,-208.0745849609375
504,0,7,7,-1648400038,0x9DBF695A,-25152.588470458984,970878773,0x39DE6F35,14814.43440246582,45471471,0x02B5D6EF,693.8395843505859
505,1,7,7,1224656894,0x48FEC7FE,18686.781219482422,1935776907,0x73619C8B,29537.61149597168,-33421354,0xFE0207D6,-509.9693908691406
506,2,7,7,-1104189978,0xBE2F65E6,-16848.601959228516,613645236,0x24937BB4,9363.483215332031,-49004857,0xFD143EC7,-747.7547760009766
507,3,7,7,-1128146489,0xBCC1D9C7,-17214.149307250977,1110289771,0x422DAD6B,16941.67741394043,-54449098,0xFCC12C36,-830.8273010253906
508,4,7,7,-1071421206,0xC02368EA,-16348.59017944336,-584345132,0xDD2B99D4,-8916.399108886719,-8019487,0xFF85A1E1,-122.36766052246094
509,5,7,7,317497037,0x12EC9ECD,4844.620315551758,821135839,0x30F189DF,12529.538558959961,-52915531,0xFCD892B5,-807.4269256591797
510,6,7,7,-831313779,0xCE73288D,-12684.841598510742,305010735,0x122E182F,4654.094467163086,-28177923,0xFE5209FD,-429.9609832763672
511,7,7,7,1758708695,0x68D3C3D7,26835.76499938965,705844480,0x2A125500,10770.33203125,-7755447,0xFF89A949,-118.33872985839844
