site,x,y,z,reference_psi,hardware_psi,reference_density,hardware_density,density_error
0,0,0,0,-10898.829116821289,-10898.8291168213,118784476.11767152,118784476.11767176,2.384185791015625e-07
1,1,0,0,-32359.947479248047,-32359.947479248,1047166200.859692,1047166200.859689,-2.9802322387695312e-06
2,2,0,0,22099.200393676758,22099.200393676801,488374658.03988296,488374658.03988492,1.9669532775878906e-06
3,3,0,0,-21148.107482910156,-21148.1074829102,447242450.10872054,447242450.10872239,1.8477439880371094e-06
4,4,0,0,-16972.168395996094,-16972.168395996101,288054500.06204861,288054500.06204885,2.384185791015625e-07
5,5,0,0,-21148.107482910156,-21148.1074829102,447242450.10872054,447242450.10872239,1.8477439880371094e-06
6,6,0,0,22099.200393676758,22099.200393676801,488374658.03988296,488374658.03988492,1.9669532775878906e-06
7,7,0,0,-32359.947479248047,-32359.947479248,1047166200.859692,1047166200.859689,-2.9802322387695312e-06
8,0,1,0,-32359.947479248047,-32359.947479248,1047166200.859692,1047166200.859689,-2.9802322387695312e-06
9,1,1,0,19.8687744140625,19.868774414099999,394.76819671690464,394.76819671839473,1.4900933820172213e-09
10,2,1,0,-26147.801116943359,-26147.801116943399,683707503.2512244,683707503.25122654,2.1457672119140625e-06
11,3,1,0,20273.138610839844,20273.1386108398,411000149.13432527,411000149.13432348,-1.7881393432617188e-06
12,4,1,0,12759.901458740234,12759.9014587402,162815085.23676115,162815085.23676029,-8.6426734924316406e-07
13,5,1,0,20273.138610839844,20273.1386108398,411000149.13432527,411000149.13432348,-1.7881393432617188e-06
14,6,1,0,-26147.801116943359,-26147.801116943399,683707503.2512244,683707503.25122654,2.1457672119140625e-06
15,7,1,0,19.8687744140625,19.868774414099999,394.76819671690464,394.76819671839473,1.4900933820172213e-09
16,0,2,0,22099.200393676758,22099.200393676801,488374658.03988296,488374658.03988492,1.9669532775878906e-06
17,1,2,0,-26147.801116943359,-26147.801116943399,683707503.2512244,683707503.25122654,2.1457672119140625e-06
18,2,2,0,-7116.3410491943359,-7116.3410491942996,50642309.928448342,50642309.928447828,-5.1409006118774414e-07
19,3,2,0,4561.9954986572266,4561.9954986572002,20811802.929768797,20811802.929768555,-2.4214386940002441e-07
20,4,2,0,-2641.2630157470703,-2641.2630157470999,6976270.3183533084,6976270.3183534648,1.5646219253540039e-07
21,5,2,0,4561.9954986572266,4561.9954986572002,20811802.929768797,20811802.929768555,-2.4214386940002441e-07
22,6,2,0,-7116.3410491943359,-7116.3410491942996,50642309.928448342,50642309.928447828,-5.1409006118774414e-07
23,7,2,0,-26147.801116943359,-26147.801116943399,683707503.2512244,683707503.25122654,2.1457672119140625e-06
24,0,3,0,-21148.107482910156,-21148.1074829102,447242450.10872054,447242450.10872239,1.8477439880371094e-06
25,1,3,0,20273.138610839844,20273.1386108398,411000149.13432527,411000149.13432348,-1.7881393432617188e-06
26,2,3,0,4561.9954986572266,4561.9954986572002,20811802.929768797,20811802.929768555,-2.4214386940002441e-07
27,3,3,0,-19757.553680419922,-19757.5536804199,390360927.4346748,390360927.43467396,-8.3446502685546875e-07
28,4,3,0,23305.586837768555,23305.586837768598,543150377.85277092,543150377.85277295,2.0265579223632812e-06
29,5,3,0,-19757.553680419922,-19757.5536804199,390360927.4346748,390360927.43467396,-8.3446502685546875e-07
30,6,3,0,4561.9954986572266,4561.9954986572002,20811802.929768797,20811802.929768555,-2.4214386940002441e-07
31,7,3,0,20273.138610839844,20273.1386108398,411000149.13432527,411000149.13432348,-1.7881393432617188e-06
32,0,4,0,-16972.168395996094,-16972.168395996101,288054500.06204861,288054500.06204885,2.384185791015625e-07
33,1,4,0,12759.901458740234,12759.9014587402,162815085.23676115,162815085.23676029,-8.6426734924316406e-07
34,2,4,0,-2641.2630157470703,-2641.2630157470999,6976270.3183533084,6976270.3183534648,1.5646219253540039e-07
35,3,4,0,23305.586837768555,23305.586837768598,543150377.85277092,543150377.85277295,2.0265579223632812e-06
36,4,4,0,19370.363647460938,19370.363647460901,375210987.83487618,375210987.83487481,-1.3709068298339844e-06
37,5,4,0,23305.586837768555,23305.586837768598,543150377.85277092,543150377.85277295,2.0265579223632812e-06
38,6,4,0,-2641.2630157470703,-2641.2630157470999,6976270.3183533084,6976270.3183534648,1.5646219253540039e-07
39,7,4,0,12759.901458740234,12759.9014587402,162815085.23676115,162815085.23676029,-8.6426734924316406e-07
40,0,5,0,-21148.107482910156,-21148.1074829102,447242450.10872054,447242450.10872239,1.8477439880371094e-06
41,1,5,0,20273.138610839844,20273.1386108398,411000149.13432527,411000149.13432348,-1.7881393432617188e-06
42,2,5,0,4561.9954986572266,4561.9954986572002,20811802.929768797,20811802.929768555,-2.4214386940002441e-07
43,3,5,0,-19757.553680419922,-19757.5536804199,390360927.4346748,390360927.43467396,-8.3446502685546875e-07
44,4,5,0,23305.586837768555,23305.586837768598,543150377.85277092,543150377.85277295,2.0265579223632812e-06
45,5,5,0,-19757.553680419922,-19757.5536804199,390360927.4346748,390360927.43467396,-8.3446502685546875e-07
46,6,5,0,4561.9954986572266,4561.9954986572002,20811802.929768797,20811802.929768555,-2.4214386940002441e-07
47,7,5,0,20273.138610839844,20273.1386108398,411000149.13432527,411000149.13432348,-1.7881393432617188e-06
48,0,6,0,22099.200393676758,22099.200393676801,488374658.03988296,488374658.03988492,1.9669532775878906e-06
49,1,6,0,-26147.801116943359,-26147.801116943399,683707503.2512244,683707503.25122654,2.1457672119140625e-06
50,2,6,0,-7116.3410491943359,-7116.3410491942996,50642309.928448342,50642309.928447828,-5.1409006118774414e-07
51,3,6,0,4561.9954986572266,4561.9954986572002,20811802.929768797,20811802.929768555,-2.4214386940002441e-07
52,4,6,0,-2641.2630157470703,-2641.2630157470999,6976270.3183533084,6976270.3183534648,1.5646219253540039e-07
53,5,6,0,4561.9954986572266,4561.9954986572002,20811802.929768797,20811802.929768555,-2.4214386940002441e-07
54,6,6,0,-7116.3410491943359,-7116.3410491942996,50642309.928448342,50642309.928447828,-5.1409006118774414e-07
55,7,6,0,-26147.801116943359,-26147.801116943399,683707503.2512244,683707503.25122654,2.1457672119140625e-06
56,0,7,0,-32359.947479248047,-32359.947479248,1047166200.859692,1047166200.859689,-2.9802322387695312e-06
57,1,7,0,19.8687744140625,19.868774414099999,394.76819671690464,394.76819671839473,1.4900933820172213e-09
58,2,7,0,-26147.801116943359,-26147.801116943399,683707503.2512244,683707503.25122654,2.1457672119140625e-06
59,3,7,0,20273.138610839844,20273.1386108398,411000149.13432527,411000149.13432348,-1.7881393432617188e-06
60,4,7,0,12759.901458740234,12759.9014587402,162815085.23676115,162815085.23676029,-8.6426734924316406e-07
61,5,7,0,20273.138610839844,20273.1386108398,411000149.13432527,411000149.13432348,-1.7881393432617188e-06
62,6,7,0,-26147.801116943359,-26147.801116943399,683707503.2512244,683707503.25122654,2.1457672119140625e-06
63,7,7,0,19.8687744140625,19.868774414099999,394.76819671690464,394.76819671839473,1.4900933820172213e-09
64,0,0,1,-24190.361221313477,-24190.361221313498,585173576.01762688,585173576.01762784,9.5367431640625e-07
65,1,0,1,-18438.532730102539,-18438.532730102499,339979489.23906261,339979489.23906112,-1.4901161193847656e-06
66,2,0,1,-27221.584808349609,-27221.584808349598,741014679.47817028,741014679.47816968,-5.9604644775390625e-07
67,3,0,1,-18705.605728149414,-18705.6057281494,349899685.65697616,349899685.65697563,-5.3644180297851562e-07
68,4,0,1,-21148.107482910156,-21148.1074829102,447242450.10872054,447242450.10872239,1.8477439880371094e-06
69,5,0,1,-18705.605728149414,-18705.6057281494,349899685.65697616,349899685.65697563,-5.3644180297851562e-07
70,6,0,1,-27221.584808349609,-27221.584808349598,741014679.47817028,741014679.47816968,-5.9604644775390625e-07
71,7,0,1,-18438.532730102539,-18438.532730102499,339979489.23906261,339979489.23906112,-1.4901161193847656e-06
72,0,1,1,-18438.532730102539,-18438.532730102499,339979489.23906261,339979489.23906112,-1.4901161193847656e-06
73,1,1,1,-7006.5960693359375,-7006.5960693359002,49092388.478833809,49092388.478833288,-5.2154064178466797e-07
74,2,1,1,-25406.57861328125,-25406.578613281199,645494236.8328402,645494236.83283758,-2.6226043701171875e-06
75,3,1,1,6304.6649017333984,6304.6649017334003,39748799.523149006,39748799.523149028,2.2351741790771484e-08
76,4,1,1,20273.138610839844,20273.1386108398,411000149.13432527,411000149.13432348,-1.7881393432617188e-06
77,5,1,1,6304.6649017333984,6304.6649017334003,39748799.523149006,39748799.523149028,2.2351741790771484e-08
78,6,1,1,-25406.57861328125,-25406.578613281199,645494236.8328402,645494236.83283758,-2.6226043701171875e-06
79,7,1,1,-7006.5960693359375,-7006.5960693359002,49092388.478833809,49092388.478833288,-5.2154064178466797e-07
80,0,2,1,-27221.584808349609,-27221.584808349598,741014679.47817028,741014679.47816968,-5.9604644775390625e-07
81,1,2,1,-25406.57861328125,-25406.578613281199,645494236.8328402,645494236.83283758,-2.6226043701171875e-06
82,2,2,1,4072.9642791748047,4072.9642791748001,16589038.019433936,16589038.019433899,-3.7252902984619141e-08
83,3,2,1,31404.849853515625,31404.8498535156,986264594.32186031,986264594.32185876,-1.5497207641601562e-06
84,4,2,1,4561.9954986572266,4561.9954986572002,20811802.929768797,20811802.929768555,-2.4214386940002441e-07
85,5,2,1,31404.849853515625,31404.8498535156,986264594.32186031,986264594.32185876,-1.5497207641601562e-06
86,6,2,1,4072.9642791748047,4072.9642791748001,16589038.019433936,16589038.019433899,-3.7252902984619141e-08
87,7,2,1,-25406.57861328125,-25406.578613281199,645494236.8328402,645494236.83283758,-2.6226043701171875e-06
88,0,3,1,-18705.605728149414,-18705.6057281494,349899685.65697616,349899685.65697563,-5.3644180297851562e-07
89,1,3,1,6304.6649017333984,6304.6649017334003,39748799.523149006,39748799.523149028,2.2351741790771484e-08
90,2,3,1,31404.849853515625,31404.8498535156,986264594.32186031,986264594.32185876,-1.5497207641601562e-06
91,3,3,1,-6068.8194274902344,-6068.8194274901998,36830569.243482895,36830569.243482478,-4.1723251342773438e-07
92,4,3,1,-19757.553680419922,-19757.5536804199,390360927.4346748,390360927.43467396,-8.3446502685546875e-07
93,5,3,1,-6068.8194274902344,-6068.8194274901998,36830569.243482895,36830569.243482478,-4.1723251342773438e-07
94,6,3,1,31404.849853515625,31404.8498535156,986264594.32186031,986264594.32185876,-1.5497207641601562e-06
95,7,3,1,6304.6649017333984,6304.6649017334003,39748799.523149006,39748799.523149028,2.2351741790771484e-08
96,0,4,1,-21148.107482910156,-21148.1074829102,447242450.10872054,447242450.10872239,1.8477439880371094e-06
97,1,4,1,20273.138610839844,20273.1386108398,411000149.13432527,411000149.13432348,-1.7881393432617188e-06
98,2,4,1,4561.9954986572266,4561.9954986572002,20811802.929768797,20811802.929768555,-2.4214386940002441e-07
99,3,4,1,-19757.553680419922,-19757.5536804199,390360927.4346748,390360927.43467396,-8.3446502685546875e-07
100,4,4,1,23305.586837768555,23305.586837768598,543150377.85277092,543150377.85277295,2.0265579223632812e-06
101,5,4,1,-19757.553680419922,-19757.5536804199,390360927.4346748,390360927.43467396,-8.3446502685546875e-07
102,6,4,1,4561.9954986572266,4561.9954986572002,20811802.929768797,20811802.929768555,-2.4214386940002441e-07
103,7,4,1,20273.138610839844,20273.1386108398,411000149.13432527,411000149.13432348,-1.7881393432617188e-06
104,0,5,1,-18705.605728149414,-18705.6057281494,349899685.65697616,349899685.65697563,-5.3644180297851562e-07
105,1,5,1,6304.6649017333984,6304.6649017334003,39748799.523149006,39748799.523149028,2.2351741790771484e-08
106,2,5,1,31404.849853515625,31404.8498535156,986264594.32186031,986264594.32185876,-1.5497207641601562e-06
107,3,5,1,-6068.8194274902344,-6068.8194274901998,36830569.243482895,36830569.243482478,-4.1723251342773438e-07
108,4,5,1,-19757.553680419922,-19757.5536804199,390360927.4346748,390360927.43467396,-8.3446502685546875e-07
109,5,5,1,-6068.8194274902344,-6068.8194274901998,36830569.243482895,36830569.243482478,-4.1723251342773438e-07
110,6,5,1,31404.849853515625,31404.8498535156,986264594.32186031,986264594.32185876,-1.5497207641601562e-06
111,7,5,1,6304.6649017333984,6304.6649017334003,39748799.523149006,39748799.523149028,2.2351741790771484e-08
112,0,6,1,-27221.584808349609,-27221.584808349598,741014679.47817028,741014679.47816968,-5.9604644775390625e-07
113,1,6,1,-25406.57861328125,-25406.578613281199,645494236.8328402,645494236.83283758,-2.6226043701171875e-06
114,2,6,1,4072.9642791748047,4072.9642791748001,16589038.019433936,16589038.019433899,-3.7252902984619141e-08
115,3,6,1,31404.849853515625,31404.8498535156,986264594.32186031,986264594.32185876,-1.5497207641601562e-06
116,4,6,1,4561.9954986572266,4561.9954986572002,20811802.929768797,20811802.929768555,-2.4214386940002441e-07
117,5,6,1,31404.849853515625,31404.8498535156,986264594.32186031,986264594.32185876,-1.5497207641601562e-06
118,6,6,1,4072.9642791748047,4072.9642791748001,16589038.019433936,16589038.019433899,-3.7252902984619141e-08
119,7,6,1,-25406.57861328125,-25406.578613281199,645494236.8328402,645494236.83283758,-2.6226043701171875e-06
120,0,7,1,-18438.532730102539,-18438.532730102499,339979489.23906261,339979489.23906112,-1.4901161193847656e-06
121,1,7,1,-7006.5960693359375,-7006.5960693359002,49092388.478833809,49092388.478833288,-5.2154064178466797e-07
122,2,7,1,-25406.57861328125,-25406.578613281199,645494236.8328402,645494236.83283758,-2.6226043701171875e-06
123,3,7,1,6304.6649017333984,6304.6649017334003,39748799.523149006,39748799.523149028,2.2351741790771484e-08
124,4,7,1,20273.138610839844,20273.1386108398,411000149.13432527,411000149.13432348,-1.7881393432617188e-06
125,5,7,1,6304.6649017333984,6304.6649017334003,39748799.523149006,39748799.523149028,2.2351741790771484e-08
126,6,7,1,-25406.57861328125,-25406.578613281199,645494236.8328402,645494236.83283758,-2.6226043701171875e-06
127,7,7,1,-7006.5960693359375,-7006.5960693359002,49092388.478833809,49092388.478833288,-5.2154064178466797e-07
128,0,0,2,13320.186721801758,13320.1867218018,177427374.30366385,177427374.30366498,1.1324882507324219e-06
129,1,0,2,-6847.1367034912109,-6847.1367034912,46883281.036296487,46883281.036296338,-1.4901161193847656e-07
130,2,0,2,25735.988235473633,25735.9882354736,662341090.45643723,662341090.45643556,-1.6689300537109375e-06
131,3,0,2,-27221.584808349609,-27221.584808349598,741014679.47817028,741014679.47816968,-5.9604644775390625e-07
132,4,0,2,22099.200393676758,22099.200393676801,488374658.03988296,488374658.03988492,1.9669532775878906e-06
133,5,0,2,-27221.584808349609,-27221.584808349598,741014679.47817028,741014679.47816968,-5.9604644775390625e-07
134,6,0,2,25735.988235473633,25735.9882354736,662341090.45643723,662341090.45643556,-1.6689300537109375e-06
135,7,0,2,-6847.1367034912109,-6847.1367034912,46883281.036296487,46883281.036296338,-1.4901161193847656e-07
136,0,1,2,-6847.1367034912109,-6847.1367034912,46883281.036296487,46883281.036296338,-1.4901161193847656e-07
137,1,1,2,-8649.0775909423828,-8649.0775909423992,74806543.17414169,74806543.174141973,2.8312206268310547e-07
138,2,1,2,7302.2888031005859,7302.2888031005996,53323421.763888188,53323421.763888389,2.0116567611694336e-07
139,3,1,2,-25406.57861328125,-25406.578613281199,645494236.8328402,645494236.83283758,-2.6226043701171875e-06
140,4,1,2,-26147.801116943359,-26147.801116943399,683707503.2512244,683707503.25122654,2.1457672119140625e-06
141,5,1,2,-25406.57861328125,-25406.578613281199,645494236.8328402,645494236.83283758,-2.6226043701171875e-06
142,6,1,2,7302.2888031005859,7302.2888031005996,53323421.763888188,53323421.763888389,2.0116567611694336e-07
143,7,1,2,-8649.0775909423828,-8649.0775909423992,74806543.17414169,74806543.174141973,2.8312206268310547e-07
144,0,2,2,25735.988235473633,25735.9882354736,662341090.45643723,662341090.45643556,-1.6689300537109375e-06
145,1,2,2,7302.2888031005859,7302.2888031005996,53323421.763888188,53323421.763888389,2.0116567611694336e-07
146,2,2,2,-3408.0501556396484,-3408.0501556395998,11614805.863355432,11614805.8633551,-3.3155083656311035e-07
147,3,2,2,4072.9642791748047,4072.9642791748001,16589038.019433936,16589038.019433899,-3.7252902984619141e-08
148,4,2,2,-7116.3410491943359,-7116.3410491942996,50642309.928448342,50642309.928447828,-5.1409006118774414e-07
149,5,2,2,4072.9642791748047,4072.9642791748001,16589038.019433936,16589038.019433899,-3.7252902984619141e-08
150,6,2,2,-3408.0501556396484,-3408.0501556395998,11614805.863355432,11614805.8633551,-3.3155083656311035e-07
151,7,2,2,7302.2888031005859,7302.2888031005996,53323421.763888188,53323421.763888389,2.0116567611694336e-07
152,0,3,2,-27221.584808349609,-27221.584808349598,741014679.47817028,741014679.47816968,-5.9604644775390625e-07
153,1,3,2,-25406.57861328125,-25406.578613281199,645494236.8328402,645494236.83283758,-2.6226043701171875e-06
154,2,3,2,4072.9642791748047,4072.9642791748001,16589038.019433936,16589038.019433899,-3.7252902984619141e-08
155,3,3,2,31404.849853515625,31404.8498535156,986264594.32186031,986264594.32185876,-1.5497207641601562e-06
156,4,3,2,4561.9954986572266,4561.9954986572002,20811802.929768797,20811802.929768555,-2.4214386940002441e-07
157,5,3,2,31404.849853515625,31404.8498535156,986264594.32186031,986264594.32185876,-1.5497207641601562e-06
158,6,3,2,4072.9642791748047,4072.9642791748001,16589038.019433936,16589038.019433899,-3.7252902984619141e-08
159,7,3,2,-25406.57861328125,-25406.578613281199,645494236.8328402,645494236.83283758,-2.6226043701171875e-06
160,0,4,2,22099.200393676758,22099.200393676801,488374658.03988296,488374658.03988492,1.9669532775878906e-06
161,1,4,2,-26147.801116943359,-26147.801116943399,683707503.2512244,683707503.25122654,2.1457672119140625e-06
162,2,4,2,-7116.3410491943359,-7116.3410491942996,50642309.928448342,50642309.928447828,-5.1409006118774414e-07
163,3,4,2,4561.9954986572266,4561.9954986572002,20811802.929768797,20811802.929768555,-2.4214386940002441e-07
164,4,4,2,-2641.2630157470703,-2641.2630157470999,6976270.3183533084,6976270.3183534648,1.5646219253540039e-07
165,5,4,2,4561.9954986572266,4561.9954986572002,20811802.929768797,20811802.929768555,-2.4214386940002441e-07
166,6,4,2,-7116.3410491943359,-7116.3410491942996,50642309.928448342,50642309.928447828,-5.1409006118774414e-07
167,7,4,2,-26147.801116943359,-26147.801116943399,683707503.2512244,683707503.25122654,2.1457672119140625e-06
168,0,5,2,-27221.584808349609,-27221.584808349598,741014679.47817028,741014679.47816968,-5.9604644775390625e-07
169,1,5,2,-25406.57861328125,-25406.578613281199,645494236.8328402,645494236.83283758,-2.6226043701171875e-06
170,2,5,2,4072.9642791748047,4072.9642791748001,16589038.019433936,16589038.019433899,-3.7252902984619141e-08
171,3,5,2,31404.849853515625,31404.8498535156,986264594.32186031,986264594.32185876,-1.5497207641601562e-06
172,4,5,2,4561.9954986572266,4561.9954986572002,20811802.929768797,20811802.929768555,-2.4214386940002441e-07
173,5,5,2,31404.849853515625,31404.8498535156,986264594.32186031,986264594.32185876,-1.5497207641601562e-06
174,6,5,2,4072.9642791748047,4072.9642791748001,16589038.019433936,16589038.019433899,-3.7252902984619141e-08
175,7,5,2,-25406.57861328125,-25406.578613281199,645494236.8328402,645494236.83283758,-2.6226043701171875e-06
176,0,6,2,25735.988235473633,25735.9882354736,662341090.45643723,662341090.45643556,-1.6689300537109375e-06
177,1,6,2,7302.2888031005859,7302.2888031005996,53323421.763888188,53323421.763888389,2.0116567611694336e-07
178,2,6,2,-3408.0501556396484,-3408.0501556395998,11614805.863355432,11614805.8633551,-3.3155083656311035e-07
179,3,6,2,4072.9642791748047,4072.9642791748001,16589038.019433936,16589038.019433899,-3.7252902984619141e-08
180,4,6,2,-7116.3410491943359,-7116.3410491942996,50642309.928448342,50642309.928447828,-5.1409006118774414e-07
181,5,6,2,4072.9642791748047,4072.9642791748001,16589038.019433936,16589038.019433899,-3.7252902984619141e-08
182,6,6,2,-3408.0501556396484,-3408.0501556395998,11614805.863355432,11614805.8633551,-3.3155083656311035e-07
183,7,6,2,7302.2888031005859,7302.2888031005996,53323421.763888188,53323421.763888389,2.0116567611694336e-07
184,0,7,2,-6847.1367034912109,-6847.1367034912,46883281.036296487,46883281.036296338,-1.4901161193847656e-07
185,1,7,2,-8649.0775909423828,-8649.0775909423992,74806543.17414169,74806543.174141973,2.8312206268310547e-07
186,2,7,2,7302.2888031005859,7302.2888031005996,53323421.763888188,53323421.763888389,2.0116567611694336e-07
187,3,7,2,-25406.57861328125,-25406.578613281199,645494236.8328402,645494236.83283758,-2.6226043701171875e-06
188,4,7,2,-26147.801116943359,-26147.801116943399,683707503.2512244,683707503.25122654,2.1457672119140625e-06
189,5,7,2,-25406.57861328125,-25406.578613281199,645494236.8328402,645494236.83283758,-2.6226043701171875e-06
190,6,7,2,7302.2888031005859,7302.2888031005996,53323421.763888188,53323421.763888389,2.0116567611694336e-07
191,7,7,2,-8649.0775909423828,-8649.0775909423992,74806543.17414169,74806543.174141973,2.8312206268310547e-07
192,0,0,3,25669.653594970703,25669.653594970699,658931115.68579233,658931115.68579221,-1.1920928955078125e-07
193,1,0,3,-27221.303619384766,-27221.303619384798,740999370.73873019,740999370.73873198,1.7881393432617188e-06
194,2,0,3,-6847.1367034912109,-6847.1367034912,46883281.036296487,46883281.036296338,-1.4901161193847656e-07
195,3,0,3,-18438.532730102539,-18438.532730102499,339979489.23906261,339979489.23906112,-1.4901161193847656e-06
196,4,0,3,-32359.947479248047,-32359.947479248,1047166200.859692,1047166200.859689,-2.9802322387695312e-06
197,5,0,3,-18438.532730102539,-18438.532730102499,339979489.23906261,339979489.23906112,-1.4901161193847656e-06
198,6,0,3,-6847.1367034912109,-6847.1367034912,46883281.036296487,46883281.036296338,-1.4901161193847656e-07
199,7,0,3,-27221.303619384766,-27221.303619384798,740999370.73873019,740999370.73873198,1.7881393432617188e-06
200,0,1,3,-27221.303619384766,-27221.303619384798,740999370.73873019,740999370.73873198,1.7881393432617188e-06
201,1,1,3,15474.473281860352,15474.473281860401,239459323.35100988,239459323.3510114,1.5199184417724609e-06
202,2,1,3,-8649.0775909423828,-8649.0775909423992,74806543.17414169,74806543.174141973,2.8312206268310547e-07
203,3,1,3,-7006.5960693359375,-7006.5960693359002,49092388.478833809,49092388.478833288,-5.2154064178466797e-07
204,4,1,3,19.8687744140625,19.868774414099999,394.76819671690464,394.76819671839473,1.4900933820172213e-09
205,5,1,3,-7006.5960693359375,-7006.5960693359002,49092388.478833809,49092388.478833288,-5.2154064178466797e-07
206,6,1,3,-8649.0775909423828,-8649.0775909423992,74806543.17414169,74806543.174141973,2.8312206268310547e-07
207,7,1,3,15474.473281860352,15474.473281860401,239459323.35100988,239459323.3510114,1.5199184417724609e-06
208,0,2,3,-6847.1367034912109,-6847.1367034912,46883281.036296487,46883281.036296338,-1.4901161193847656e-07
209,1,2,3,-8649.0775909423828,-8649.0775909423992,74806543.17414169,74806543.174141973,2.8312206268310547e-07
210,2,2,3,7302.2888031005859,7302.2888031005996,53323421.763888188,53323421.763888389,2.0116567611694336e-07
211,3,2,3,-25406.57861328125,-25406.578613281199,645494236.8328402,645494236.83283758,-2.6226043701171875e-06
212,4,2,3,-26147.801116943359,-26147.801116943399,683707503.2512244,683707503.25122654,2.1457672119140625e-06
213,5,2,3,-25406.57861328125,-25406.578613281199,645494236.8328402,645494236.83283758,-2.6226043701171875e-06
214,6,2,3,7302.2888031005859,7302.2888031005996,53323421.763888188,53323421.763888389,2.0116567611694336e-07
215,7,2,3,-8649.0775909423828,-8649.0775909423992,74806543.17414169,74806543.174141973,2.8312206268310547e-07
216,0,3,3,-18438.532730102539,-18438.532730102499,339979489.23906261,339979489.23906112,-1.4901161193847656e-06
217,1,3,3,-7006.5960693359375,-7006.5960693359002,49092388.478833809,49092388.478833288,-5.2154064178466797e-07
218,2,3,3,-25406.57861328125,-25406.578613281199,645494236.8328402,645494236.83283758,-2.6226043701171875e-06
219,3,3,3,6304.6649017333984,6304.6649017334003,39748799.523149006,39748799.523149028,2.2351741790771484e-08
220,4,3,3,20273.138610839844,20273.1386108398,411000149.13432527,411000149.13432348,-1.7881393432617188e-06
221,5,3,3,6304.6649017333984,6304.6649017334003,39748799.523149006,39748799.523149028,2.2351741790771484e-08
222,6,3,3,-25406.57861328125,-25406.578613281199,645494236.8328402,645494236.83283758,-2.6226043701171875e-06
223,7,3,3,-7006.5960693359375,-7006.5960693359002,49092388.478833809,49092388.478833288,-5.2154064178466797e-07
224,0,4,3,-32359.947479248047,-32359.947479248,1047166200.859692,1047166200.859689,-2.9802322387695312e-06
225,1,4,3,19.8687744140625,19.868774414099999,394.76819671690464,394.76819671839473,1.4900933820172213e-09
226,2,4,3,-26147.801116943359,-26147.801116943399,683707503.2512244,683707503.25122654,2.1457672119140625e-06
227,3,4,3,20273.138610839844,20273.1386108398,411000149.13432527,411000149.13432348,-1.7881393432617188e-06
228,4,4,3,12759.901458740234,12759.9014587402,162815085.23676115,162815085.23676029,-8.6426734924316406e-07
229,5,4,3,20273.138610839844,20273.1386108398,411000149.13432527,411000149.13432348,-1.7881393432617188e-06
230,6,4,3,-26147.801116943359,-26147.801116943399,683707503.2512244,683707503.25122654,2.1457672119140625e-06
231,7,4,3,19.8687744140625,19.868774414099999,394.76819671690464,394.76819671839473,1.4900933820172213e-09
232,0,5,3,-18438.532730102539,-18438.532730102499,339979489.23906261,339979489.23906112,-1.4901161193847656e-06
233,1,5,3,-7006.5960693359375,-7006.5960693359002,49092388.478833809,49092388.478833288,-5.2154064178466797e-07
234,2,5,3,-25406.57861328125,-25406.578613281199,645494236.8328402,645494236.83283758,-2.6226043701171875e-06
235,3,5,3,6304.6649017333984,6304.6649017334003,39748799.523149006,39748799.523149028,2.2351741790771484e-08
236,4,5,3,20273.138610839844,20273.1386108398,411000149.13432527,411000149.13432348,-1.7881393432617188e-06
237,5,5,3,6304.6649017333984,6304.6649017334003,39748799.523149006,39748799.523149028,2.2351741790771484e-08
238,6,5,3,-25406.57861328125,-25406.578613281199,645494236.8328402,645494236.83283758,-2.6226043701171875e-06
239,7,5,3,-7006.5960693359375,-7006.5960693359002,49092388.478833809,49092388.478833288,-5.2154064178466797e-07
240,0,6,3,-6847.1367034912109,-6847.1367034912,46883281.036296487,46883281.036296338,-1.4901161193847656e-07
241,1,6,3,-8649.0775909423828,-8649.0775909423992,74806543.17414169,74806543.174141973,2.8312206268310547e-07
242,2,6,3,7302.2888031005859,7302.2888031005996,53323421.763888188,53323421.763888389,2.0116567611694336e-07
243,3,6,3,-25406.57861328125,-25406.578613281199,645494236.8328402,645494236.83283758,-2.6226043701171875e-06
244,4,6,3,-26147.801116943359,-26147.801116943399,683707503.2512244,683707503.25122654,2.1457672119140625e-06
245,5,6,3,-25406.57861328125,-25406.578613281199,645494236.8328402,645494236.83283758,-2.6226043701171875e-06
246,6,6,3,7302.2888031005859,7302.2888031005996,53323421.763888188,53323421.763888389,2.0116567611694336e-07
247,7,6,3,-8649.0775909423828,-8649.0775909423992,74806543.17414169,74806543.174141973,2.8312206268310547e-07
248,0,7,3,-27221.303619384766,-27221.303619384798,740999370.73873019,740999370.73873198,1.7881393432617188e-06
249,1,7,3,15474.473281860352,15474.473281860401,239459323.35100988,239459323.3510114,1.5199184417724609e-06
250,2,7,3,-8649.0775909423828,-8649.0775909423992,74806543.17414169,74806543.174141973,2.8312206268310547e-07
251,3,7,3,-7006.5960693359375,-7006.5960693359002,49092388.478833809,49092388.478833288,-5.2154064178466797e-07
252,4,7,3,19.8687744140625,19.868774414099999,394.76819671690464,394.76819671839473,1.4900933820172213e-09
253,5,7,3,-7006.5960693359375,-7006.5960693359002,49092388.478833809,49092388.478833288,-5.2154064178466797e-07
254,6,7,3,-8649.0775909423828,-8649.0775909423992,74806543.17414169,74806543.174141973,2.8312206268310547e-07
255,7,7,3,15474.473281860352,15474.473281860401,239459323.35100988,239459323.3510114,1.5199184417724609e-06
256,0,0,4,12115.179138183594,12115.179138183599,146777565.55027896,146777565.55027911,1.4901161193847656e-07
257,1,0,4,25669.653594970703,25669.653594970699,658931115.68579233,658931115.68579221,-1.1920928955078125e-07
258,2,0,4,13320.186721801758,13320.1867218018,177427374.30366385,177427374.30366498,1.1324882507324219e-06
259,3,0,4,-24190.361221313477,-24190.361221313498,585173576.01762688,585173576.01762784,9.5367431640625e-07
260,4,0,4,-10898.829116821289,-10898.8291168213,118784476.11767152,118784476.11767176,2.384185791015625e-07
261,5,0,4,-24190.361221313477,-24190.361221313498,585173576.01762688,585173576.01762784,9.5367431640625e-07
262,6,0,4,13320.186721801758,13320.1867218018,177427374.30366385,177427374.30366498,1.1324882507324219e-06
263,7,0,4,25669.653594970703,25669.653594970699,658931115.68579233,658931115.68579221,-1.1920928955078125e-07
264,0,1,4,25669.653594970703,25669.653594970699,658931115.68579233,658931115.68579221,-1.1920928955078125e-07
265,1,1,4,-27221.303619384766,-27221.303619384798,740999370.73873019,740999370.73873198,1.7881393432617188e-06
266,2,1,4,-6847.1367034912109,-6847.1367034912,46883281.036296487,46883281.036296338,-1.4901161193847656e-07
267,3,1,4,-18438.532730102539,-18438.532730102499,339979489.23906261,339979489.23906112,-1.4901161193847656e-06
268,4,1,4,-32359.947479248047,-32359.947479248,1047166200.859692,1047166200.859689,-2.9802322387695312e-06
269,5,1,4,-18438.532730102539,-18438.532730102499,339979489.23906261,339979489.23906112,-1.4901161193847656e-06
270,6,1,4,-6847.1367034912109,-6847.1367034912,46883281.036296487,46883281.036296338,-1.4901161193847656e-07
271,7,1,4,-27221.303619384766,-27221.303619384798,740999370.73873019,740999370.73873198,1.7881393432617188e-06
272,0,2,4,13320.186721801758,13320.1867218018,177427374.30366385,177427374.30366498,1.1324882507324219e-06
273,1,2,4,-6847.1367034912109,-6847.1367034912,46883281.036296487,46883281.036296338,-1.4901161193847656e-07
274,2,2,4,25735.988235473633,25735.9882354736,662341090.45643723,662341090.45643556,-1.6689300537109375e-06
275,3,2,4,-27221.584808349609,-27221.584808349598,741014679.47817028,741014679.47816968,-5.9604644775390625e-07
276,4,2,4,22099.200393676758,22099.200393676801,488374658.03988296,488374658.03988492,1.9669532775878906e-06
277,5,2,4,-27221.584808349609,-27221.584808349598,741014679.47817028,741014679.47816968,-5.9604644775390625e-07
278,6,2,4,25735.988235473633,25735.9882354736,662341090.45643723,662341090.45643556,-1.6689300537109375e-06
279,7,2,4,-6847.1367034912109,-6847.1367034912,46883281.036296487,46883281.036296338,-1.4901161193847656e-07
280,0,3,4,-24190.361221313477,-24190.361221313498,585173576.01762688,585173576.01762784,9.5367431640625e-07
281,1,3,4,-18438.532730102539,-18438.532730102499,339979489.23906261,339979489.23906112,-1.4901161193847656e-06
282,2,3,4,-27221.584808349609,-27221.584808349598,741014679.47817028,741014679.47816968,-5.9604644775390625e-07
283,3,3,4,-18705.605728149414,-18705.6057281494,349899685.65697616,349899685.65697563,-5.3644180297851562e-07
284,4,3,4,-21148.107482910156,-21148.1074829102,447242450.10872054,447242450.10872239,1.8477439880371094e-06
285,5,3,4,-18705.605728149414,-18705.6057281494,349899685.65697616,349899685.65697563,-5.3644180297851562e-07
286,6,3,4,-27221.584808349609,-27221.584808349598,741014679.47817028,741014679.47816968,-5.9604644775390625e-07
287,7,3,4,-18438.532730102539,-18438.532730102499,339979489.23906261,339979489.23906112,-1.4901161193847656e-06
288,0,4,4,-10898.829116821289,-10898.8291168213,118784476.11767152,118784476.11767176,2.384185791015625e-07
289,1,4,4,-32359.947479248047,-32359.947479248,1047166200.859692,1047166200.859689,-2.9802322387695312e-06
290,2,4,4,22099.200393676758,22099.200393676801,488374658.03988296,488374658.03988492,1.9669532775878906e-06
291,3,4,4,-21148.107482910156,-21148.1074829102,447242450.10872054,447242450.10872239,1.8477439880371094e-06
292,4,4,4,-16972.168395996094,-16972.168395996101,288054500.06204861,288054500.06204885,2.384185791015625e-07
293,5,4,4,-21148.107482910156,-21148.1074829102,447242450.10872054,447242450.10872239,1.8477439880371094e-06
294,6,4,4,22099.200393676758,22099.200393676801,488374658.03988296,488374658.03988492,1.9669532775878906e-06
295,7,4,4,-32359.947479248047,-32359.947479248,1047166200.859692,1047166200.859689,-2.9802322387695312e-06
296,0,5,4,-24190.361221313477,-24190.361221313498,585173576.01762688,585173576.01762784,9.5367431640625e-07
297,1,5,4,-18438.532730102539,-18438.532730102499,339979489.23906261,339979489.23906112,-1.4901161193847656e-06
298,2,5,4,-27221.584808349609,-27221.584808349598,741014679.47817028,741014679.47816968,-5.9604644775390625e-07
299,3,5,4,-18705.605728149414,-18705.6057281494,349899685.65697616,349899685.65697563,-5.3644180297851562e-07
300,4,5,4,-21148.107482910156,-21148.1074829102,447242450.10872054,447242450.10872239,1.8477439880371094e-06
301,5,5,4,-18705.605728149414,-18705.6057281494,349899685.65697616,349899685.65697563,-5.3644180297851562e-07
302,6,5,4,-27221.584808349609,-27221.584808349598,741014679.47817028,741014679.47816968,-5.9604644775390625e-07
303,7,5,4,-18438.532730102539,-18438.532730102499,339979489.23906261,339979489.23906112,-1.4901161193847656e-06
304,0,6,4,13320.186721801758,13320.1867218018,177427374.30366385,177427374.30366498,1.1324882507324219e-06
305,1,6,4,-6847.1367034912109,-6847.1367034912,46883281.036296487,46883281.036296338,-1.4901161193847656e-07
306,2,6,4,25735.988235473633,25735.9882354736,662341090.45643723,662341090.45643556,-1.6689300537109375e-06
307,3,6,4,-27221.584808349609,-27221.584808349598,741014679.47817028,741014679.47816968,-5.9604644775390625e-07
308,4,6,4,22099.200393676758,22099.200393676801,488374658.03988296,488374658.03988492,1.9669532775878906e-06
309,5,6,4,-27221.584808349609,-27221.584808349598,741014679.47817028,741014679.47816968,-5.9604644775390625e-07
310,6,6,4,25735.988235473633,25735.9882354736,662341090.45643723,662341090.45643556,-1.6689300537109375e-06
311,7,6,4,-6847.1367034912109,-6847.1367034912,46883281.036296487,46883281.036296338,-1.4901161193847656e-07
312,0,7,4,25669.653594970703,25669.653594970699,658931115.68579233,658931115.68579221,-1.1920928955078125e-07
313,1,7,4,-27221.303619384766,-27221.303619384798,740999370.73873019,740999370.73873198,1.7881393432617188e-06
314,2,7,4,-6847.1367034912109,-6847.1367034912,46883281.036296487,46883281.036296338,-1.4901161193847656e-07
315,3,7,4,-18438.532730102539,-18438.532730102499,339979489.23906261,339979489.23906112,-1.4901161193847656e-06
316,4,7,4,-32359.947479248047,-32359.947479248,1047166200.859692,1047166200.859689,-2.9802322387695312e-06
317,5,7,4,-18438.532730102539,-18438.532730102499,339979489.23906261,339979489.23906112,-1.4901161193847656e-06
318,6,7,4,-6847.1367034912109,-6847.1367034912,46883281.036296487,46883281.036296338,-1.4901161193847656e-07
319,7,7,4,-27221.303619384766,-27221.303619384798,740999370.73873019,740999370.73873198,1.7881393432617188e-06
320,0,0,5,25669.653594970703,25669.653594970699,658931115.68579233,658931115.68579221,-1.1920928955078125e-07
321,1,0,5,-27221.303619384766,-27221.303619384798,740999370.73873019,740999370.73873198,1.7881393432617188e-06
322,2,0,5,-6847.1367034912109,-6847.1367034912,46883281.036296487,46883281.036296338,-1.4901161193847656e-07
323,3,0,5,-18438.532730102539,-18438.532730102499,339979489.23906261,339979489.23906112,-1.4901161193847656e-06
324,4,0,5,-32359.947479248047,-32359.947479248,1047166200.859692,1047166200.859689,-2.9802322387695312e-06
325,5,0,5,-18438.532730102539,-18438.532730102499,339979489.23906261,339979489.23906112,-1.4901161193847656e-06
326,6,0,5,-6847.1367034912109,-6847.1367034912,46883281.036296487,46883281.036296338,-1.4901161193847656e-07
327,7,0,5,-27221.303619384766,-27221.303619384798,740999370.73873019,740999370.73873198,1.7881393432617188e-06
328,0,1,5,-27221.303619384766,-27221.303619384798,740999370.73873019,740999370.73873198,1.7881393432617188e-06
329,1,1,5,15474.473281860352,15474.473281860401,239459323.35100988,239459323.3510114,1.5199184417724609e-06
330,2,1,5,-8649.0775909423828,-8649.0775909423992,74806543.17414169,74806543.174141973,2.8312206268310547e-07
331,3,1,5,-7006.5960693359375,-7006.5960693359002,49092388.478833809,49092388.478833288,-5.2154064178466797e-07
332,4,1,5,19.8687744140625,19.868774414099999,394.76819671690464,394.76819671839473,1.4900933820172213e-09
333,5,1,5,-7006.5960693359375,-7006.5960693359002,49092388.478833809,49092388.478833288,-5.2154064178466797e-07
334,6,1,5,-8649.0775909423828,-8649.0775909423992,74806543.17414169,74806543.174141973,2.8312206268310547e-07
335,7,1,5,15474.473281860352,15474.473281860401,239459323.35100988,239459323.3510114,1.5199184417724609e-06
336,0,2,5,-6847.1367034912109,-6847.1367034912,46883281.036296487,46883281.036296338,-1.4901161193847656e-07
337,1,2,5,-8649.0775909423828,-8649.0775909423992,74806543.17414169,74806543.174141973,2.8312206268310547e-07
338,2,2,5,7302.2888031005859,7302.2888031005996,53323421.763888188,53323421.763888389,2.0116567611694336e-07
339,3,2,5,-25406.57861328125,-25406.578613281199,645494236.8328402,645494236.83283758,-2.6226043701171875e-06
340,4,2,5,-26147.801116943359,-26147.801116943399,683707503.2512244,683707503.25122654,2.1457672119140625e-06
341,5,2,5,-25406.57861328125,-25406.578613281199,645494236.8328402,645494236.83283758,-2.6226043701171875e-06
342,6,2,5,7302.2888031005859,7302.2888031005996,53323421.763888188,53323421.763888389,2.0116567611694336e-07
343,7,2,5,-8649.0775909423828,-8649.0775909423992,74806543.17414169,74806543.174141973,2.8312206268310547e-07
344,0,3,5,-18438.532730102539,-18438.532730102499,339979489.23906261,339979489.23906112,-1.4901161193847656e-06
345,1,3,5,-7006.5960693359375,-7006.5960693359002,49092388.478833809,49092388.478833288,-5.2154064178466797e-07
346,2,3,5,-25406.57861328125,-25406.578613281199,645494236.8328402,645494236.83283758,-2.6226043701171875e-06
347,3,3,5,6304.6649017333984,6304.6649017334003,39748799.523149006,39748799.523149028,2.2351741790771484e-08
348,4,3,5,20273.138610839844,20273.1386108398,411000149.13432527,411000149.13432348,-1.7881393432617188e-06
349,5,3,5,6304.6649017333984,6304.6649017334003,39748799.523149006,39748799.523149028,2.2351741790771484e-08
350,6,3,5,-25406.57861328125,-25406.578613281199,645494236.8328402,645494236.83283758,-2.6226043701171875e-06
351,7,3,5,-7006.5960693359375,-7006.5960693359002,49092388.478833809,49092388.478833288,-5.2154064178466797e-07
352,0,4,5,-32359.947479248047,-32359.947479248,1047166200.859692,1047166200.859689,-2.9802322387695312e-06
353,1,4,5,19.8687744140625,19.868774414099999,394.76819671690464,394.76819671839473,1.4900933820172213e-09
354,2,4,5,-26147.801116943359,-26147.801116943399,683707503.2512244,683707503.25122654,2.1457672119140625e-06
355,3,4,5,20273.138610839844,20273.1386108398,411000149.13432527,411000149.13432348,-1.7881393432617188e-06
356,4,4,5,12759.901458740234,12759.9014587402,162815085.23676115,162815085.23676029,-8.6426734924316406e-07
357,5,4,5,20273.138610839844,20273.1386108398,411000149.13432527,411000149.13432348,-1.7881393432617188e-06
358,6,4,5,-26147.801116943359,-26147.801116943399,683707503.2512244,683707503.25122654,2.1457672119140625e-06
359,7,4,5,19.8687744140625,19.868774414099999,394.76819671690464,394.76819671839473,1.4900933820172213e-09
360,0,5,5,-18438.532730102539,-18438.532730102499,339979489.23906261,339979489.23906112,-1.4901161193847656e-06
361,1,5,5,-7006.5960693359375,-7006.5960693359002,49092388.478833809,49092388.478833288,-5.2154064178466797e-07
362,2,5,5,-25406.57861328125,-25406.578613281199,645494236.8328402,645494236.83283758,-2.6226043701171875e-06
363,3,5,5,6304.6649017333984,6304.6649017334003,39748799.523149006,39748799.523149028,2.2351741790771484e-08
364,4,5,5,20273.138610839844,20273.1386108398,411000149.13432527,411000149.13432348,-1.7881393432617188e-06
365,5,5,5,6304.6649017333984,6304.6649017334003,39748799.523149006,39748799.523149028,2.2351741790771484e-08
366,6,5,5,-25406.57861328125,-25406.578613281199,645494236.8328402,645494236.83283758,-2.6226043701171875e-06
367,7,5,5,-7006.5960693359375,-7006.5960693359002,49092388.478833809,49092388.478833288,-5.2154064178466797e-07
368,0,6,5,-6847.1367034912109,-6847.1367034912,46883281.036296487,46883281.036296338,-1.4901161193847656e-07
369,1,6,5,-8649.0775909423828,-8649.0775909423992,74806543.17414169,74806543.174141973,2.8312206268310547e-07
370,2,6,5,7302.2888031005859,7302.2888031005996,53323421.763888188,53323421.763888389,2.0116567611694336e-07
371,3,6,5,-25406.57861328125,-25406.578613281199,645494236.8328402,645494236.83283758,-2.6226043701171875e-06
372,4,6,5,-26147.801116943359,-26147.801116943399,683707503.2512244,683707503.25122654,2.1457672119140625e-06
373,5,6,5,-25406.57861328125,-25406.578613281199,645494236.8328402,645494236.83283758,-2.6226043701171875e-06
374,6,6,5,7302.2888031005859,7302.2888031005996,53323421.763888188,53323421.763888389,2.0116567611694336e-07
375,7,6,5,-8649.0775909423828,-8649.0775909423992,74806543.17414169,74806543.174141973,2.8312206268310547e-07
376,0,7,5,-27221.303619384766,-27221.303619384798,740999370.73873019,740999370.73873198,1.7881393432617188e-06
377,1,7,5,15474.473281860352,15474.473281860401,239459323.35100988,239459323.3510114,1.5199184417724609e-06
378,2,7,5,-8649.0775909423828,-8649.0775909423992,74806543.17414169,74806543.174141973,2.8312206268310547e-07
379,3,7,5,-7006.5960693359375,-7006.5960693359002,49092388.478833809,49092388.478833288,-5.2154064178466797e-07
380,4,7,5,19.8687744140625,19.868774414099999,394.76819671690464,394.76819671839473,1.4900933820172213e-09
381,5,7,5,-7006.5960693359375,-7006.5960693359002,49092388.478833809,49092388.478833288,-5.2154064178466797e-07
382,6,7,5,-8649.0775909423828,-8649.0775909423992,74806543.17414169,74806543.174141973,2.8312206268310547e-07
383,7,7,5,15474.473281860352,15474.473281860401,239459323.35100988,239459323.3510114,1.5199184417724609e-06
384,0,0,6,13320.186721801758,13320.1867218018,177427374.30366385,177427374.30366498,1.1324882507324219e-06
385,1,0,6,-6847.1367034912109,-6847.1367034912,46883281.036296487,46883281.036296338,-1.4901161193847656e-07
386,2,0,6,25735.988235473633,25735.9882354736,662341090.45643723,662341090.45643556,-1.6689300537109375e-06
387,3,0,6,-27221.584808349609,-27221.584808349598,741014679.47817028,741014679.47816968,-5.9604644775390625e-07
388,4,0,6,22099.200393676758,22099.200393676801,488374658.03988296,488374658.03988492,1.9669532775878906e-06
389,5,0,6,-27221.584808349609,-27221.584808349598,741014679.47817028,741014679.47816968,-5.9604644775390625e-07
390,6,0,6,25735.988235473633,25735.9882354736,662341090.45643723,662341090.45643556,-1.6689300537109375e-06
391,7,0,6,-6847.1367034912109,-6847.1367034912,46883281.036296487,46883281.036296338,-1.4901161193847656e-07
392,0,1,6,-6847.1367034912109,-6847.1367034912,46883281.036296487,46883281.036296338,-1.4901161193847656e-07
393,1,1,6,-8649.0775909423828,-8649.0775909423992,74806543.17414169,74806543.174141973,2.8312206268310547e-07
394,2,1,6,7302.2888031005859,7302.2888031005996,53323421.763888188,53323421.763888389,2.0116567611694336e-07
395,3,1,6,-25406.57861328125,-25406.578613281199,645494236.8328402,645494236.83283758,-2.6226043701171875e-06
396,4,1,6,-26147.801116943359,-26147.801116943399,683707503.2512244,683707503.25122654,2.1457672119140625e-06
397,5,1,6,-25406.57861328125,-25406.578613281199,645494236.8328402,645494236.83283758,-2.6226043701171875e-06
398,6,1,6,7302.2888031005859,7302.2888031005996,53323421.763888188,53323421.763888389,2.0116567611694336e-07
399,7,1,6,-8649.0775909423828,-8649.0775909423992,74806543.17414169,74806543.174141973,2.8312206268310547e-07
400,0,2,6,25735.988235473633,25735.9882354736,662341090.45643723,662341090.45643556,-1.6689300537109375e-06
401,1,2,6,7302.2888031005859,7302.2888031005996,53323421.763888188,53323421.763888389,2.0116567611694336e-07
402,2,2,6,-3408.0501556396484,-3408.0501556395998,11614805.863355432,11614805.8633551,-3.3155083656311035e-07
403,3,2,6,4072.9642791748047,4072.9642791748001,16589038.019433936,16589038.019433899,-3.7252902984619141e-08
404,4,2,6,-7116.3410491943359,-7116.3410491942996,50642309.928448342,50642309.928447828,-5.1409006118774414e-07
405,5,2,6,4072.9642791748047,4072.9642791748001,16589038.019433936,16589038.019433899,-3.7252902984619141e-08
406,6,2,6,-3408.0501556396484,-3408.0501556395998,11614805.863355432,11614805.8633551,-3.3155083656311035e-07
407,7,2,6,7302.2888031005859,7302.2888031005996,53323421.763888188,53323421.763888389,2.0116567611694336e-07
408,0,3,6,-27221.584808349609,-27221.584808349598,741014679.47817028,741014679.47816968,-5.9604644775390625e-07
409,1,3,6,-25406.57861328125,-25406.578613281199,645494236.8328402,645494236.83283758,-2.6226043701171875e-06
410,2,3,6,4072.9642791748047,4072.9642791748001,16589038.019433936,16589038.019433899,-3.7252902984619141e-08
411,3,3,6,31404.849853515625,31404.8498535156,986264594.32186031,986264594.32185876,-1.5497207641601562e-06
412,4,3,6,4561.9954986572266,4561.9954986572002,20811802.929768797,20811802.929768555,-2.4214386940002441e-07
413,5,3,6,31404.849853515625,31404.8498535156,986264594.32186031,986264594.32185876,-1.5497207641601562e-06
414,6,3,6,4072.9642791748047,4072.9642791748001,16589038.019433936,16589038.019433899,-3.7252902984619141e-08
415,7,3,6,-25406.57861328125,-25406.578613281199,645494236.8328402,645494236.83283758,-2.6226043701171875e-06
416,0,4,6,22099.200393676758,22099.200393676801,488374658.03988296,488374658.03988492,1.9669532775878906e-06
417,1,4,6,-26147.801116943359,-26147.801116943399,683707503.2512244,683707503.25122654,2.1457672119140625e-06
418,2,4,6,-7116.3410491943359,-7116.3410491942996,50642309.928448342,50642309.928447828,-5.1409006118774414e-07
419,3,4,6,4561.9954986572266,4561.9954986572002,20811802.929768797,20811802.929768555,-2.4214386940002441e-07
420,4,4,6,-2641.2630157470703,-2641.2630157470999,6976270.3183533084,6976270.3183534648,1.5646219253540039e-07
421,5,4,6,4561.9954986572266,4561.9954986572002,20811802.929768797,20811802.929768555,-2.4214386940002441e-07
422,6,4,6,-7116.3410491943359,-7116.3410491942996,50642309.928448342,50642309.928447828,-5.1409006118774414e-07
423,7,4,6,-26147.801116943359,-26147.801116943399,683707503.2512244,683707503.25122654,2.1457672119140625e-06
424,0,5,6,-27221.584808349609,-27221.584808349598,741014679.47817028,741014679.47816968,-5.9604644775390625e-07
425,1,5,6,-25406.57861328125,-25406.578613281199,645494236.8328402,645494236.83283758,-2.6226043701171875e-06
426,2,5,6,4072.9642791748047,4072.9642791748001,16589038.019433936,16589038.019433899,-3.7252902984619141e-08
427,3,5,6,31404.849853515625,31404.8498535156,986264594.32186031,986264594.32185876,-1.5497207641601562e-06
428,4,5,6,4561.9954986572266,4561.9954986572002,20811802.929768797,20811802.929768555,-2.4214386940002441e-07
429,5,5,6,31404.849853515625,31404.8498535156,986264594.32186031,986264594.32185876,-1.5497207641601562e-06
430,6,5,6,4072.9642791748047,4072.9642791748001,16589038.019433936,16589038.019433899,-3.7252902984619141e-08
431,7,5,6,-25406.57861328125,-25406.578613281199,645494236.8328402,645494236.83283758,-2.6226043701171875e-06
432,0,6,6,25735.988235473633,25735.9882354736,662341090.45643723,662341090.45643556,-1.6689300537109375e-06
433,1,6,6,7302.2888031005859,7302.2888031005996,53323421.763888188,53323421.763888389,2.0116567611694336e-07
434,2,6,6,-3408.0501556396484,-3408.0501556395998,11614805.863355432,11614805.8633551,-3.3155083656311035e-07
435,3,6,6,4072.9642791748047,4072.9642791748001,16589038.019433936,16589038.019433899,-3.7252902984619141e-08
436,4,6,6,-7116.3410491943359,-7116.3410491942996,50642309.928448342,50642309.928447828,-5.1409006118774414e-07
437,5,6,6,4072.9642791748047,4072.9642791748001,16589038.019433936,16589038.019433899,-3.7252902984619141e-08
438,6,6,6,-3408.0501556396484,-3408.0501556395998,11614805.863355432,11614805.8633551,-3.3155083656311035e-07
439,7,6,6,7302.2888031005859,7302.2888031005996,53323421.763888188,53323421.763888389,2.0116567611694336e-07
440,0,7,6,-6847.1367034912109,-6847.1367034912,46883281.036296487,46883281.036296338,-1.4901161193847656e-07
441,1,7,6,-8649.0775909423828,-8649.0775909423992,74806543.17414169,74806543.174141973,2.8312206268310547e-07
442,2,7,6,7302.2888031005859,7302.2888031005996,53323421.763888188,53323421.763888389,2.0116567611694336e-07
443,3,7,6,-25406.57861328125,-25406.578613281199,645494236.8328402,645494236.83283758,-2.6226043701171875e-06
444,4,7,6,-26147.801116943359,-26147.801116943399,683707503.2512244,683707503.25122654,2.1457672119140625e-06
445,5,7,6,-25406.57861328125,-25406.578613281199,645494236.8328402,645494236.83283758,-2.6226043701171875e-06
446,6,7,6,7302.2888031005859,7302.2888031005996,53323421.763888188,53323421.763888389,2.0116567611694336e-07
447,7,7,6,-8649.0775909423828,-8649.0775909423992,74806543.17414169,74806543.174141973,2.8312206268310547e-07
448,0,0,7,-24190.361221313477,-24190.361221313498,585173576.01762688,585173576.01762784,9.5367431640625e-07
449,1,0,7,-18438.532730102539,-18438.532730102499,339979489.23906261,339979489.23906112,-1.4901161193847656e-06
450,2,0,7,-27221.584808349609,-27221.584808349598,741014679.47817028,741014679.47816968,-5.9604644775390625e-07
451,3,0,7,-18705.605728149414,-18705.6057281494,349899685.65697616,349899685.65697563,-5.3644180297851562e-07
452,4,0,7,-21148.107482910156,-21148.1074829102,447242450.10872054,447242450.10872239,1.8477439880371094e-06
453,5,0,7,-18705.605728149414,-18705.6057281494,349899685.65697616,349899685.65697563,-5.3644180297851562e-07
454,6,0,7,-27221.584808349609,-27221.584808349598,741014679.47817028,741014679.47816968,-5.9604644775390625e-07
455,7,0,7,-18438.532730102539,-18438.532730102499,339979489.23906261,339979489.23906112,-1.4901161193847656e-06
456,0,1,7,-18438.532730102539,-18438.532730102499,339979489.23906261,339979489.23906112,-1.4901161193847656e-06
457,1,1,7,-7006.5960693359375,-7006.5960693359002,49092388.478833809,49092388.478833288,-5.2154064178466797e-07
458,2,1,7,-25406.57861328125,-25406.578613281199,645494236.8328402,645494236.83283758,-2.6226043701171875e-06
459,3,1,7,6304.6649017333984,6304.6649017334003,39748799.523149006,39748799.523149028,2.2351741790771484e-08
460,4,1,7,20273.138610839844,20273.1386108398,411000149.13432527,411000149.13432348,-1.7881393432617188e-06
461,5,1,7,6304.6649017333984,6304.6649017334003,39748799.523149006,39748799.523149028,2.2351741790771484e-08
462,6,1,7,-25406.57861328125,-25406.578613281199,645494236.8328402,645494236.83283758,-2.6226043701171875e-06
463,7,1,7,-7006.5960693359375,-7006.5960693359002,49092388.478833809,49092388.478833288,-5.2154064178466797e-07
464,0,2,7,-27221.584808349609,-27221.584808349598,741014679.47817028,741014679.47816968,-5.9604644775390625e-07
465,1,2,7,-25406.57861328125,-25406.578613281199,645494236.8328402,645494236.83283758,-2.6226043701171875e-06
466,2,2,7,4072.9642791748047,4072.9642791748001,16589038.019433936,16589038.019433899,-3.7252902984619141e-08
467,3,2,7,31404.849853515625,31404.8498535156,986264594.32186031,986264594.32185876,-1.5497207641601562e-06
468,4,2,7,4561.9954986572266,4561.9954986572002,20811802.929768797,20811802.929768555,-2.4214386940002441e-07
469,5,2,7,31404.849853515625,31404.8498535156,986264594.32186031,986264594.32185876,-1.5497207641601562e-06
470,6,2,7,4072.9642791748047,4072.9642791748001,16589038.019433936,16589038.019433899,-3.7252902984619141e-08
471,7,2,7,-25406.57861328125,-25406.578613281199,645494236.8328402,645494236.83283758,-2.6226043701171875e-06
472,0,3,7,-18705.605728149414,-18705.6057281494,349899685.65697616,349899685.65697563,-5.3644180297851562e-07
473,1,3,7,6304.6649017333984,6304.6649017334003,39748799.523149006,39748799.523149028,2.2351741790771484e-08
474,2,3,7,31404.849853515625,31404.8498535156,986264594.32186031,986264594.32185876,-1.5497207641601562e-06
475,3,3,7,-6068.8194274902344,-6068.8194274901998,36830569.243482895,36830569.243482478,-4.1723251342773438e-07
476,4,3,7,-19757.553680419922,-19757.5536804199,390360927.4346748,390360927.43467396,-8.3446502685546875e-07
477,5,3,7,-6068.8194274902344,-6068.8194274901998,36830569.243482895,36830569.243482478,-4.1723251342773438e-07
478,6,3,7,31404.849853515625,31404.8498535156,986264594.32186031,986264594.32185876,-1.5497207641601562e-06
479,7,3,7,6304.6649017333984,6304.6649017334003,39748799.523149006,39748799.523149028,2.2351741790771484e-08
480,0,4,7,-21148.107482910156,-21148.1074829102,447242450.10872054,447242450.10872239,1.8477439880371094e-06
481,1,4,7,20273.138610839844,20273.1386108398,411000149.13432527,411000149.13432348,-1.7881393432617188e-06
482,2,4,7,4561.9954986572266,4561.9954986572002,20811802.929768797,20811802.929768555,-2.4214386940002441e-07
483,3,4,7,-19757.553680419922,-19757.5536804199,390360927.4346748,390360927.43467396,-8.3446502685546875e-07
484,4,4,7,23305.586837768555,23305.586837768598,543150377.85277092,543150377.85277295,2.0265579223632812e-06
485,5,4,7,-19757.553680419922,-19757.5536804199,390360927.4346748,390360927.43467396,-8.3446502685546875e-07
486,6,4,7,4561.9954986572266,4561.9954986572002,20811802.929768797,20811802.929768555,-2.4214386940002441e-07
487,7,4,7,20273.138610839844,20273.1386108398,411000149.13432527,411000149.13432348,-1.7881393432617188e-06
488,0,5,7,-18705.605728149414,-18705.6057281494,349899685.65697616,349899685.65697563,-5.3644180297851562e-07
489,1,5,7,6304.6649017333984,6304.6649017334003,39748799.523149006,39748799.523149028,2.2351741790771484e-08
490,2,5,7,31404.849853515625,31404.8498535156,986264594.32186031,986264594.32185876,-1.5497207641601562e-06
491,3,5,7,-6068.8194274902344,-6068.8194274901998,36830569.243482895,36830569.243482478,-4.1723251342773438e-07
492,4,5,7,-19757.553680419922,-19757.5536804199,390360927.4346748,390360927.43467396,-8.3446502685546875e-07
493,5,5,7,-6068.8194274902344,-6068.8194274901998,36830569.243482895,36830569.243482478,-4.1723251342773438e-07
494,6,5,7,31404.849853515625,31404.8498535156,986264594.32186031,986264594.32185876,-1.5497207641601562e-06
495,7,5,7,6304.6649017333984,6304.6649017334003,39748799.523149006,39748799.523149028,2.2351741790771484e-08
496,0,6,7,-27221.584808349609,-27221.584808349598,741014679.47817028,741014679.47816968,-5.9604644775390625e-07
497,1,6,7,-25406.57861328125,-25406.578613281199,645494236.8328402,645494236.83283758,-2.6226043701171875e-06
498,2,6,7,4072.9642791748047,4072.9642791748001,16589038.019433936,16589038.019433899,-3.7252902984619141e-08
499,3,6,7,31404.849853515625,31404.8498535156,986264594.32186031,986264594.32185876,-1.5497207641601562e-06
500,4,6,7,4561.9954986572266,4561.9954986572002,20811802.929768797,20811802.929768555,-2.4214386940002441e-07
501,5,6,7,31404.849853515625,31404.8498535156,986264594.32186031,986264594.32185876,-1.5497207641601562e-06
502,6,6,7,4072.9642791748047,4072.9642791748001,16589038.019433936,16589038.019433899,-3.7252902984619141e-08
503,7,6,7,-25406.57861328125,-25406.578613281199,645494236.8328402,645494236.83283758,-2.6226043701171875e-06
504,0,7,7,-18438.532730102539,-18438.532730102499,339979489.23906261,339979489.23906112,-1.4901161193847656e-06
505,1,7,7,-7006.5960693359375,-7006.5960693359002,49092388.478833809,49092388.478833288,-5.2154064178466797e-07
506,2,7,7,-25406.57861328125,-25406.578613281199,645494236.8328402,645494236.83283758,-2.6226043701171875e-06
507,3,7,7,6304.6649017333984,6304.6649017334003,39748799.523149006,39748799.523149028,2.2351741790771484e-08
508,4,7,7,20273.138610839844,20273.1386108398,411000149.13432527,411000149.13432348,-1.7881393432617188e-06
509,5,7,7,6304.6649017333984,6304.6649017334003,39748799.523149006,39748799.523149028,2.2351741790771484e-08
510,6,7,7,-25406.57861328125,-25406.578613281199,645494236.8328402,645494236.83283758,-2.6226043701171875e-06
511,7,7,7,-7006.5960693359375,-7006.5960693359002,49092388.478833809,49092388.478833288,-5.2154064178466797e-07
