logical_index,r,real_acc_q16,imag_acc_q16,real,imag,density
0,0,213,0,0.0032501220703125,0,1.0563293471932411e-05
1,0.097751710654936458,-185592,0,-2.8319091796875,0,8.0197096019983292
2,0.19550342130987292,97360,0,1.485595703125,0,2.2069945931434631
3,0.2932551319648094,0,0,0,0,0
4,0.39100684261974583,0,0,0,0,0
5,0.48875855327468232,0,0,0,0,0
6,0.5865102639296188,0,0,0,0,0
7,0.68426197458455518,0,0,0,0,0
8,0.78201368523949166,0,0,0,0,0
9,0.87976539589442815,0,0,0,0,0
10,0.97751710654936463,0,0,0,0,0
11,1.075268817204301,0,0,0,0,0
12,1.1730205278592376,0,0,0,0,0
13,1.270772238514174,0,0,0,0,0
14,1.3685239491691104,0,0,0,0,0
15,1.466275659824047,0,0,0,0,0
16,1.5640273704789833,0,0,0,0,0
17,1.6617790811339199,0,0,0,0,0
18,1.7595307917888563,0,0,0,0,0
19,1.8572825024437927,0,0,0,0,0
20,1.9550342130987293,0,0,0,0,0
21,2.0527859237536656,0,0,0,0,0
22,2.150537634408602,0,0,0,0,0
23,2.2482893450635384,0,0,0,0,0
24,2.3460410557184752,0,0,0,0,0
25,2.4437927663734116,0,0,0,0,0
26,2.541544477028348,0,0,0,0,0
27,2.6392961876832843,0,0,0,0,0
28,2.7370478983382207,0,0,0,0,0
29,2.8347996089931575,0,0,0,0,0
30,2.9325513196480939,0,0,0,0,0
31,3.0303030303030303,0,0,0,0,0
32,3.1280547409579667,0,0,0,0,0
33,3.225806451612903,0,0,0,0,0
34,3.3235581622678398,0,0,0,0,0
35,3.4213098729227762,0,0,0,0,0
36,3.5190615835777126,0,0,0,0,0
37,3.616813294232649,0,0,0,0,0
38,3.7145650048875853,0,0,0,0,0
39,3.8123167155425222,0,0,0,0,0
40,3.9100684261974585,0,0,0,0,0
41,4.0078201368523949,0,0,0,0,0
42,4.1055718475073313,0,0,0,0,0
43,4.2033235581622677,0,0,0,0,0
44,4.301075268817204,0,0,0,0,0
45,4.3988269794721404,0,0,0,0,0
46,4.4965786901270768,0,0,0,0,0
47,4.594330400782014,0,0,0,0,0
48,4.6920821114369504,0,0,0,0,0
49,4.7898338220918868,0,0,0,0,0
50,4.8875855327468232,0,0,0,0,0
51,4.9853372434017595,0,0,0,0,0
52,5.0830889540566959,0,0,0,0,0
53,5.1808406647116323,0,0,0,0,0
54,5.2785923753665687,0,0,0,0,0
55,5.376344086021505,0,0,0,0,0
56,5.4740957966764414,0,0,0,0,0
57,5.5718475073313787,0,0,0,0,0
58,5.6695992179863151,0,0,0,0,0
59,5.7673509286412514,0,0,0,0,0
60,5.8651026392961878,0,0,0,0,0
61,5.9628543499511242,0,0,0,0,0
62,6.0606060606060606,0,0,0,0,0
63,6.1583577712609969,0,0,0,0,0
64,6.2561094819159333,0,0,0,0,0
65,6.3538611925708697,0,0,0,0,0
66,6.4516129032258061,0,0,0,0,0
67,6.5493646138807433,0,0,0,0,0
68,6.6471163245356797,0,0,0,0,0
69,6.7448680351906161,0,0,0,0,0
70,6.8426197458455524,0,0,0,0,0
71,6.9403714565004888,0,0,0,0,0
72,7.0381231671554252,0,0,0,0,0
73,7.1358748778103616,0,0,0,0,0
74,7.2336265884652979,0,0,0,0,0
75,7.3313782991202343,0,0,0,0,0
76,7.4291300097751707,0,0,0,0,0
77,7.5268817204301079,0,0,0,0,0
78,7.6246334310850443,0,0,0,0,0
79,7.7223851417399807,0,0,0,0,0
80,7.8201368523949171,0,0,0,0,0
81,7.9178885630498534,0,0,0,0,0
82,8.0156402737047898,0,0,0,0,0
83,8.1133919843597262,0,0,0,0,0
84,8.2111436950146626,0,0,0,0,0
85,8.3088954056695989,0,0,0,0,0
86,8.4066471163245353,0,0,0,0,0
87,8.5043988269794717,0,0,0,0,0
88,8.6021505376344081,0,0,0,0,0
89,8.6999022482893444,0,0,0,0,0
90,8.7976539589442808,0,0,0,0,0
91,8.8954056695992172,0,0,0,0,0
92,8.9931573802541536,0,0,0,0,0
93,9.0909090909090917,0,0,0,0,0
94,9.1886608015640281,0,0,0,0,0
95,9.2864125122189645,0,0,0,0,0
96,9.3841642228739008,0,0,0,0,0
97,9.4819159335288372,0,0,0,0,0
98,9.5796676441837736,0,0,0,0,0
99,9.67741935483871,0,0,0,0,0
100,9.7751710654936463,0,0,0,0,0
101,9.8729227761485827,0,0,0,0,0
102,9.9706744868035191,0,0,0,0,0
103,10.068426197458455,0,0,0,0,0
104,10.166177908113392,0,0,0,0,0
105,10.263929618768328,0,0,0,0,0
106,10.361681329423265,0,0,0,0,0
107,10.459433040078201,0,0,0,0,0
108,10.557184750733137,0,0,0,0,0
109,10.654936461388074,0,0,0,0,0
110,10.75268817204301,0,0,0,0,0
111,10.850439882697946,0,0,0,0,0
112,10.948191593352883,0,0,0,0,0
113,11.045943304007821,0,0,0,0,0
114,11.143695014662757,0,0,0,0,0
115,11.241446725317694,0,0,0,0,0
116,11.33919843597263,0,0,0,0,0
117,11.436950146627566,0,0,0,0,0
118,11.534701857282503,0,0,0,0,0
119,11.632453567937439,0,0,0,0,0
120,11.730205278592376,0,0,0,0,0
121,11.827956989247312,0,0,0,0,0
122,11.925708699902248,0,0,0,0,0
123,12.023460410557185,0,0,0,0,0
124,12.121212121212121,0,0,0,0,0
125,12.218963831867057,0,0,0,0,0
126,12.316715542521994,0,0,0,0,0
127,12.41446725317693,0,0,0,0,0
128,12.512218963831867,0,0,0,0,0
129,12.609970674486803,0,0,0,0,0
130,12.707722385141739,0,0,0,0,0
131,12.805474095796676,0,0,0,0,0
132,12.903225806451612,0,0,0,0,0
133,13.00097751710655,0,0,0,0,0
134,13.098729227761487,0,0,0,0,0
135,13.196480938416423,0,0,0,0,0
136,13.294232649071359,0,0,0,0,0
137,13.391984359726296,0,0,0,0,0
138,13.489736070381232,0,0,0,0,0
139,13.587487781036168,0,0,0,0,0
140,13.685239491691105,0,0,0,0,0
141,13.782991202346041,0,0,0,0,0
142,13.880742913000978,0,0,0,0,0
143,13.978494623655914,0,0,0,0,0
144,14.07624633431085,0,0,0,0,0
145,14.173998044965787,0,0,0,0,0
146,14.271749755620723,0,0,0,0,0
147,14.369501466275659,0,0,0,0,0
148,14.467253176930596,0,0,0,0,0
149,14.565004887585532,0,0,0,0,0
150,14.662756598240469,0,0,0,0,0
151,14.760508308895405,0,0,0,0,0
152,14.858260019550341,0,0,0,0,0
153,14.956011730205278,0,0,0,0,0
154,15.053763440860216,0,0,0,0,0
155,15.151515151515152,0,0,0,0,0
156,15.249266862170089,0,0,0,0,0
157,15.347018572825025,0,0,0,0,0
158,15.444770283479961,0,0,0,0,0
159,15.542521994134898,0,0,0,0,0
160,15.640273704789834,0,0,0,0,0
161,15.738025415444771,0,0,0,0,0
162,15.835777126099707,0,0,0,0,0
163,15.933528836754643,0,0,0,0,0
164,16.03128054740958,0,0,0,0,0
165,16.129032258064516,0,0,0,0,0
166,16.226783968719452,0,0,0,0,0
167,16.324535679374389,0,0,0,0,0
168,16.422287390029325,0,0,0,0,0
169,16.520039100684262,0,0,0,0,0
170,16.617790811339198,0,0,0,0,0
171,16.715542521994134,0,0,0,0,0
172,16.813294232649071,0,0,0,0,0
173,16.911045943304007,0,0,0,0,0
174,17.008797653958943,0,0,0,0,0
175,17.10654936461388,0,0,0,0,0
176,17.204301075268816,0,0,0,0,0
177,17.302052785923753,0,0,0,0,0
178,17.399804496578689,0,0,0,0,0
179,17.497556207233625,0,0,0,0,0
180,17.595307917888562,0,0,0,0,0
181,17.693059628543498,0,0,0,0,0
182,17.790811339198434,0,0,0,0,0
183,17.888563049853371,0,0,0,0,0
184,17.986314760508307,0,0,0,0,0
185,18.084066471163247,0,0,0,0,0
186,18.181818181818183,0,0,0,0,0
187,18.27956989247312,0,0,0,0,0
188,18.377321603128056,0,0,0,0,0
189,18.475073313782993,0,0,0,0,0
190,18.572825024437929,0,0,0,0,0
191,18.670576735092865,0,0,0,0,0
192,18.768328445747802,0,0,0,0,0
193,18.866080156402738,0,0,0,0,0
194,18.963831867057674,0,0,0,0,0
195,19.061583577712611,0,0,0,0,0
196,19.159335288367547,0,0,0,0,0
197,19.257086999022484,0,0,0,0,0
198,19.35483870967742,0,0,0,0,0
199,19.452590420332356,0,0,0,0,0
200,19.550342130987293,0,0,0,0,0
201,19.648093841642229,0,0,0,0,0
202,19.745845552297165,0,0,0,0,0
203,19.843597262952102,0,0,0,0,0
204,19.941348973607038,0,0,0,0,0
205,20.039100684261975,0,0,0,0,0
206,20.136852394916911,0,0,0,0,0
207,20.234604105571847,0,0,0,0,0
208,20.332355816226784,0,0,0,0,0
209,20.43010752688172,0,0,0,0,0
210,20.527859237536656,0,0,0,0,0
211,20.625610948191593,0,0,0,0,0
212,20.723362658846529,0,0,0,0,0
213,20.821114369501466,0,0,0,0,0
214,20.918866080156402,0,0,0,0,0
215,21.016617790811338,0,0,0,0,0
216,21.114369501466275,0,0,0,0,0
217,21.212121212121211,0,0,0,0,0
218,21.309872922776147,0,0,0,0,0
219,21.407624633431084,0,0,0,0,0
220,21.50537634408602,0,0,0,0,0
221,21.603128054740957,0,0,0,0,0
222,21.700879765395893,0,0,0,0,0
223,21.798631476050829,0,0,0,0,0
224,21.896383186705766,0,0,0,0,0
225,21.994134897360702,0,0,0,0,0
226,22.091886608015642,0,0,0,0,0
227,22.189638318670578,0,0,0,0,0
228,22.287390029325515,0,0,0,0,0
229,22.385141739980451,0,0,0,0,0
230,22.482893450635387,0,0,0,0,0
231,22.580645161290324,0,0,0,0,0
232,22.67839687194526,0,0,0,0,0
233,22.776148582600197,0,0,0,0,0
234,22.873900293255133,0,0,0,0,0
235,22.971652003910069,0,0,0,0,0
236,23.069403714565006,0,0,0,0,0
237,23.167155425219942,0,0,0,0,0
238,23.264907135874878,0,0,0,0,0
239,23.362658846529815,0,0,0,0,0
240,23.460410557184751,0,0,0,0,0
241,23.558162267839688,0,0,0,0,0
242,23.655913978494624,0,0,0,0,0
243,23.75366568914956,0,0,0,0,0
244,23.851417399804497,0,0,0,0,0
245,23.949169110459433,0,0,0,0,0
246,24.046920821114369,0,0,0,0,0
247,24.144672531769306,0,0,0,0,0
248,24.242424242424242,0,0,0,0,0
249,24.340175953079179,0,0,0,0,0
250,24.437927663734115,0,0,0,0,0
251,24.535679374389051,0,0,0,0,0
252,24.633431085043988,0,0,0,0,0
253,24.731182795698924,0,0,0,0,0
254,24.82893450635386,0,0,0,0,0
255,24.926686217008797,0,0,0,0,0
256,25.024437927663733,0,0,0,0,0
257,25.12218963831867,0,0,0,0,0
258,25.219941348973606,0,0,0,0,0
259,25.317693059628542,0,0,0,0,0
260,25.415444770283479,0,0,0,0,0
261,25.513196480938415,0,0,0,0,0
262,25.610948191593351,0,0,0,0,0
263,25.708699902248288,0,0,0,0,0
264,25.806451612903224,0,0,0,0,0
265,25.904203323558161,0,0,0,0,0
266,26.001955034213101,0,0,0,0,0
267,26.099706744868037,0,0,0,0,0
268,26.197458455522973,0,0,0,0,0
269,26.29521016617791,0,0,0,0,0
270,26.392961876832846,0,0,0,0,0
271,26.490713587487782,0,0,0,0,0
272,26.588465298142719,0,0,0,0,0
273,26.686217008797655,0,0,0,0,0
274,26.783968719452592,0,0,0,0,0
275,26.881720430107528,0,0,0,0,0
276,26.979472140762464,0,0,0,0,0
277,27.077223851417401,0,0,0,0,0
278,27.174975562072337,0,0,0,0,0
279,27.272727272727273,0,0,0,0,0
280,27.37047898338221,0,0,0,0,0
281,27.468230694037146,0,0,0,0,0
282,27.565982404692082,0,0,0,0,0
283,27.663734115347019,0,0,0,0,0
284,27.761485826001955,0,0,0,0,0
285,27.859237536656892,0,0,0,0,0
286,27.956989247311828,0,0,0,0,0
287,28.054740957966764,0,0,0,0,0
288,28.152492668621701,0,0,0,0,0
289,28.250244379276637,0,0,0,0,0
290,28.347996089931573,0,0,0,0,0
291,28.44574780058651,0,0,0,0,0
292,28.543499511241446,0,0,0,0,0
293,28.641251221896383,0,0,0,0,0
294,28.739002932551319,0,0,0,0,0
295,28.836754643206255,0,0,0,0,0
296,28.934506353861192,0,0,0,0,0
297,29.032258064516128,0,0,0,0,0
298,29.130009775171064,0,0,0,0,0
299,29.227761485826001,0,0,0,0,0
300,29.325513196480937,0,0,0,0,0
301,29.423264907135874,0,0,0,0,0
302,29.52101661779081,0,0,0,0,0
303,29.618768328445746,0,0,0,0,0
304,29.716520039100683,0,0,0,0,0
305,29.814271749755619,0,0,0,0,0
306,29.912023460410555,0,0,0,0,0
307,30.009775171065495,0,0,0,0,0
308,30.107526881720432,0,0,0,0,0
309,30.205278592375368,0,0,0,0,0
310,30.303030303030305,0,0,0,0,0
311,30.400782013685241,0,0,0,0,0
312,30.498533724340177,0,0,0,0,0
313,30.596285434995114,0,0,0,0,0
314,30.69403714565005,0,0,0,0,0
315,30.791788856304986,0,0,0,0,0
316,30.889540566959923,0,0,0,0,0
317,30.987292277614859,0,0,0,0,0
318,31.085043988269796,0,0,0,0,0
319,31.182795698924732,0,0,0,0,0
320,31.280547409579668,0,0,0,0,0
321,31.378299120234605,0,0,0,0,0
322,31.476050830889541,0,0,0,0,0
323,31.573802541544477,0,0,0,0,0
324,31.671554252199414,0,0,0,0,0
325,31.76930596285435,0,0,0,0,0
326,31.867057673509287,0,0,0,0,0
327,31.964809384164223,0,0,0,0,0
328,32.062561094819159,0,0,0,0,0
329,32.160312805474099,0,0,0,0,0
330,32.258064516129032,0,0,0,0,0
331,32.355816226783972,0,0,0,0,0
332,32.453567937438905,0,0,0,0,0
333,32.551319648093845,0,0,0,0,0
334,32.649071358748778,0,0,0,0,0
335,32.746823069403717,0,0,0,0,0
336,32.84457478005865,0,0,0,0,0
337,32.94232649071359,0,0,0,0,0
338,33.040078201368523,0,0,0,0,0
339,33.137829912023463,0,0,0,0,0
340,33.235581622678396,0,0,0,0,0
341,33.333333333333336,0,0,0,0,0
342,33.431085043988269,0,0,0,0,0
343,33.528836754643208,0,0,0,0,0
344,33.626588465298141,0,0,0,0,0
345,33.724340175953081,0,0,0,0,0
346,33.822091886608014,0,0,0,0,0
347,33.919843597262954,0,0,0,0,0
348,34.017595307917887,0,0,0,0,0
349,34.115347018572827,0,0,0,0,0
350,34.21309872922776,0,0,0,0,0
351,34.310850439882699,0,0,0,0,0
352,34.408602150537632,0,0,0,0,0
353,34.506353861192572,0,0,0,0,0
354,34.604105571847505,0,0,0,0,0
355,34.701857282502445,0,0,0,0,0
356,34.799608993157378,0,0,0,0,0
357,34.897360703812318,0,0,0,0,0
358,34.995112414467251,0,0,0,0,0
359,35.09286412512219,0,0,0,0,0
360,35.190615835777123,0,0,0,0,0
361,35.288367546432063,0,0,0,0,0
362,35.386119257086996,0,0,0,0,0
363,35.483870967741936,0,0,0,0,0
364,35.581622678396869,0,0,0,0,0
365,35.679374389051809,0,0,0,0,0
366,35.777126099706742,0,0,0,0,0
367,35.874877810361681,0,0,0,0,0
368,35.972629521016614,0,0,0,0,0
369,36.070381231671554,0,0,0,0,0
370,36.168132942326494,0,0,0,0,0
371,36.265884652981427,0,0,0,0,0
372,36.363636363636367,0,0,0,0,0
373,36.4613880742913,0,0,0,0,0
374,36.55913978494624,0,0,0,0,0
375,36.656891495601172,0,0,0,0,0
376,36.754643206256112,0,0,0,0,0
377,36.852394916911045,0,0,0,0,0
378,36.950146627565985,0,0,0,0,0
379,37.047898338220918,0,0,0,0,0
380,37.145650048875858,0,0,0,0,0
381,37.243401759530791,0,0,0,0,0
382,37.341153470185731,0,0,0,0,0
383,37.438905180840663,0,0,0,0,0
384,37.536656891495603,0,0,0,0,0
385,37.634408602150536,0,0,0,0,0
386,37.732160312805476,0,0,0,0,0
387,37.829912023460409,0,0,0,0,0
388,37.927663734115349,0,0,0,0,0
389,38.025415444770282,0,0,0,0,0
390,38.123167155425222,0,0,0,0,0
391,38.220918866080154,0,0,0,0,0
392,38.318670576735094,0,0,0,0,0
393,38.416422287390027,0,0,0,0,0
394,38.514173998044967,0,0,0,0,0
395,38.6119257086999,0,0,0,0,0
396,38.70967741935484,0,0,0,0,0
397,38.807429130009773,0,0,0,0,0
398,38.905180840664713,0,0,0,0,0
399,39.002932551319645,0,0,0,0,0
400,39.100684261974585,0,0,0,0,0
401,39.198435972629518,0,0,0,0,0
402,39.296187683284458,0,0,0,0,0
403,39.393939393939391,0,0,0,0,0
404,39.491691104594331,0,0,0,0,0
405,39.589442815249264,0,0,0,0,0
406,39.687194525904204,0,0,0,0,0
407,39.784946236559136,0,0,0,0,0
408,39.882697947214076,0,0,0,0,0
409,39.980449657869009,0,0,0,0,0
410,40.078201368523949,0,0,0,0,0
411,40.175953079178889,0,0,0,0,0
412,40.273704789833822,0,0,0,0,0
413,40.371456500488762,0,0,0,0,0
414,40.469208211143695,0,0,0,0,0
415,40.566959921798635,0,0,0,0,0
416,40.664711632453567,0,0,0,0,0
417,40.762463343108507,0,0,0,0,0
418,40.86021505376344,0,0,0,0,0
419,40.95796676441838,0,0,0,0,0
420,41.055718475073313,0,0,0,0,0
421,41.153470185728253,0,0,0,0,0
422,41.251221896383186,0,0,0,0,0
423,41.348973607038126,0,0,0,0,0
424,41.446725317693058,0,0,0,0,0
425,41.544477028347998,0,0,0,0,0
426,41.642228739002931,0,0,0,0,0
427,41.739980449657871,0,0,0,0,0
428,41.837732160312804,0,0,0,0,0
429,41.935483870967744,0,0,0,0,0
430,42.033235581622677,0,0,0,0,0
431,42.130987292277617,0,0,0,0,0
432,42.228739002932549,0,0,0,0,0
433,42.326490713587489,0,0,0,0,0
434,42.424242424242422,0,0,0,0,0
435,42.521994134897362,0,0,0,0,0
436,42.619745845552295,0,0,0,0,0
437,42.717497556207235,0,0,0,0,0
438,42.815249266862168,0,0,0,0,0
439,42.913000977517108,0,0,0,0,0
440,43.01075268817204,0,0,0,0,0
441,43.10850439882698,0,0,0,0,0
442,43.206256109481913,0,0,0,0,0
443,43.304007820136853,0,0,0,0,0
444,43.401759530791786,0,0,0,0,0
445,43.499511241446726,0,0,0,0,0
446,43.597262952101659,0,0,0,0,0
447,43.695014662756599,0,0,0,0,0
448,43.792766373411531,0,0,0,0,0
449,43.890518084066471,0,0,0,0,0
450,43.988269794721404,0,0,0,0,0
451,44.086021505376344,0,0,0,0,0
452,44.183773216031284,0,0,0,0,0
453,44.281524926686217,0,0,0,0,0
454,44.379276637341157,0,0,0,0,0
455,44.47702834799609,0,0,0,0,0
456,44.574780058651029,0,0,0,0,0
457,44.672531769305962,0,0,0,0,0
458,44.770283479960902,0,0,0,0,0
459,44.868035190615835,0,0,0,0,0
460,44.965786901270775,0,0,0,0,0
461,45.063538611925708,0,0,0,0,0
462,45.161290322580648,0,0,0,0,0
463,45.259042033235581,0,0,0,0,0
464,45.35679374389052,0,0,0,0,0
465,45.454545454545453,0,0,0,0,0
466,45.552297165200393,0,0,0,0,0
467,45.650048875855326,0,0,0,0,0
468,45.747800586510266,0,0,0,0,0
469,45.845552297165199,0,0,0,0,0
470,45.943304007820139,0,0,0,0,0
471,46.041055718475072,0,0,0,0,0
472,46.138807429130011,0,0,0,0,0
473,46.236559139784944,0,0,0,0,0
474,46.334310850439884,0,0,0,0,0
475,46.432062561094817,0,0,0,0,0
476,46.529814271749757,0,0,0,0,0
477,46.62756598240469,0,0,0,0,0
478,46.72531769305963,0,0,0,0,0
479,46.823069403714562,0,0,0,0,0
480,46.920821114369502,0,0,0,0,0
481,47.018572825024435,0,0,0,0,0
482,47.116324535679375,0,0,0,0,0
483,47.214076246334308,0,0,0,0,0
484,47.311827956989248,0,0,0,0,0
485,47.409579667644181,0,0,0,0,0
486,47.507331378299121,0,0,0,0,0
487,47.605083088954053,0,0,0,0,0
488,47.702834799608993,0,0,0,0,0
489,47.800586510263926,0,0,0,0,0
490,47.898338220918866,0,0,0,0,0
491,47.996089931573799,0,0,0,0,0
492,48.093841642228739,0,0,0,0,0
493,48.191593352883679,0,0,0,0,0
494,48.289345063538612,0,0,0,0,0
495,48.387096774193552,0,0,0,0,0
496,48.484848484848484,0,0,0,0,0
497,48.582600195503424,0,0,0,0,0
498,48.680351906158357,0,0,0,0,0
499,48.778103616813297,0,0,0,0,0
500,48.87585532746823,0,0,0,0,0
501,48.97360703812317,0,0,0,0,0
502,49.071358748778103,0,0,0,0,0
503,49.169110459433043,0,0,0,0,0
504,49.266862170087975,0,0,0,0,0
505,49.364613880742915,0,0,0,0,0
506,49.462365591397848,0,0,0,0,0
507,49.560117302052788,0,0,0,0,0
508,49.657869012707721,0,0,0,0,0
509,49.755620723362661,0,0,0,0,0
510,49.853372434017594,0,0,0,0,0
511,49.951124144672534,0,0,0,0,0
512,50.048875855327466,0,0,0,0,0
513,50.146627565982406,0,0,0,0,0
514,50.244379276637339,0,0,0,0,0
515,50.342130987292279,0,0,0,0,0
516,50.439882697947212,0,0,0,0,0
517,50.537634408602152,0,0,0,0,0
518,50.635386119257085,0,0,0,0,0
519,50.733137829912025,0,0,0,0,0
520,50.830889540566957,0,0,0,0,0
521,50.928641251221897,0,0,0,0,0
522,51.02639296187683,0,0,0,0,0
523,51.12414467253177,0,0,0,0,0
524,51.221896383186703,0,0,0,0,0
525,51.319648093841643,0,0,0,0,0
526,51.417399804496576,0,0,0,0,0
527,51.515151515151516,0,0,0,0,0
528,51.612903225806448,0,0,0,0,0
529,51.710654936461388,0,0,0,0,0
530,51.808406647116321,0,0,0,0,0
531,51.906158357771261,0,0,0,0,0
532,52.003910068426201,0,0,0,0,0
533,52.101661779081134,0,0,0,0,0
534,52.199413489736074,0,0,0,0,0
535,52.297165200391007,0,0,0,0,0
536,52.394916911045947,0,0,0,0,0
537,52.492668621700879,0,0,0,0,0
538,52.590420332355819,0,0,0,0,0
539,52.688172043010752,0,0,0,0,0
540,52.785923753665692,0,0,0,0,0
541,52.883675464320625,0,0,0,0,0
542,52.981427174975565,0,0,0,0,0
543,53.079178885630498,0,0,0,0,0
544,53.176930596285438,0,0,0,0,0
545,53.27468230694037,0,0,0,0,0
546,53.37243401759531,0,0,0,0,0
547,53.470185728250243,0,0,0,0,0
548,53.567937438905183,0,0,0,0,0
549,53.665689149560116,0,0,0,0,0
550,53.763440860215056,0,0,0,0,0
551,53.861192570869989,0,0,0,0,0
552,53.958944281524928,0,0,0,0,0
553,54.056695992179861,0,0,0,0,0
554,54.154447702834801,0,0,0,0,0
555,54.252199413489734,0,0,0,0,0
556,54.349951124144674,0,0,0,0,0
557,54.447702834799607,0,0,0,0,0
558,54.545454545454547,0,0,0,0,0
559,54.64320625610948,0,0,0,0,0
560,54.740957966764419,0,0,0,0,0
561,54.838709677419352,0,0,0,0,0
562,54.936461388074292,0,0,0,0,0
563,55.034213098729225,0,0,0,0,0
564,55.131964809384165,0,0,0,0,0
565,55.229716520039098,0,0,0,0,0
566,55.327468230694038,0,0,0,0,0
567,55.425219941348971,0,0,0,0,0
568,55.52297165200391,0,0,0,0,0
569,55.620723362658843,0,0,0,0,0
570,55.718475073313783,0,0,0,0,0
571,55.816226783968716,0,0,0,0,0
572,55.913978494623656,0,0,0,0,0
573,56.011730205278596,0,0,0,0,0
574,56.109481915933529,0,0,0,0,0
575,56.207233626588469,0,0,0,0,0
576,56.304985337243401,0,0,0,0,0
577,56.402737047898341,0,0,0,0,0
578,56.500488758553274,0,0,0,0,0
579,56.598240469208214,0,0,0,0,0
580,56.695992179863147,0,0,0,0,0
581,56.793743890518087,0,0,0,0,0
582,56.89149560117302,0,0,0,0,0
583,56.98924731182796,0,0,0,0,0
584,57.086999022482892,0,0,0,0,0
585,57.184750733137832,0,0,0,0,0
586,57.282502443792765,0,0,0,0,0
587,57.380254154447705,0,0,0,0,0
588,57.478005865102638,0,0,0,0,0
589,57.575757575757578,0,0,0,0,0
590,57.673509286412511,0,0,0,0,0
591,57.771260997067451,0,0,0,0,0
592,57.869012707722383,0,0,0,0,0
593,57.966764418377323,0,0,0,0,0
594,58.064516129032256,0,0,0,0,0
595,58.162267839687196,0,0,0,0,0
596,58.260019550342129,0,0,0,0,0
597,58.357771260997069,0,0,0,0,0
598,58.455522971652002,0,0,0,0,0
599,58.553274682306942,0,0,0,0,0
600,58.651026392961874,0,0,0,0,0
601,58.748778103616814,0,0,0,0,0
602,58.846529814271747,0,0,0,0,0
603,58.944281524926687,0,0,0,0,0
604,59.04203323558162,0,0,0,0,0
605,59.13978494623656,0,0,0,0,0
606,59.237536656891493,0,0,0,0,0
607,59.335288367546433,0,0,0,0,0
608,59.433040078201365,0,0,0,0,0
609,59.530791788856305,0,0,0,0,0
610,59.628543499511238,0,0,0,0,0
611,59.726295210166178,0,0,0,0,0
612,59.824046920821111,0,0,0,0,0
613,59.921798631476051,0,0,0,0,0
614,60.019550342130991,0,0,0,0,0
615,60.117302052785924,0,0,0,0,0
616,60.215053763440864,0,0,0,0,0
617,60.312805474095796,0,0,0,0,0
618,60.410557184750736,0,0,0,0,0
619,60.508308895405669,0,0,0,0,0
620,60.606060606060609,0,0,0,0,0
621,60.703812316715542,0,0,0,0,0
622,60.801564027370482,0,0,0,0,0
623,60.899315738025415,0,0,0,0,0
624,60.997067448680355,0,0,0,0,0
625,61.094819159335287,0,0,0,0,0
626,61.192570869990227,0,0,0,0,0
627,61.29032258064516,0,0,0,0,0
628,61.3880742913001,0,0,0,0,0
629,61.485826001955033,0,0,0,0,0
630,61.583577712609973,0,0,0,0,0
631,61.681329423264906,0,0,0,0,0
632,61.779081133919846,0,0,0,0,0
633,61.876832844574778,0,0,0,0,0
634,61.974584555229718,0,0,0,0,0
635,62.072336265884651,0,0,0,0,0
636,62.170087976539591,0,0,0,0,0
637,62.267839687194524,0,0,0,0,0
638,62.365591397849464,0,0,0,0,0
639,62.463343108504397,0,0,0,0,0
640,62.561094819159337,0,0,0,0,0
641,62.658846529814269,0,0,0,0,0
642,62.756598240469209,0,0,0,0,0
643,62.854349951124142,0,0,0,0,0
644,62.952101661779082,0,0,0,0,0
645,63.049853372434015,0,0,0,0,0
646,63.147605083088955,0,0,0,0,0
647,63.245356793743888,0,0,0,0,0
648,63.343108504398828,0,0,0,0,0
649,63.44086021505376,0,0,0,0,0
650,63.5386119257087,0,0,0,0,0
651,63.636363636363633,0,0,0,0,0
652,63.734115347018573,0,0,0,0,0
653,63.831867057673506,0,0,0,0,0
654,63.929618768328446,0,0,0,0,0
655,64.027370478983386,0,0,0,0,0
656,64.125122189638319,0,0,0,0,0
657,64.222873900293251,0,0,0,0,0
658,64.320625610948198,0,0,0,0,0
659,64.418377321603131,0,0,0,0,0
660,64.516129032258064,0,0,0,0,0
661,64.613880742912997,0,0,0,0,0
662,64.711632453567944,0,0,0,0,0
663,64.809384164222877,0,0,0,0,0
664,64.90713587487781,0,0,0,0,0
665,65.004887585532742,0,0,0,0,0
666,65.102639296187689,0,0,0,0,0
667,65.200391006842622,0,0,0,0,0
668,65.298142717497555,0,0,0,0,0
669,65.395894428152488,0,0,0,0,0
670,65.493646138807435,0,0,0,0,0
671,65.591397849462368,0,0,0,0,0
672,65.689149560117301,0,0,0,0,0
673,65.786901270772233,0,0,0,0,0
674,65.88465298142718,0,0,0,0,0
675,65.982404692082113,0,0,0,0,0
676,66.080156402737046,0,0,0,0,0
677,66.177908113391979,0,0,0,0,0
678,66.275659824046926,0,0,0,0,0
679,66.373411534701859,0,0,0,0,0
680,66.471163245356792,0,0,0,0,0
681,66.568914956011724,0,0,0,0,0
682,66.666666666666671,0,0,0,0,0
683,66.764418377321604,0,0,0,0,0
684,66.862170087976537,0,0,0,0,0
685,66.95992179863147,0,0,0,0,0
686,67.057673509286417,0,0,0,0,0
687,67.15542521994135,0,0,0,0,0
688,67.253176930596283,0,0,0,0,0
689,67.350928641251215,0,0,0,0,0
690,67.448680351906162,0,0,0,0,0
691,67.546432062561095,0,0,0,0,0
692,67.644183773216028,0,0,0,0,0
693,67.741935483870961,0,0,0,0,0
694,67.839687194525908,0,0,0,0,0
695,67.937438905180841,0,0,0,0,0
696,68.035190615835774,0,0,0,0,0
697,68.132942326490721,0,0,0,0,0
698,68.230694037145653,0,0,0,0,0
699,68.328445747800586,0,0,0,0,0
700,68.426197458455519,0,0,0,0,0
701,68.523949169110466,0,0,0,0,0
702,68.621700879765399,0,0,0,0,0
703,68.719452590420332,0,0,0,0,0
704,68.817204301075265,0,0,0,0,0
705,68.914956011730212,0,0,0,0,0
706,69.012707722385144,0,0,0,0,0
707,69.110459433040077,0,0,0,0,0
708,69.20821114369501,0,0,0,0,0
709,69.305962854349957,0,0,0,0,0
710,69.40371456500489,0,0,0,0,0
711,69.501466275659823,0,0,0,0,0
712,69.599217986314756,0,0,0,0,0
713,69.696969696969703,0,0,0,0,0
714,69.794721407624635,0,0,0,0,0
715,69.892473118279568,0,0,0,0,0
716,69.990224828934501,0,0,0,0,0
717,70.087976539589448,0,0,0,0,0
718,70.185728250244381,0,0,0,0,0
719,70.283479960899314,0,0,0,0,0
720,70.381231671554247,0,0,0,0,0
721,70.478983382209194,0,0,0,0,0
722,70.576735092864126,0,0,0,0,0
723,70.674486803519059,0,0,0,0,0
724,70.772238514173992,0,0,0,0,0
725,70.869990224828939,0,0,0,0,0
726,70.967741935483872,0,0,0,0,0
727,71.065493646138805,0,0,0,0,0
728,71.163245356793738,0,0,0,0,0
729,71.260997067448685,0,0,0,0,0
730,71.358748778103617,0,0,0,0,0
731,71.45650048875855,0,0,0,0,0
732,71.554252199413483,0,0,0,0,0
733,71.65200391006843,0,0,0,0,0
734,71.749755620723363,0,0,0,0,0
735,71.847507331378296,0,0,0,0,0
736,71.945259042033229,0,0,0,0,0
737,72.043010752688176,0,0,0,0,0
738,72.140762463343108,0,0,0,0,0
739,72.238514173998041,0,0,0,0,0
740,72.336265884652988,0,0,0,0,0
741,72.434017595307921,0,0,0,0,0
742,72.531769305962854,0,0,0,0,0
743,72.629521016617787,0,0,0,0,0
744,72.727272727272734,0,0,0,0,0
745,72.825024437927667,0,0,0,0,0
746,72.922776148582599,0,0,0,0,0
747,73.020527859237532,0,0,0,0,0
748,73.118279569892479,0,0,0,0,0
749,73.216031280547412,0,0,0,0,0
750,73.313782991202345,0,0,0,0,0
751,73.411534701857278,0,0,0,0,0
752,73.509286412512225,0,0,0,0,0
753,73.607038123167158,0,0,0,0,0
754,73.70478983382209,0,0,0,0,0
755,73.802541544477023,0,0,0,0,0
756,73.90029325513197,0,0,0,0,0
757,73.998044965786903,0,0,0,0,0
758,74.095796676441836,0,0,0,0,0
759,74.193548387096769,0,0,0,0,0
760,74.291300097751716,0,0,0,0,0
761,74.389051808406649,0,0,0,0,0
762,74.486803519061581,0,0,0,0,0
763,74.584555229716514,0,0,0,0,0
764,74.682306940371461,0,0,0,0,0
765,74.780058651026394,0,0,0,0,0
766,74.877810361681327,0,0,0,0,0
767,74.97556207233626,0,0,0,0,0
768,75.073313782991207,0,0,0,0,0
769,75.17106549364614,0,0,0,0,0
770,75.268817204301072,0,0,0,0,0
771,75.366568914956005,0,0,0,0,0
772,75.464320625610952,0,0,0,0,0
773,75.562072336265885,0,0,0,0,0
774,75.659824046920818,0,0,0,0,0
775,75.757575757575751,0,0,0,0,0
776,75.855327468230698,0,0,0,0,0
777,75.953079178885631,0,0,0,0,0
778,76.050830889540563,0,0,0,0,0
779,76.14858260019551,0,0,0,0,0
780,76.246334310850443,0,0,0,0,0
781,76.344086021505376,0,0,0,0,0
782,76.441837732160309,0,0,0,0,0
783,76.539589442815256,0,0,0,0,0
784,76.637341153470189,0,0,0,0,0
785,76.735092864125122,0,0,0,0,0
786,76.832844574780054,0,0,0,0,0
787,76.930596285435001,0,0,0,0,0
788,77.028347996089934,0,0,0,0,0
789,77.126099706744867,0,0,0,0,0
790,77.2238514173998,0,0,0,0,0
791,77.321603128054747,0,0,0,0,0
792,77.41935483870968,0,0,0,0,0
793,77.517106549364613,0,0,0,0,0
794,77.614858260019545,0,0,0,0,0
795,77.712609970674492,0,0,0,0,0
796,77.810361681329425,0,0,0,0,0
797,77.908113391984358,0,0,0,0,0
798,78.005865102639291,0,0,0,0,0
799,78.103616813294238,0,0,0,0,0
800,78.201368523949171,0,0,0,0,0
801,78.299120234604104,0,0,0,0,0
802,78.396871945259036,0,0,0,0,0
803,78.494623655913983,0,0,0,0,0
804,78.592375366568916,0,0,0,0,0
805,78.690127077223849,0,0,0,0,0
806,78.787878787878782,0,0,0,0,0
807,78.885630498533729,0,0,0,0,0
808,78.983382209188662,0,0,0,0,0
809,79.081133919843595,0,0,0,0,0
810,79.178885630498527,0,0,0,0,0
811,79.276637341153474,0,0,0,0,0
812,79.374389051808407,0,0,0,0,0
813,79.47214076246334,0,0,0,0,0
814,79.569892473118273,0,0,0,0,0
815,79.66764418377322,0,0,0,0,0
816,79.765395894428153,0,0,0,0,0
817,79.863147605083086,0,0,0,0,0
818,79.960899315738018,0,0,0,0,0
819,80.058651026392965,0,0,0,0,0
820,80.156402737047898,0,0,0,0,0
821,80.254154447702831,0,0,0,0,0
822,80.351906158357778,0,0,0,0,0
823,80.449657869012711,0,0,0,0,0
824,80.547409579667644,0,0,0,0,0
825,80.645161290322577,0,0,0,0,0
826,80.742913000977524,0,0,0,0,0
827,80.840664711632456,0,0,0,0,0
828,80.938416422287389,0,0,0,0,0
829,81.036168132942322,0,0,0,0,0
830,81.133919843597269,0,0,0,0,0
831,81.231671554252202,0,0,0,0,0
832,81.329423264907135,0,0,0,0,0
833,81.427174975562068,0,0,0,0,0
834,81.524926686217015,0,0,0,0,0
835,81.622678396871947,0,0,0,0,0
836,81.72043010752688,0,0,0,0,0
837,81.818181818181813,0,0,0,0,0
838,81.91593352883676,0,0,0,0,0
839,82.013685239491693,0,0,0,0,0
840,82.111436950146626,0,0,0,0,0
841,82.209188660801559,0,0,0,0,0
842,82.306940371456506,0,0,0,0,0
843,82.404692082111438,0,0,0,0,0
844,82.502443792766371,0,0,0,0,0
845,82.600195503421304,0,0,0,0,0
846,82.697947214076251,0,0,0,0,0
847,82.795698924731184,0,0,0,0,0
848,82.893450635386117,0,0,0,0,0
849,82.99120234604105,0,0,0,0,0
850,83.088954056695997,0,0,0,0,0
851,83.186705767350929,0,0,0,0,0
852,83.284457478005862,0,0,0,0,0
853,83.382209188660795,0,0,0,0,0
854,83.479960899315742,0,0,0,0,0
855,83.577712609970675,0,0,0,0,0
856,83.675464320625608,0,0,0,0,0
857,83.773216031280541,0,0,0,0,0
858,83.870967741935488,0,0,0,0,0
859,83.96871945259042,0,0,0,0,0
860,84.066471163245353,0,0,0,0,0
861,84.1642228739003,0,0,0,0,0
862,84.261974584555233,0,0,0,0,0
863,84.359726295210166,0,0,0,0,0
864,84.457478005865099,0,0,0,0,0
865,84.555229716520046,0,0,0,0,0
866,84.652981427174979,0,0,0,0,0
867,84.750733137829911,0,0,0,0,0
868,84.848484848484844,0,0,0,0,0
869,84.946236559139791,0,0,0,0,0
870,85.043988269794724,0,0,0,0,0
871,85.141739980449657,0,0,0,0,0
872,85.23949169110459,0,0,0,0,0
873,85.337243401759537,0,0,0,0,0
874,85.43499511241447,0,0,0,0,0
875,85.532746823069402,0,0,0,0,0
876,85.630498533724335,0,0,0,0,0
877,85.728250244379282,0,0,0,0,0
878,85.826001955034215,0,0,0,0,0
879,85.923753665689148,0,0,0,0,0
880,86.021505376344081,0,0,0,0,0
881,86.119257086999028,0,0,0,0,0
882,86.217008797653961,0,0,0,0,0
883,86.314760508308893,0,0,0,0,0
884,86.412512218963826,0,0,0,0,0
885,86.510263929618773,0,0,0,0,0
886,86.608015640273706,0,0,0,0,0
887,86.705767350928639,0,0,0,0,0
888,86.803519061583572,0,0,0,0,0
889,86.901270772238519,0,0,0,0,0
890,86.999022482893452,0,0,0,0,0
891,87.096774193548384,0,0,0,0,0
892,87.194525904203317,0,0,0,0,0
893,87.292277614858264,0,0,0,0,0
894,87.390029325513197,0,0,0,0,0
895,87.48778103616813,0,0,0,0,0
896,87.585532746823063,0,0,0,0,0
897,87.68328445747801,0,0,0,0,0
898,87.781036168132943,0,0,0,0,0
899,87.878787878787875,0,0,0,0,0
900,87.976539589442808,0,0,0,0,0
901,88.074291300097755,0,0,0,0,0
902,88.172043010752688,0,0,0,0,0
903,88.269794721407621,0,0,0,0,0
904,88.367546432062568,0,0,0,0,0
905,88.465298142717501,0,0,0,0,0
906,88.563049853372434,0,0,0,0,0
907,88.660801564027366,0,0,0,0,0
908,88.758553274682313,0,0,0,0,0
909,88.856304985337246,0,0,0,0,0
910,88.954056695992179,0,0,0,0,0
911,89.051808406647112,0,0,0,0,0
912,89.149560117302059,0,0,0,0,0
913,89.247311827956992,0,0,0,0,0
914,89.345063538611925,0,0,0,0,0
915,89.442815249266857,0,0,0,0,0
916,89.540566959921804,0,0,0,0,0
917,89.638318670576737,0,0,0,0,0
918,89.73607038123167,0,0,0,0,0
919,89.833822091886603,0,0,0,0,0
920,89.93157380254155,0,0,0,0,0
921,90.029325513196483,0,0,0,0,0
922,90.127077223851416,0,0,0,0,0
923,90.224828934506348,0,0,0,0,0
924,90.322580645161295,0,0,0,0,0
925,90.420332355816228,0,0,0,0,0
926,90.518084066471161,0,0,0,0,0
927,90.615835777126094,0,0,0,0,0
928,90.713587487781041,0,0,0,0,0
929,90.811339198435974,0,0,0,0,0
930,90.909090909090907,0,0,0,0,0
931,91.006842619745839,0,0,0,0,0
932,91.104594330400786,0,0,0,0,0
933,91.202346041055719,0,0,0,0,0
934,91.300097751710652,0,0,0,0,0
935,91.397849462365585,0,0,0,0,0
936,91.495601173020532,0,0,0,0,0
937,91.593352883675465,0,0,0,0,0
938,91.691104594330398,0,0,0,0,0
939,91.78885630498533,0,0,0,0,0
940,91.886608015640277,0,0,0,0,0
941,91.98435972629521,0,0,0,0,0
942,92.082111436950143,0,0,0,0,0
943,92.17986314760509,0,0,0,0,0
944,92.277614858260023,0,0,0,0,0
945,92.375366568914956,0,0,0,0,0
946,92.473118279569889,0,0,0,0,0
947,92.570869990224836,0,0,0,0,0
948,92.668621700879768,0,0,0,0,0
949,92.766373411534701,0,0,0,0,0
950,92.864125122189634,0,0,0,0,0
951,92.961876832844581,0,0,0,0,0
952,93.059628543499514,0,0,0,0,0
953,93.157380254154447,0,0,0,0,0
954,93.255131964809379,0,0,0,0,0
955,93.352883675464327,0,0,0,0,0
956,93.450635386119259,0,0,0,0,0
957,93.548387096774192,0,0,0,0,0
958,93.646138807429125,0,0,0,0,0
959,93.743890518084072,0,0,0,0,0
960,93.841642228739005,0,0,0,0,0
961,93.939393939393938,0,0,0,0,0
962,94.03714565004887,0,0,0,0,0
963,94.134897360703818,0,0,0,0,0
964,94.23264907135875,0,0,0,0,0
965,94.330400782013683,0,0,0,0,0
966,94.428152492668616,0,0,0,0,0
967,94.525904203323563,0,0,0,0,0
968,94.623655913978496,0,0,0,0,0
969,94.721407624633429,0,0,0,0,0
970,94.819159335288361,0,0,0,0,0
971,94.916911045943309,0,0,0,0,0
972,95.014662756598241,0,0,0,0,0
973,95.112414467253174,0,0,0,0,0
974,95.210166177908107,0,0,0,0,0
975,95.307917888563054,0,0,0,0,0
976,95.405669599217987,0,0,0,0,0
977,95.50342130987292,0,0,0,0,0
978,95.601173020527852,0,0,0,0,0
979,95.6989247311828,0,0,0,0,0
980,95.796676441837732,0,0,0,0,0
981,95.894428152492665,0,0,0,0,0
982,95.992179863147598,0,0,0,0,0
983,96.089931573802545,0,0,0,0,0
984,96.187683284457478,0,0,0,0,0
985,96.285434995112411,0,0,0,0,0
986,96.383186705767358,0,0,0,0,0
987,96.480938416422291,0,0,0,0,0
988,96.578690127077223,0,0,0,0,0
989,96.676441837732156,0,0,0,0,0
990,96.774193548387103,0,0,0,0,0
991,96.871945259042036,0,0,0,0,0
992,96.969696969696969,0,0,0,0,0
993,97.067448680351902,0,0,0,0,0
994,97.165200391006849,0,0,0,0,0
995,97.262952101661782,0,0,0,0,0
996,97.360703812316714,0,0,0,0,0
997,97.458455522971647,0,0,0,0,0
998,97.556207233626594,0,0,0,0,0
999,97.653958944281527,0,0,0,0,0
1000,97.75171065493646,0,0,0,0,0
1001,97.849462365591393,0,0,0,0,0
1002,97.94721407624634,0,0,0,0,0
1003,98.044965786901273,0,0,0,0,0
1004,98.142717497556205,0,0,0,0,0
1005,98.240469208211138,0,0,0,0,0
1006,98.338220918866085,0,0,0,0,0
1007,98.435972629521018,0,0,0,0,0
1008,98.533724340175951,0,0,0,0,0
1009,98.631476050830884,0,0,0,0,0
1010,98.729227761485831,0,0,0,0,0
1011,98.826979472140764,0,0,0,0,0
1012,98.924731182795696,0,0,0,0,0
1013,99.022482893450629,0,0,0,0,0
1014,99.120234604105576,0,0,0,0,0
1015,99.217986314760509,0,0,0,0,0
1016,99.315738025415442,0,0,0,0,0
1017,99.413489736070375,0,0,0,0,0
1018,99.511241446725322,0,0,0,0,0
1019,99.608993157380255,0,0,0,0,0
1020,99.706744868035187,0,0,0,0,0
1021,99.80449657869012,0,0,0,0,0
1022,99.902248289345067,0,0,0,0,0
1023,100,0,0,0,0,0
