site,x,y,z,psi_float,psi_prev_float,m_prev_float,psi_hex,psi_prev_hex,m_prev_hex
0,0,0,0,-1505.9559631348,2660.2076873779,0.0000000000,0xFA1E0B46,0x0A64352B,0x00000000
1,1,0,0,-17319.6041717529,-20119.7643737793,0.0000000000,0xBC586555,0xB1683C52,0x00000000
2,2,0,0,-32336.5735168457,21863.4504394531,0.0000000000,0x81AF6D2E,0x55677350,0x00000000
3,3,0,0,19876.8712310791,10562.0758209229,0.0000000000,0x4DA4DF09,0x29421369,0x00000000
4,4,0,0,19876.8712005615,10562.0757293701,0.0000000000,0x4DA4DF07,0x29421363,0x00000000
5,5,0,0,-32336.5731048584,21863.4508209229,0.0000000000,0x81AF6D49,0x55677369,0x00000000
6,6,0,0,-17319.6042327881,-20119.7646026611,0.0000000000,0xBC586551,0xB1683C43,0x00000000
7,7,0,0,-1505.9560394287,2660.2075958252,0.0000000000,0xFA1E0B41,0x0A643525,0x00000000
8,0,1,0,-17319.6039733887,-20119.7643585205,0.0000000000,0xBC586562,0xB1683C53,0x00000000
9,1,1,0,-15382.1517944336,-11617.0522155762,0.0000000000,0xC3E9D924,0xD29EF2A2,0x00000000
10,2,1,0,12867.9290771484,12364.3347778320,0.0000000000,0x3243EDD8,0x304C55B4,0x00000000
11,3,1,0,13511.7656250000,9926.7740173340,0.0000000000,0x34C7C400,0x26C6C626,0x00000000
12,4,1,0,13511.7654876709,9926.7739105225,0.0000000000,0x34C7C3F7,0x26C6C61F,0x00000000
13,5,1,0,12867.9291381836,12364.3347930908,0.0000000000,0x3243EDDC,0x304C55B5,0x00000000
14,6,1,0,-15382.1519775391,-11617.0522766113,0.0000000000,0xC3E9D918,0xD29EF29E,0x00000000
15,7,1,0,-17319.6041870117,-20119.7644500732,0.0000000000,0xBC586554,0xB1683C4D,0x00000000
16,0,2,0,-32336.5729675293,21863.4507446289,0.0000000000,0x81AF6D52,0x55677364,0x00000000
17,1,2,0,12867.9292755127,12364.3349914551,0.0000000000,0x3243EDE5,0x304C55C2,0x00000000
18,2,2,0,18387.7554779053,28305.4413909912,0.0000000000,0x47D3C167,0x6E9170FF,0x00000000
19,3,2,0,-6158.4843902588,-7337.2056427002,0.0000000000,0xE7F183FF,0xE356CB5B,0x00000000
20,4,2,0,-6158.4848022461,-7337.2062835693,0.0000000000,0xE7F183E4,0xE356CB31,0x00000000
21,5,2,0,18387.7553863525,28305.4412994385,0.0000000000,0x47D3C161,0x6E9170F9,0x00000000
22,6,2,0,12867.9291076660,12364.3348083496,0.0000000000,0x3243EDDA,0x304C55B6,0x00000000
23,7,2,0,-32336.5733489990,21863.4505767822,0.0000000000,0x81AF6D39,0x55677359,0x00000000
24,0,3,0,19876.8712921143,10562.0758361816,0.0000000000,0x4DA4DF0D,0x2942136A,0x00000000
25,1,3,0,13511.7656707764,9926.7742462158,0.0000000000,0x34C7C403,0x26C6C635,0x00000000
26,2,3,0,-6158.4842987061,-7337.2055816650,0.0000000000,0xE7F18405,0xE356CB5F,0x00000000
27,3,3,0,-19780.1075592041,-31213.7862396240,0.0000000000,0xB2BBE477,0x861236B9,0x00000000
28,4,3,0,-19780.1075439453,-31213.7863922119,0.0000000000,0xB2BBE478,0x861236AF,0x00000000
29,5,3,0,-6158.4843902588,-7337.2057495117,0.0000000000,0xE7F183FF,0xE356CB54,0x00000000
30,6,3,0,13511.7656555176,9926.7741851807,0.0000000000,0x34C7C402,0x26C6C631,0x00000000
31,7,3,0,19876.8712158203,10562.0758666992,0.0000000000,0x4DA4DF08,0x2942136C,0x00000000
32,0,4,0,19876.8713378906,10562.0760345459,0.0000000000,0x4DA4DF10,0x29421377,0x00000000
33,1,4,0,13511.7656402588,9926.7740936279,0.0000000000,0x34C7C401,0x26C6C62B,0x00000000
34,2,4,0,-6158.4844665527,-7337.2058715820,0.0000000000,0xE7F183FA,0xE356CB4C,0x00000000
35,3,4,0,-19780.1073760986,-31213.7861633301,0.0000000000,0xB2BBE483,0x861236BE,0x00000000
36,4,4,0,-19780.1074371338,-31213.7862091064,0.0000000000,0xB2BBE47F,0x861236BB,0x00000000
37,5,4,0,-6158.4844512939,-7337.2057189941,0.0000000000,0xE7F183FB,0xE356CB56,0x00000000
38,6,4,0,13511.7655487061,9926.7740783691,0.0000000000,0x34C7C3FB,0x26C6C62A,0x00000000
39,7,4,0,19876.8710937500,10562.0757293701,0.0000000000,0x4DA4DF00,0x29421363,0x00000000
40,0,5,0,-32336.5732727051,21863.4506225586,0.0000000000,0x81AF6D3E,0x5567735C,0x00000000
41,1,5,0,12867.9293823242,12364.3350372314,0.0000000000,0x3243EDEC,0x304C55C5,0x00000000
42,2,5,0,18387.7554321289,28305.4413604736,0.0000000000,0x47D3C164,0x6E9170FD,0x00000000
43,3,5,0,-6158.4842987061,-7337.2055816650,0.0000000000,0xE7F18405,0xE356CB5F,0x00000000
44,4,5,0,-6158.4843292236,-7337.2056732178,0.0000000000,0xE7F18403,0xE356CB59,0x00000000
45,5,5,0,18387.7554473877,28305.4414215088,0.0000000000,0x47D3C165,0x6E917101,0x00000000
46,6,5,0,12867.9291229248,12364.3348236084,0.0000000000,0x3243EDDB,0x304C55B7,0x00000000
47,7,5,0,-32336.5734558105,21863.4503631592,0.0000000000,0x81AF6D32,0x5567734B,0x00000000
48,0,6,0,-17319.6039733887,-20119.7644348145,0.0000000000,0xBC586562,0xB1683C4E,0x00000000
49,1,6,0,-15382.1520233154,-11617.0524291992,0.0000000000,0xC3E9D915,0xD29EF294,0x00000000
50,2,6,0,12867.9291534424,12364.3348083496,0.0000000000,0x3243EDDD,0x304C55B6,0x00000000
51,3,6,0,13511.7655639648,9926.7739715576,0.0000000000,0x34C7C3FC,0x26C6C623,0x00000000
52,4,6,0,13511.7658081055,9926.7742767334,0.0000000000,0x34C7C40C,0x26C6C637,0x00000000
53,5,6,0,12867.9295654297,12364.3352661133,0.0000000000,0x3243EDF8,0x304C55D4,0x00000000
54,6,6,0,-15382.1518249512,-11617.0522460938,0.0000000000,0xC3E9D922,0xD29EF2A0,0x00000000
55,7,6,0,-17319.6045989990,-20119.7648010254,0.0000000000,0xBC586539,0xB1683C36,0x00000000
56,0,7,0,-1505.9559326172,2660.2076568604,0.0000000000,0xFA1E0B48,0x0A643529,0x00000000
57,1,7,0,-17319.6043548584,-20119.7646484375,0.0000000000,0xBC586549,0xB1683C40,0x00000000
58,2,7,0,-32336.5735015869,21863.4504699707,0.0000000000,0x81AF6D2F,0x55677352,0x00000000
59,3,7,0,19876.8712615967,10562.0759429932,0.0000000000,0x4DA4DF0B,0x29421371,0x00000000
60,4,7,0,19876.8712615967,10562.0758819580,0.0000000000,0x4DA4DF0B,0x2942136D,0x00000000
61,5,7,0,-32336.5731201172,21863.4507141113,0.0000000000,0x81AF6D48,0x55677362,0x00000000
62,6,7,0,-17319.6043243408,-20119.7645874023,0.0000000000,0xBC58654B,0xB1683C44,0x00000000
63,7,7,0,-1505.9558868408,2660.2078857422,0.0000000000,0xFA1E0B4B,0x0A643538,0x00000000
64,0,0,1,-17319.6040039062,-20119.7642211914,0.0000000000,0xBC586560,0xB1683C5C,0x00000000
65,1,0,1,-15382.1516418457,-11617.0519866943,0.0000000000,0xC3E9D92E,0xD29EF2B1,0x00000000
66,2,0,1,12867.9290008545,12364.3346405029,0.0000000000,0x3243EDD3,0x304C55AB,0x00000000
67,3,0,1,13511.7652893066,9926.7737884521,0.0000000000,0x34C7C3EA,0x26C6C617,0x00000000
68,4,0,1,13511.7657012939,9926.7740173340,0.0000000000,0x34C7C405,0x26C6C626,0x00000000
69,5,0,1,12867.9292144775,12364.3348999023,0.0000000000,0x3243EDE1,0x304C55BC,0x00000000
70,6,0,1,-15382.1515655518,-11617.0521240234,0.0000000000,0xC3E9D933,0xD29EF2A8,0x00000000
71,7,0,1,-17319.6041870117,-20119.7645263672,0.0000000000,0xBC586554,0xB1683C48,0x00000000
72,0,1,1,-15382.1514739990,-11617.0518798828,0.0000000000,0xC3E9D939,0xD29EF2B8,0x00000000
73,1,1,1,20105.6710205078,29450.7484741211,0.0000000000,0x4E89ABC8,0x730ABF9C,0x00000000
74,2,1,1,-30358.3851470947,-27497.9748535156,0.0000000000,0x89699D67,0x94960670,0x00000000
75,3,1,1,9943.4303741455,10302.1070098877,0.0000000000,0x26D76E2D,0x283E1B65,0x00000000
76,4,1,1,9943.4304351807,10302.1068878174,0.0000000000,0x26D76E31,0x283E1B5D,0x00000000
77,5,1,1,-30358.3852081299,-27497.9748229980,0.0000000000,0x89699D63,0x94960672,0x00000000
78,6,1,1,20105.6707153320,29450.7481079102,0.0000000000,0x4E89ABB4,0x730ABF84,0x00000000
79,7,1,1,-15382.1516571045,-11617.0519256592,0.0000000000,0xC3E9D92D,0xD29EF2B5,0x00000000
80,0,2,1,12867.9295806885,12364.3352661133,0.0000000000,0x3243EDF9,0x304C55D4,0x00000000
81,1,2,1,-30358.3845062256,-27497.9742279053,0.0000000000,0x89699D91,0x94960699,0x00000000
82,2,2,1,-2255.0477142334,977.1111755371,0.0000000000,0xF730F3C9,0x03D11C76,0x00000000
83,3,2,1,22592.0749816895,24391.5519104004,0.0000000000,0x58401332,0x5F478D4A,0x00000000
84,4,2,1,22592.0747680664,24391.5517120361,0.0000000000,0x58401324,0x5F478D3D,0x00000000
85,5,2,1,-2255.0476989746,977.1112060547,0.0000000000,0xF730F3CA,0x03D11C78,0x00000000
86,6,2,1,-30358.3848571777,-27497.9745788574,0.0000000000,0x89699D7A,0x94960682,0x00000000
87,7,2,1,12867.9294891357,12364.3350219727,0.0000000000,0x3243EDF3,0x304C55C4,0x00000000
88,0,3,1,13511.7658843994,9926.7744445801,0.0000000000,0x34C7C411,0x26C6C642,0x00000000
89,1,3,1,9943.4304504395,10302.1070556641,0.0000000000,0x26D76E32,0x283E1B68,0x00000000
90,2,3,1,22592.0750885010,24391.5519104004,0.0000000000,0x58401339,0x5F478D4A,0x00000000
91,3,3,1,16021.2055206299,18973.3522796631,0.0000000000,0x3E95349D,0x4A1D5A2F,0x00000000
92,4,3,1,16021.2057342529,18973.3525848389,0.0000000000,0x3E9534AB,0x4A1D5A43,0x00000000
93,5,3,1,22592.0748138428,24391.5517730713,0.0000000000,0x58401327,0x5F478D41,0x00000000
94,6,3,1,9943.4306030273,10302.1071929932,0.0000000000,0x26D76E3C,0x283E1B71,0x00000000
95,7,3,1,13511.7657470703,9926.7741851807,0.0000000000,0x34C7C408,0x26C6C631,0x00000000
96,0,4,1,13511.7656707764,9926.7742309570,0.0000000000,0x34C7C403,0x26C6C634,0x00000000
97,1,4,1,9943.4304809570,10302.1070251465,0.0000000000,0x26D76E34,0x283E1B66,0x00000000
98,2,4,1,22592.0747985840,24391.5517883301,0.0000000000,0x58401326,0x5F478D42,0x00000000
99,3,4,1,16021.2054901123,18973.3523559570,0.0000000000,0x3E95349B,0x4A1D5A34,0x00000000
100,4,4,1,16021.2057800293,18973.3525390625,0.0000000000,0x3E9534AE,0x4A1D5A40,0x00000000
101,5,4,1,22592.0747985840,24391.5517883301,0.0000000000,0x58401326,0x5F478D42,0x00000000
102,6,4,1,9943.4301605225,10302.1066894531,0.0000000000,0x26D76E1F,0x283E1B50,0x00000000
103,7,4,1,13511.7656555176,9926.7741394043,0.0000000000,0x34C7C402,0x26C6C62E,0x00000000
104,0,5,1,12867.9294128418,12364.3348846436,0.0000000000,0x3243EDEE,0x304C55BB,0x00000000
105,1,5,1,-30358.3851165771,-27497.9747924805,0.0000000000,0x89699D69,0x94960674,0x00000000
106,2,5,1,-2255.0479888916,977.1110076904,0.0000000000,0xF730F3B7,0x03D11C6B,0x00000000
107,3,5,1,22592.0745849609,24391.5515747070,0.0000000000,0x58401318,0x5F478D34,0x00000000
108,4,5,1,22592.0747222900,24391.5515289307,0.0000000000,0x58401321,0x5F478D31,0x00000000
109,5,5,1,-2255.0478973389,977.1110382080,0.0000000000,0xF730F3BD,0x03D11C6D,0x00000000
110,6,5,1,-30358.3851623535,-27497.9747619629,0.0000000000,0x89699D66,0x94960676,0x00000000
111,7,5,1,12867.9293518066,12364.3350677490,0.0000000000,0x3243EDEA,0x304C55C7,0x00000000
112,0,6,1,-15382.1517028809,-11617.0521697998,0.0000000000,0xC3E9D92A,0xD29EF2A5,0x00000000
113,1,6,1,20105.6706542969,29450.7479858398,0.0000000000,0x4E89ABB0,0x730ABF7C,0x00000000
114,2,6,1,-30358.3852386475,-27497.9749603271,0.0000000000,0x89699D61,0x94960669,0x00000000
115,3,6,1,9943.4301605225,10302.1067657471,0.0000000000,0x26D76E1F,0x283E1B55,0x00000000
116,4,6,1,9943.4301757812,10302.1067047119,0.0000000000,0x26D76E20,0x283E1B51,0x00000000
117,5,6,1,-30358.3849182129,-27497.9745941162,0.0000000000,0x89699D76,0x94960681,0x00000000
118,6,6,1,20105.6710357666,29450.7483062744,0.0000000000,0x4E89ABC9,0x730ABF91,0x00000000
119,7,6,1,-15382.1519622803,-11617.0523071289,0.0000000000,0xC3E9D919,0xD29EF29C,0x00000000
120,0,7,1,-17319.6042327881,-20119.7646026611,0.0000000000,0xBC586551,0xB1683C43,0x00000000
121,1,7,1,-15382.1519165039,-11617.0522918701,0.0000000000,0xC3E9D91C,0xD29EF29D,0x00000000
122,2,7,1,12867.9291381836,12364.3348083496,0.0000000000,0x3243EDDC,0x304C55B6,0x00000000
123,3,7,1,13511.7655792236,9926.7740783691,0.0000000000,0x34C7C3FD,0x26C6C62A,0x00000000
124,4,7,1,13511.7655334473,9926.7740173340,0.0000000000,0x34C7C3FA,0x26C6C626,0x00000000
125,5,7,1,12867.9293212891,12364.3351440430,0.0000000000,0x3243EDE8,0x304C55CC,0x00000000
126,6,7,1,-15382.1518554688,-11617.0521240234,0.0000000000,0xC3E9D920,0xD29EF2A8,0x00000000
127,7,7,1,-17319.6042175293,-20119.7644500732,0.0000000000,0xBC586552,0xB1683C4D,0x00000000
128,0,0,2,-32336.5730743408,21863.4508209229,0.0000000000,0x81AF6D4B,0x55677369,0x00000000
129,1,0,2,12867.9294128418,12364.3351287842,0.0000000000,0x3243EDEE,0x304C55CB,0x00000000
130,2,0,2,18387.7554016113,28305.4413146973,0.0000000000,0x47D3C162,0x6E9170FA,0x00000000
131,3,0,2,-6158.4846191406,-7337.2059631348,0.0000000000,0xE7F183F0,0xE356CB46,0x00000000
132,4,0,2,-6158.4844207764,-7337.2058258057,0.0000000000,0xE7F183FD,0xE356CB4F,0x00000000
133,5,0,2,18387.7556610107,28305.4416046143,0.0000000000,0x47D3C173,0x6E91710D,0x00000000
134,6,0,2,12867.9294586182,12364.3351593018,0.0000000000,0x3243EDF1,0x304C55CD,0x00000000
135,7,0,2,-32336.5729980469,21863.4508361816,0.0000000000,0x81AF6D50,0x5567736A,0x00000000
136,0,1,2,12867.9294586182,12364.3351135254,0.0000000000,0x3243EDF1,0x304C55CA,0x00000000
137,1,1,2,-30358.3847503662,-27497.9745025635,0.0000000000,0x89699D81,0x94960687,0x00000000
138,2,1,2,-2255.0477905273,977.1110229492,0.0000000000,0xF730F3C4,0x03D11C6C,0x00000000
139,3,1,2,22592.0748443604,24391.5516662598,0.0000000000,0x58401329,0x5F478D3A,0x00000000
140,4,1,2,22592.0748443604,24391.5517578125,0.0000000000,0x58401329,0x5F478D40,0x00000000
141,5,1,2,-2255.0472869873,977.1116943359,0.0000000000,0xF730F3E5,0x03D11C98,0x00000000
142,6,1,2,-30358.3848876953,-27497.9746856689,0.0000000000,0x89699D78,0x9496067B,0x00000000
143,7,1,2,12867.9295043945,12364.3352661133,0.0000000000,0x3243EDF4,0x304C55D4,0x00000000
144,0,2,2,18387.7555084229,28305.4415130615,0.0000000000,0x47D3C169,0x6E917107,0x00000000
145,1,2,2,-2255.0475921631,977.1113128662,0.0000000000,0xF730F3D1,0x03D11C7F,0x00000000
146,2,2,2,-3406.3334655762,-12133.3157958984,0.0000000000,0xF2B1AAA2,0xD09AAF28,0x00000000
147,3,2,2,24282.9185333252,26014.1663665771,0.0000000000,0x5EDAEB25,0x659E2A97,0x00000000
148,4,2,2,24282.9181671143,26014.1659240723,0.0000000000,0x5EDAEB0D,0x659E2A7A,0x00000000
149,5,2,2,-3406.3333892822,-12133.3156127930,0.0000000000,0xF2B1AAA7,0xD09AAF34,0x00000000
150,6,2,2,-2255.0477294922,977.1111602783,0.0000000000,0xF730F3C8,0x03D11C75,0x00000000
151,7,2,2,18387.7554931641,28305.4414367676,0.0000000000,0x47D3C168,0x6E917102,0x00000000
152,0,3,2,-6158.4843597412,-7337.2055969238,0.0000000000,0xE7F18401,0xE356CB5E,0x00000000
153,1,3,2,22592.0747833252,24391.5515747070,0.0000000000,0x58401325,0x5F478D34,0x00000000
154,2,3,2,24282.9184722900,26014.1662750244,0.0000000000,0x5EDAEB21,0x659E2A91,0x00000000
155,3,3,2,23183.7363739014,22623.8192901611,0.0000000000,0x5A8FBC83,0x585FD1BD,0x00000000
156,4,3,2,23183.7363281250,22623.8192138672,0.0000000000,0x5A8FBC80,0x585FD1B8,0x00000000
157,5,3,2,24282.9184722900,26014.1663665771,0.0000000000,0x5EDAEB21,0x659E2A97,0x00000000
158,6,3,2,22592.0747833252,24391.5516967773,0.0000000000,0x58401325,0x5F478D3C,0x00000000
159,7,3,2,-6158.4842681885,-7337.2055511475,0.0000000000,0xE7F18407,0xE356CB61,0x00000000
160,0,4,2,-6158.4842529297,-7337.2055206299,0.0000000000,0xE7F18408,0xE356CB63,0x00000000
161,1,4,2,22592.0747222900,24391.5516052246,0.0000000000,0x58401321,0x5F478D36,0x00000000
162,2,4,2,24282.9182128906,26014.1661376953,0.0000000000,0x5EDAEB10,0x659E2A88,0x00000000
163,3,4,2,23183.7364044189,22623.8192138672,0.0000000000,0x5A8FBC85,0x585FD1B8,0x00000000
164,4,4,2,23183.7364501953,22623.8192901611,0.0000000000,0x5A8FBC88,0x585FD1BD,0x00000000
165,5,4,2,24282.9183807373,26014.1661834717,0.0000000000,0x5EDAEB1B,0x659E2A8B,0x00000000
166,6,4,2,22592.0747985840,24391.5516052246,0.0000000000,0x58401326,0x5F478D36,0x00000000
167,7,4,2,-6158.4844055176,-7337.2058410645,0.0000000000,0xE7F183FE,0xE356CB4E,0x00000000
168,0,5,2,18387.7555541992,28305.4414825439,0.0000000000,0x47D3C16C,0x6E917105,0x00000000
169,1,5,2,-2255.0478363037,977.1111602783,0.0000000000,0xF730F3C1,0x03D11C75,0x00000000
170,2,5,2,-3406.3335418701,-12133.3160400391,0.0000000000,0xF2B1AA9D,0xD09AAF18,0x00000000
171,3,5,2,24282.9180755615,26014.1658172607,0.0000000000,0x5EDAEB07,0x659E2A73,0x00000000
172,4,5,2,24282.9181671143,26014.1660003662,0.0000000000,0x5EDAEB0D,0x659E2A7F,0x00000000
173,5,5,2,-3406.3335113525,-12133.3158111572,0.0000000000,0xF2B1AA9F,0xD09AAF27,0x00000000
174,6,5,2,-2255.0476379395,977.1113433838,0.0000000000,0xF730F3CE,0x03D11C81,0x00000000
175,7,5,2,18387.7556457520,28305.4415893555,0.0000000000,0x47D3C172,0x6E91710C,0x00000000
176,0,6,2,12867.9293518066,12364.3348693848,0.0000000000,0x3243EDEA,0x304C55BA,0x00000000
177,1,6,2,-30358.3848724365,-27497.9746093750,0.0000000000,0x89699D79,0x94960680,0x00000000
178,2,6,2,-2255.0475769043,977.1114196777,0.0000000000,0xF730F3D2,0x03D11C86,0x00000000
179,3,6,2,22592.0745544434,24391.5514678955,0.0000000000,0x58401316,0x5F478D2D,0x00000000
180,4,6,2,22592.0747528076,24391.5516204834,0.0000000000,0x58401323,0x5F478D37,0x00000000
181,5,6,2,-2255.0476531982,977.1113739014,0.0000000000,0xF730F3CD,0x03D11C83,0x00000000
182,6,6,2,-30358.3846740723,-27497.9744567871,0.0000000000,0x89699D86,0x9496068A,0x00000000
183,7,6,2,12867.9293670654,12364.3350524902,0.0000000000,0x3243EDEB,0x304C55C6,0x00000000
184,0,7,2,-32336.5731506348,21863.4506378174,0.0000000000,0x81AF6D46,0x5567735D,0x00000000
185,1,7,2,12867.9292144775,12364.3348388672,0.0000000000,0x3243EDE1,0x304C55B8,0x00000000
186,2,7,2,18387.7554321289,28305.4415283203,0.0000000000,0x47D3C164,0x6E917108,0x00000000
187,3,7,2,-6158.4845733643,-7337.2058868408,0.0000000000,0xE7F183F3,0xE356CB4B,0x00000000
188,4,7,2,-6158.4845428467,-7337.2058258057,0.0000000000,0xE7F183F5,0xE356CB4F,0x00000000
189,5,7,2,18387.7555847168,28305.4414672852,0.0000000000,0x47D3C16E,0x6E917104,0x00000000
190,6,7,2,12867.9292144775,12364.3348846436,0.0000000000,0x3243EDE1,0x304C55BB,0x00000000
191,7,7,2,-32336.5731506348,21863.4507293701,0.0000000000,0x81AF6D46,0x55677363,0x00000000
192,0,0,3,19876.8712158203,10562.0757598877,0.0000000000,0x4DA4DF08,0x29421365,0x00000000
193,1,0,3,13511.7657165527,9926.7740936279,0.0000000000,0x34C7C406,0x26C6C62B,0x00000000
194,2,0,3,-6158.4844512939,-7337.2058715820,0.0000000000,0xE7F183FB,0xE356CB4C,0x00000000
195,3,0,3,-19780.1074066162,-31213.7861938477,0.0000000000,0xB2BBE481,0x861236BC,0x00000000
196,4,0,3,-19780.1071777344,-31213.7859954834,0.0000000000,0xB2BBE490,0x861236C9,0x00000000
197,5,0,3,-6158.4843292236,-7337.2057647705,0.0000000000,0xE7F18403,0xE356CB53,0x00000000
198,6,0,3,13511.7656097412,9926.7741699219,0.0000000000,0x34C7C3FF,0x26C6C630,0x00000000
199,7,0,3,19876.8712005615,10562.0758666992,0.0000000000,0x4DA4DF07,0x2942136C,0x00000000
200,0,1,3,13511.7655639648,9926.7740173340,0.0000000000,0x34C7C3FC,0x26C6C626,0x00000000
201,1,1,3,9943.4303741455,10302.1070098877,0.0000000000,0x26D76E2D,0x283E1B65,0x00000000
202,2,1,3,22592.0747985840,24391.5517578125,0.0000000000,0x58401326,0x5F478D40,0x00000000
203,3,1,3,16021.2055053711,18973.3524017334,0.0000000000,0x3E95349C,0x4A1D5A37,0x00000000
204,4,1,3,16021.2056427002,18973.3524932861,0.0000000000,0x3E9534A5,0x4A1D5A3D,0x00000000
205,5,1,3,22592.0749053955,24391.5519104004,0.0000000000,0x5840132D,0x5F478D4A,0x00000000
206,6,1,3,9943.4305114746,10302.1070709229,0.0000000000,0x26D76E36,0x283E1B69,0x00000000
207,7,1,3,13511.7655639648,9926.7740325928,0.0000000000,0x34C7C3FC,0x26C6C627,0x00000000
208,0,2,3,-6158.4845123291,-7337.2057189941,0.0000000000,0xE7F183F7,0xE356CB56,0x00000000
209,1,2,3,22592.0747985840,24391.5517272949,0.0000000000,0x58401326,0x5F478D3E,0x00000000
210,2,2,3,24282.9183807373,26014.1661224365,0.0000000000,0x5EDAEB1B,0x659E2A87,0x00000000
211,3,2,3,23183.7363128662,22623.8192291260,0.0000000000,0x5A8FBC7F,0x585FD1B9,0x00000000
212,4,2,3,23183.7361145020,22623.8189086914,0.0000000000,0x5A8FBC72,0x585FD1A4,0x00000000
213,5,2,3,24282.9185180664,26014.1664123535,0.0000000000,0x5EDAEB24,0x659E2A9A,0x00000000
214,6,2,3,22592.0748138428,24391.5518035889,0.0000000000,0x58401327,0x5F478D43,0x00000000
215,7,2,3,-6158.4843444824,-7337.2056732178,0.0000000000,0xE7F18402,0xE356CB59,0x00000000
216,0,3,3,-19780.1074218750,-31213.7863311768,0.0000000000,0xB2BBE480,0x861236B3,0x00000000
217,1,3,3,16021.2057189941,18973.3526306152,0.0000000000,0x3E9534AA,0x4A1D5A46,0x00000000
218,2,3,3,23183.7364044189,22623.8192596436,0.0000000000,0x5A8FBC85,0x585FD1BB,0x00000000
219,3,3,3,-8350.4495544434,-12669.0047912598,0.0000000000,0xDF618CEA,0xCE82FEC6,0x00000000
220,4,3,3,-8350.4498138428,-12669.0048980713,0.0000000000,0xDF618CD9,0xCE82FEBF,0x00000000
221,5,3,3,23183.7364654541,22623.8192443848,0.0000000000,0x5A8FBC89,0x585FD1BA,0x00000000
222,6,3,3,16021.2055664062,18973.3524322510,0.0000000000,0x3E9534A0,0x4A1D5A39,0x00000000
223,7,3,3,-19780.1074523926,-31213.7862243652,0.0000000000,0xB2BBE47E,0x861236BA,0x00000000
224,0,4,3,-19780.1076049805,-31213.7862243652,0.0000000000,0xB2BBE474,0x861236BA,0x00000000
225,1,4,3,16021.2056579590,18973.3525238037,0.0000000000,0x3E9534A6,0x4A1D5A3F,0x00000000
226,2,4,3,23183.7362823486,22623.8190460205,0.0000000000,0x5A8FBC7D,0x585FD1AD,0x00000000
227,3,4,3,-8350.4497680664,-12669.0050201416,0.0000000000,0xDF618CDC,0xCE82FEB7,0x00000000
228,4,4,3,-8350.4498443604,-12669.0050659180,0.0000000000,0xDF618CD7,0xCE82FEB4,0x00000000
229,5,4,3,23183.7360839844,22623.8190155029,0.0000000000,0x5A8FBC70,0x585FD1AB,0x00000000
230,6,4,3,16021.2053222656,18973.3521881104,0.0000000000,0x3E953490,0x4A1D5A29,0x00000000
231,7,4,3,-19780.1074676514,-31213.7862243652,0.0000000000,0xB2BBE47D,0x861236BA,0x00000000
232,0,5,3,-6158.4843902588,-7337.2056732178,0.0000000000,0xE7F183FF,0xE356CB59,0x00000000
233,1,5,3,22592.0747070312,24391.5516204834,0.0000000000,0x58401320,0x5F478D37,0x00000000
234,2,5,3,24282.9181976318,26014.1660614014,0.0000000000,0x5EDAEB0F,0x659E2A83,0x00000000
235,3,5,3,23183.7362823486,22623.8192596436,0.0000000000,0x5A8FBC7D,0x585FD1BB,0x00000000
236,4,5,3,23183.7361450195,22623.8189086914,0.0000000000,0x5A8FBC74,0x585FD1A4,0x00000000
237,5,5,3,24282.9182891846,26014.1660308838,0.0000000000,0x5EDAEB15,0x659E2A81,0x00000000
238,6,5,3,22592.0749511719,24391.5518188477,0.0000000000,0x58401330,0x5F478D44,0x00000000
239,7,5,3,-6158.4844055176,-7337.2057495117,0.0000000000,0xE7F183FE,0xE356CB54,0x00000000
240,0,6,3,13511.7653961182,9926.7740173340,0.0000000000,0x34C7C3F1,0x26C6C626,0x00000000
241,1,6,3,9943.4304351807,10302.1069335938,0.0000000000,0x26D76E31,0x283E1B60,0x00000000
242,2,6,3,22592.0749206543,24391.5518035889,0.0000000000,0x5840132E,0x5F478D43,0x00000000
243,3,6,3,16021.2055358887,18973.3523712158,0.0000000000,0x3E95349E,0x4A1D5A35,0x00000000
244,4,6,3,16021.2055816650,18973.3524322510,0.0000000000,0x3E9534A1,0x4A1D5A39,0x00000000
245,5,6,3,22592.0745849609,24391.5515441895,0.0000000000,0x58401318,0x5F478D32,0x00000000
246,6,6,3,9943.4304046631,10302.1071472168,0.0000000000,0x26D76E2F,0x283E1B6E,0x00000000
247,7,6,3,13511.7656707764,9926.7740783691,0.0000000000,0x34C7C403,0x26C6C62A,0x00000000
248,0,7,3,19876.8710632324,10562.0757141113,0.0000000000,0x4DA4DEFE,0x29421362,0x00000000
249,1,7,3,13511.7658081055,9926.7742462158,0.0000000000,0x34C7C40C,0x26C6C635,0x00000000
250,2,7,3,-6158.4843597412,-7337.2057495117,0.0000000000,0xE7F18401,0xE356CB54,0x00000000
251,3,7,3,-19780.1073150635,-31213.7859802246,0.0000000000,0xB2BBE487,0x861236CA,0x00000000
252,4,7,3,-19780.1074066162,-31213.7860870361,0.0000000000,0xB2BBE481,0x861236C3,0x00000000
253,5,7,3,-6158.4844207764,-7337.2056884766,0.0000000000,0xE7F183FD,0xE356CB58,0x00000000
254,6,7,3,13511.7657012939,9926.7741241455,0.0000000000,0x34C7C405,0x26C6C62D,0x00000000
255,7,7,3,19876.8712615967,10562.0760040283,0.0000000000,0x4DA4DF0B,0x29421375,0x00000000
256,0,0,4,19876.8711853027,10562.0757751465,0.0000000000,0x4DA4DF06,0x29421366,0x00000000
257,1,0,4,13511.7656402588,9926.7741851807,0.0000000000,0x34C7C401,0x26C6C631,0x00000000
258,2,0,4,-6158.4844360352,-7337.2056579590,0.0000000000,0xE7F183FC,0xE356CB5A,0x00000000
259,3,0,4,-19780.1076660156,-31213.7864990234,0.0000000000,0xB2BBE470,0x861236A8,0x00000000
260,4,0,4,-19780.1074066162,-31213.7862701416,0.0000000000,0xB2BBE481,0x861236B7,0x00000000
261,5,0,4,-6158.4842529297,-7337.2055511475,0.0000000000,0xE7F18408,0xE356CB61,0x00000000
262,6,0,4,13511.7656860352,9926.7742919922,0.0000000000,0x34C7C404,0x26C6C638,0x00000000
263,7,0,4,19876.8710632324,10562.0757141113,0.0000000000,0x4DA4DEFE,0x29421362,0x00000000
264,0,1,4,13511.7655181885,9926.7740325928,0.0000000000,0x34C7C3F9,0x26C6C627,0x00000000
265,1,1,4,9943.4302673340,10302.1068878174,0.0000000000,0x26D76E26,0x283E1B5D,0x00000000
266,2,1,4,22592.0746154785,24391.5515136719,0.0000000000,0x5840131A,0x5F478D30,0x00000000
267,3,1,4,16021.2055358887,18973.3525390625,0.0000000000,0x3E95349E,0x4A1D5A40,0x00000000
268,4,1,4,16021.2054748535,18973.3524322510,0.0000000000,0x3E95349A,0x4A1D5A39,0x00000000
269,5,1,4,22592.0746459961,24391.5516204834,0.0000000000,0x5840131C,0x5F478D37,0x00000000
270,6,1,4,9943.4305114746,10302.1071014404,0.0000000000,0x26D76E36,0x283E1B6B,0x00000000
271,7,1,4,13511.7655029297,9926.7739868164,0.0000000000,0x34C7C3F8,0x26C6C624,0x00000000
272,0,2,4,-6158.4843597412,-7337.2057189941,0.0000000000,0xE7F18401,0xE356CB56,0x00000000
273,1,2,4,22592.0747375488,24391.5516662598,0.0000000000,0x58401322,0x5F478D3A,0x00000000
274,2,2,4,24282.9182739258,26014.1660308838,0.0000000000,0x5EDAEB14,0x659E2A81,0x00000000
275,3,2,4,23183.7363281250,22623.8192138672,0.0000000000,0x5A8FBC80,0x585FD1B8,0x00000000
276,4,2,4,23183.7362670898,22623.8191986084,0.0000000000,0x5A8FBC7C,0x585FD1B7,0x00000000
277,5,2,4,24282.9183654785,26014.1660308838,0.0000000000,0x5EDAEB1A,0x659E2A81,0x00000000
278,6,2,4,22592.0745544434,24391.5516815186,0.0000000000,0x58401316,0x5F478D3B,0x00000000
279,7,2,4,-6158.4844818115,-7337.2058105469,0.0000000000,0xE7F183F9,0xE356CB50,0x00000000
280,0,3,4,-19780.1076049805,-31213.7864379883,0.0000000000,0xB2BBE474,0x861236AC,0x00000000
281,1,3,4,16021.2055664062,18973.3524017334,0.0000000000,0x3E9534A0,0x4A1D5A37,0x00000000
282,2,3,4,23183.7362060547,22623.8190612793,0.0000000000,0x5A8FBC78,0x585FD1AE,0x00000000
283,3,3,4,-8350.4496612549,-12669.0048522949,0.0000000000,0xDF618CE3,0xCE82FEC2,0x00000000
284,4,3,4,-8350.4496307373,-12669.0048217773,0.0000000000,0xDF618CE5,0xCE82FEC4,0x00000000
285,5,3,4,23183.7363586426,22623.8193054199,0.0000000000,0x5A8FBC82,0x585FD1BE,0x00000000
286,6,3,4,16021.2055358887,18973.3524322510,0.0000000000,0x3E95349E,0x4A1D5A39,0x00000000
287,7,3,4,-19780.1074218750,-31213.7862091064,0.0000000000,0xB2BBE480,0x861236BB,0x00000000
288,0,4,4,-19780.1074218750,-31213.7862548828,0.0000000000,0xB2BBE480,0x861236B8,0x00000000
289,1,4,4,16021.2056274414,18973.3525238037,0.0000000000,0x3E9534A4,0x4A1D5A3F,0x00000000
290,2,4,4,23183.7363586426,22623.8191833496,0.0000000000,0x5A8FBC82,0x585FD1B6,0x00000000
291,3,4,4,-8350.4496917725,-12669.0049285889,0.0000000000,0xDF618CE1,0xCE82FEBD,0x00000000
292,4,4,4,-8350.4498596191,-12669.0049896240,0.0000000000,0xDF618CD6,0xCE82FEB9,0x00000000
293,5,4,4,23183.7363891602,22623.8191528320,0.0000000000,0x5A8FBC84,0x585FD1B4,0x00000000
294,6,4,4,16021.2055511475,18973.3523254395,0.0000000000,0x3E95349F,0x4A1D5A32,0x00000000
295,7,4,4,-19780.1073760986,-31213.7861480713,0.0000000000,0xB2BBE483,0x861236BF,0x00000000
296,0,5,4,-6158.4844055176,-7337.2057800293,0.0000000000,0xE7F183FE,0xE356CB52,0x00000000
297,1,5,4,22592.0747833252,24391.5517120361,0.0000000000,0x58401325,0x5F478D3D,0x00000000
298,2,5,4,24282.9180603027,26014.1659240723,0.0000000000,0x5EDAEB06,0x659E2A7A,0x00000000
299,3,5,4,23183.7361450195,22623.8190155029,0.0000000000,0x5A8FBC74,0x585FD1AB,0x00000000
300,4,5,4,23183.7360839844,22623.8190002441,0.0000000000,0x5A8FBC70,0x585FD1AA,0x00000000
301,5,5,4,24282.9183349609,26014.1660614014,0.0000000000,0x5EDAEB18,0x659E2A83,0x00000000
302,6,5,4,22592.0746002197,24391.5515289307,0.0000000000,0x58401319,0x5F478D31,0x00000000
303,7,5,4,-6158.4845886230,-7337.2059478760,0.0000000000,0xE7F183F2,0xE356CB47,0x00000000
304,0,6,4,13511.7655639648,9926.7740783691,0.0000000000,0x34C7C3FC,0x26C6C62A,0x00000000
305,1,6,4,9943.4306488037,10302.1072235107,0.0000000000,0x26D76E3F,0x283E1B73,0x00000000
306,2,6,4,22592.0746765137,24391.5516967773,0.0000000000,0x5840131E,0x5F478D3C,0x00000000
307,3,6,4,16021.2054595947,18973.3523559570,0.0000000000,0x3E953499,0x4A1D5A34,0x00000000
308,4,6,4,16021.2052764893,18973.3522033691,0.0000000000,0x3E95348D,0x4A1D5A2A,0x00000000
309,5,6,4,22592.0748291016,24391.5517272949,0.0000000000,0x58401328,0x5F478D3E,0x00000000
310,6,6,4,9943.4303131104,10302.1068878174,0.0000000000,0x26D76E29,0x283E1B5D,0x00000000
311,7,6,4,13511.7656402588,9926.7740325928,0.0000000000,0x34C7C401,0x26C6C627,0x00000000
312,0,7,4,19876.8712005615,10562.0757904053,0.0000000000,0x4DA4DF07,0x29421367,0x00000000
313,1,7,4,13511.7655792236,9926.7740020752,0.0000000000,0x34C7C3FD,0x26C6C625,0x00000000
314,2,7,4,-6158.4844512939,-7337.2057800293,0.0000000000,0xE7F183FB,0xE356CB52,0x00000000
315,3,7,4,-19780.1074829102,-31213.7862701416,0.0000000000,0xB2BBE47C,0x861236B7,0x00000000
316,4,7,4,-19780.1073608398,-31213.7861328125,0.0000000000,0xB2BBE484,0x861236C0,0x00000000
317,5,7,4,-6158.4841918945,-7337.2056121826,0.0000000000,0xE7F1840C,0xE356CB5D,0x00000000
318,6,7,4,13511.7658691406,9926.7743530273,0.0000000000,0x34C7C410,0x26C6C63C,0x00000000
319,7,7,4,19876.8711853027,10562.0758666992,0.0000000000,0x4DA4DF06,0x2942136C,0x00000000
320,0,0,5,-32336.5731964111,21863.4506683350,0.0000000000,0x81AF6D43,0x5567735F,0x00000000
321,1,0,5,12867.9293212891,12364.3349761963,0.0000000000,0x3243EDE8,0x304C55C1,0x00000000
322,2,0,5,18387.7552795410,28305.4412231445,0.0000000000,0x47D3C15A,0x6E9170F4,0x00000000
323,3,0,5,-6158.4845733643,-7337.2057495117,0.0000000000,0xE7F183F3,0xE356CB54,0x00000000
324,4,0,5,-6158.4844665527,-7337.2058258057,0.0000000000,0xE7F183FA,0xE356CB4F,0x00000000
325,5,0,5,18387.7554626465,28305.4414062500,0.0000000000,0x47D3C166,0x6E917100,0x00000000
326,6,0,5,12867.9291534424,12364.3347778320,0.0000000000,0x3243EDDD,0x304C55B4,0x00000000
327,7,0,5,-32336.5734252930,21863.4505157471,0.0000000000,0x81AF6D34,0x55677355,0x00000000
328,0,1,5,12867.9294738770,12364.3350677490,0.0000000000,0x3243EDF2,0x304C55C7,0x00000000
329,1,1,5,-30358.3851013184,-27497.9747924805,0.0000000000,0x89699D6A,0x94960674,0x00000000
330,2,1,5,-2255.0479888916,977.1110382080,0.0000000000,0xF730F3B7,0x03D11C6D,0x00000000
331,3,1,5,22592.0746612549,24391.5515289307,0.0000000000,0x5840131D,0x5F478D31,0x00000000
332,4,1,5,22592.0747680664,24391.5517272949,0.0000000000,0x58401324,0x5F478D3E,0x00000000
333,5,1,5,-2255.0479888916,977.1110076904,0.0000000000,0xF730F3B7,0x03D11C6B,0x00000000
334,6,1,5,-30358.3849945068,-27497.9746856689,0.0000000000,0x89699D71,0x9496067B,0x00000000
335,7,1,5,12867.9291534424,12364.3348388672,0.0000000000,0x3243EDDD,0x304C55B8,0x00000000
336,0,2,5,18387.7554931641,28305.4413757324,0.0000000000,0x47D3C168,0x6E9170FE,0x00000000
337,1,2,5,-2255.0478210449,977.1112670898,0.0000000000,0xF730F3C2,0x03D11C7C,0x00000000
338,2,2,5,-3406.3337097168,-12133.3160705566,0.0000000000,0xF2B1AA92,0xD09AAF16,0x00000000
339,3,2,5,24282.9184417725,26014.1662292480,0.0000000000,0x5EDAEB1F,0x659E2A8E,0x00000000
340,4,2,5,24282.9180908203,26014.1659851074,0.0000000000,0x5EDAEB08,0x659E2A7E,0x00000000
341,5,2,5,-3406.3335723877,-12133.3158721924,0.0000000000,0xF2B1AA9B,0xD09AAF23,0x00000000
342,6,2,5,-2255.0477752686,977.1112060547,0.0000000000,0xF730F3C5,0x03D11C78,0x00000000
343,7,2,5,18387.7553710938,28305.4412689209,0.0000000000,0x47D3C160,0x6E9170F7,0x00000000
344,0,3,5,-6158.4844818115,-7337.2058258057,0.0000000000,0xE7F183F9,0xE356CB4F,0x00000000
345,1,3,5,22592.0747528076,24391.5517425537,0.0000000000,0x58401323,0x5F478D3F,0x00000000
346,2,3,5,24282.9183197021,26014.1660156250,0.0000000000,0x5EDAEB17,0x659E2A80,0x00000000
347,3,3,5,23183.7361755371,22623.8191833496,0.0000000000,0x5A8FBC76,0x585FD1B6,0x00000000
348,4,3,5,23183.7359924316,22623.8188629150,0.0000000000,0x5A8FBC6A,0x585FD1A1,0x00000000
349,5,3,5,24282.9183044434,26014.1661071777,0.0000000000,0x5EDAEB16,0x659E2A86,0x00000000
350,6,3,5,22592.0747985840,24391.5517578125,0.0000000000,0x58401326,0x5F478D40,0x00000000
351,7,3,5,-6158.4842681885,-7337.2056884766,0.0000000000,0xE7F18407,0xE356CB58,0x00000000
352,0,4,5,-6158.4842529297,-7337.2054901123,0.0000000000,0xE7F18408,0xE356CB65,0x00000000
353,1,4,5,22592.0747985840,24391.5518035889,0.0000000000,0x58401326,0x5F478D43,0x00000000
354,2,4,5,24282.9181976318,26014.1659545898,0.0000000000,0x5EDAEB0F,0x659E2A7C,0x00000000
355,3,4,5,23183.7364654541,22623.8191680908,0.0000000000,0x5A8FBC89,0x585FD1B5,0x00000000
356,4,4,5,23183.7362670898,22623.8191986084,0.0000000000,0x5A8FBC7C,0x585FD1B7,0x00000000
357,5,4,5,24282.9183807373,26014.1662139893,0.0000000000,0x5EDAEB1B,0x659E2A8D,0x00000000
358,6,4,5,22592.0749359131,24391.5519256592,0.0000000000,0x5840132F,0x5F478D4B,0x00000000
359,7,4,5,-6158.4842834473,-7337.2054901123,0.0000000000,0xE7F18406,0xE356CB65,0x00000000
360,0,5,5,18387.7554779053,28305.4414062500,0.0000000000,0x47D3C167,0x6E917100,0x00000000
361,1,5,5,-2255.0480804443,977.1108551025,0.0000000000,0xF730F3B1,0x03D11C61,0x00000000
362,2,5,5,-3406.3334350586,-12133.3158569336,0.0000000000,0xF2B1AAA4,0xD09AAF24,0x00000000
363,3,5,5,24282.9185180664,26014.1662750244,0.0000000000,0x5EDAEB24,0x659E2A91,0x00000000
364,4,5,5,24282.9183654785,26014.1660461426,0.0000000000,0x5EDAEB1A,0x659E2A82,0x00000000
365,5,5,5,-3406.3333892822,-12133.3158111572,0.0000000000,0xF2B1AAA7,0xD09AAF27,0x00000000
366,6,5,5,-2255.0478820801,977.1110534668,0.0000000000,0xF730F3BE,0x03D11C6E,0x00000000
367,7,5,5,18387.7552642822,28305.4412841797,0.0000000000,0x47D3C159,0x6E9170F8,0x00000000
368,0,6,5,12867.9294433594,12364.3350677490,0.0000000000,0x3243EDF0,0x304C55C7,0x00000000
369,1,6,5,-30358.3850097656,-27497.9746704102,0.0000000000,0x89699D70,0x9496067C,0x00000000
370,2,6,5,-2255.0478057861,977.1111755371,0.0000000000,0xF730F3C3,0x03D11C76,0x00000000
371,3,6,5,22592.0748443604,24391.5517272949,0.0000000000,0x58401329,0x5F478D3E,0x00000000
372,4,6,5,22592.0746917725,24391.5516815186,0.0000000000,0x5840131F,0x5F478D3B,0x00000000
373,5,6,5,-2255.0476226807,977.1113433838,0.0000000000,0xF730F3CF,0x03D11C81,0x00000000
374,6,6,5,-30358.3847961426,-27497.9745635986,0.0000000000,0x89699D7E,0x94960683,0x00000000
375,7,6,5,12867.9292755127,12364.3350524902,0.0000000000,0x3243EDE5,0x304C55C6,0x00000000
376,0,7,5,-32336.5732421875,21863.4505004883,0.0000000000,0x81AF6D40,0x55677354,0x00000000
377,1,7,5,12867.9292449951,12364.3348846436,0.0000000000,0x3243EDE3,0x304C55BB,0x00000000
378,2,7,5,18387.7554473877,28305.4413452148,0.0000000000,0x47D3C165,0x6E9170FC,0x00000000
379,3,7,5,-6158.4845123291,-7337.2057952881,0.0000000000,0xE7F183F7,0xE356CB51,0x00000000
380,4,7,5,-6158.4844055176,-7337.2056121826,0.0000000000,0xE7F183FE,0xE356CB5D,0x00000000
381,5,7,5,18387.7555694580,28305.4417266846,0.0000000000,0x47D3C16D,0x6E917115,0x00000000
382,6,7,5,12867.9294128418,12364.3351135254,0.0000000000,0x3243EDEE,0x304C55CA,0x00000000
383,7,7,5,-32336.5733489990,21863.4504852295,0.0000000000,0x81AF6D39,0x55677353,0x00000000
384,0,0,6,-17319.6042633057,-20119.7645721436,0.0000000000,0xBC58654F,0xB1683C45,0x00000000
385,1,0,6,-15382.1517333984,-11617.0522460938,0.0000000000,0xC3E9D928,0xD29EF2A0,0x00000000
386,2,0,6,12867.9291534424,12364.3348999023,0.0000000000,0x3243EDDD,0x304C55BC,0x00000000
387,3,0,6,13511.7656097412,9926.7739715576,0.0000000000,0x34C7C3FF,0x26C6C623,0x00000000
388,4,0,6,13511.7656707764,9926.7740325928,0.0000000000,0x34C7C403,0x26C6C627,0x00000000
389,5,0,6,12867.9293518066,12364.3350219727,0.0000000000,0x3243EDEA,0x304C55C4,0x00000000
390,6,0,6,-15382.1517181396,-11617.0521545410,0.0000000000,0xC3E9D929,0xD29EF2A6,0x00000000
391,7,0,6,-17319.6042327881,-20119.7645416260,0.0000000000,0xBC586551,0xB1683C47,0x00000000
392,0,1,6,-15382.1517333984,-11617.0520324707,0.0000000000,0xC3E9D928,0xD29EF2AE,0x00000000
393,1,1,6,20105.6709136963,29450.7481079102,0.0000000000,0x4E89ABC1,0x730ABF84,0x00000000
394,2,1,6,-30358.3849029541,-27497.9747314453,0.0000000000,0x89699D77,0x94960678,0x00000000
395,3,1,6,9943.4302978516,10302.1069183350,0.0000000000,0x26D76E28,0x283E1B5F,0x00000000
396,4,1,6,9943.4302978516,10302.1068420410,0.0000000000,0x26D76E28,0x283E1B5A,0x00000000
397,5,1,6,-30358.3853454590,-27497.9748382568,0.0000000000,0x89699D5A,0x94960671,0x00000000
398,6,1,6,20105.6709899902,29450.7482757568,0.0000000000,0x4E89ABC6,0x730ABF8F,0x00000000
399,7,1,6,-15382.1517028809,-11617.0521392822,0.0000000000,0xC3E9D92A,0xD29EF2A7,0x00000000
400,0,2,6,12867.9292755127,12364.3348846436,0.0000000000,0x3243EDE5,0x304C55BB,0x00000000
401,1,2,6,-30358.3849945068,-27497.9747009277,0.0000000000,0x89699D71,0x9496067A,0x00000000
402,2,2,6,-2255.0477752686,977.1111755371,0.0000000000,0xF730F3C5,0x03D11C76,0x00000000
403,3,2,6,22592.0746154785,24391.5516204834,0.0000000000,0x5840131A,0x5F478D37,0x00000000
404,4,2,6,22592.0748443604,24391.5518188477,0.0000000000,0x58401329,0x5F478D44,0x00000000
405,5,2,6,-2255.0478363037,977.1111145020,0.0000000000,0xF730F3C1,0x03D11C72,0x00000000
406,6,2,6,-30358.3850860596,-27497.9748229980,0.0000000000,0x89699D6B,0x94960672,0x00000000
407,7,2,6,12867.9291687012,12364.3347320557,0.0000000000,0x3243EDDE,0x304C55B1,0x00000000
408,0,3,6,13511.7656250000,9926.7740478516,0.0000000000,0x34C7C400,0x26C6C628,0x00000000
409,1,3,6,9943.4304504395,10302.1069946289,0.0000000000,0x26D76E32,0x283E1B64,0x00000000
410,2,3,6,22592.0749206543,24391.5518188477,0.0000000000,0x5840132E,0x5F478D44,0x00000000
411,3,3,6,16021.2057189941,18973.3526153564,0.0000000000,0x3E9534AA,0x4A1D5A45,0x00000000
412,4,3,6,16021.2056427002,18973.3525085449,0.0000000000,0x3E9534A5,0x4A1D5A3E,0x00000000
413,5,3,6,22592.0747375488,24391.5516357422,0.0000000000,0x58401322,0x5F478D38,0x00000000
414,6,3,6,9943.4304656982,10302.1070709229,0.0000000000,0x26D76E33,0x283E1B69,0x00000000
415,7,3,6,13511.7656250000,9926.7741851807,0.0000000000,0x34C7C400,0x26C6C631,0x00000000
416,0,4,6,13511.7654876709,9926.7741241455,0.0000000000,0x34C7C3F7,0x26C6C62D,0x00000000
417,1,4,6,9943.4303588867,10302.1069183350,0.0000000000,0x26D76E2C,0x283E1B5F,0x00000000
418,2,4,6,22592.0747222900,24391.5517120361,0.0000000000,0x58401321,0x5F478D3D,0x00000000
419,3,4,6,16021.2056427002,18973.3525390625,0.0000000000,0x3E9534A5,0x4A1D5A40,0x00000000
420,4,4,6,16021.2055816650,18973.3524932861,0.0000000000,0x3E9534A1,0x4A1D5A3D,0x00000000
421,5,4,6,22592.0748138428,24391.5517120361,0.0000000000,0x58401327,0x5F478D3D,0x00000000
422,6,4,6,9943.4300231934,10302.1065979004,0.0000000000,0x26D76E16,0x283E1B4A,0x00000000
423,7,4,6,13511.7656250000,9926.7741088867,0.0000000000,0x34C7C400,0x26C6C62C,0x00000000
424,0,5,6,12867.9290618896,12364.3348999023,0.0000000000,0x3243EDD7,0x304C55BC,0x00000000
425,1,5,6,-30358.3851013184,-27497.9747924805,0.0000000000,0x89699D6A,0x94960674,0x00000000
426,2,5,6,-2255.0476684570,977.1112823486,0.0000000000,0xF730F3CC,0x03D11C7D,0x00000000
427,3,5,6,22592.0748138428,24391.5518646240,0.0000000000,0x58401327,0x5F478D47,0x00000000
428,4,5,6,22592.0747985840,24391.5518035889,0.0000000000,0x58401326,0x5F478D43,0x00000000
429,5,5,6,-2255.0477447510,977.1112060547,0.0000000000,0xF730F3C7,0x03D11C78,0x00000000
430,6,5,6,-30358.3851013184,-27497.9747161865,0.0000000000,0x89699D6A,0x94960679,0x00000000
431,7,5,6,12867.9290771484,12364.3346557617,0.0000000000,0x3243EDD8,0x304C55AC,0x00000000
432,0,6,6,-15382.1519470215,-11617.0522308350,0.0000000000,0xC3E9D91A,0xD29EF2A1,0x00000000
433,1,6,6,20105.6707305908,29450.7479705811,0.0000000000,0x4E89ABB5,0x730ABF7B,0x00000000
434,2,6,6,-30358.3849182129,-27497.9746704102,0.0000000000,0x89699D76,0x9496067C,0x00000000
435,3,6,6,9943.4303588867,10302.1069488525,0.0000000000,0x26D76E2C,0x283E1B61,0x00000000
436,4,6,6,9943.4304046631,10302.1070098877,0.0000000000,0x26D76E2F,0x283E1B65,0x00000000
437,5,6,6,-30358.3848876953,-27497.9746246338,0.0000000000,0x89699D78,0x9496067F,0x00000000
438,6,6,6,20105.6708221436,29450.7482147217,0.0000000000,0x4E89ABBB,0x730ABF8B,0x00000000
439,7,6,6,-15382.1519317627,-11617.0522003174,0.0000000000,0xC3E9D91B,0xD29EF2A3,0x00000000
440,0,7,6,-17319.6044921875,-20119.7647705078,0.0000000000,0xBC586540,0xB1683C38,0x00000000
441,1,7,6,-15382.1519927979,-11617.0523376465,0.0000000000,0xC3E9D917,0xD29EF29A,0x00000000
442,2,7,6,12867.9291534424,12364.3349151611,0.0000000000,0x3243EDDD,0x304C55BD,0x00000000
443,3,7,6,13511.7656402588,9926.7739257812,0.0000000000,0x34C7C401,0x26C6C620,0x00000000
444,4,7,6,13511.7656402588,9926.7741088867,0.0000000000,0x34C7C401,0x26C6C62C,0x00000000
445,5,7,6,12867.9293823242,12364.3350677490,0.0000000000,0x3243EDEC,0x304C55C7,0x00000000
446,6,7,6,-15382.1516418457,-11617.0519714355,0.0000000000,0xC3E9D92E,0xD29EF2B2,0x00000000
447,7,7,6,-17319.6041564941,-20119.7644500732,0.0000000000,0xBC586556,0xB1683C4D,0x00000000
448,0,0,7,-1505.9557647705,2660.2079315186,0.0000000000,0xFA1E0B53,0x0A64353B,0x00000000
449,1,0,7,-17319.6041870117,-20119.7643432617,0.0000000000,0xBC586554,0xB1683C54,0x00000000
450,2,0,7,-32336.5732727051,21863.4506225586,0.0000000000,0x81AF6D3E,0x5567735C,0x00000000
451,3,0,7,19876.8708801270,10562.0755767822,0.0000000000,0x4DA4DEF2,0x29421359,0x00000000
452,4,0,7,19876.8711853027,10562.0756683350,0.0000000000,0x4DA4DF06,0x2942135F,0x00000000
453,5,0,7,-32336.5730590820,21863.4507141113,0.0000000000,0x81AF6D4C,0x55677362,0x00000000
454,6,0,7,-17319.6043395996,-20119.7645874023,0.0000000000,0xBC58654A,0xB1683C44,0x00000000
455,7,0,7,-1505.9558563232,2660.2077331543,0.0000000000,0xFA1E0B4D,0x0A64352E,0x00000000
456,0,1,7,-17319.6044769287,-20119.7646026611,0.0000000000,0xBC586541,0xB1683C43,0x00000000
457,1,1,7,-15382.1518707275,-11617.0521850586,0.0000000000,0xC3E9D91F,0xD29EF2A4,0x00000000
458,2,1,7,12867.9293365479,12364.3348846436,0.0000000000,0x3243EDE9,0x304C55BB,0x00000000
459,3,1,7,13511.7653350830,9926.7738800049,0.0000000000,0x34C7C3ED,0x26C6C61D,0x00000000
460,4,1,7,13511.7654418945,9926.7739257812,0.0000000000,0x34C7C3F4,0x26C6C620,0x00000000
461,5,1,7,12867.9292297363,12364.3348846436,0.0000000000,0x3243EDE2,0x304C55BB,0x00000000
462,6,1,7,-15382.1519165039,-11617.0523834229,0.0000000000,0xC3E9D91C,0xD29EF297,0x00000000
463,7,1,7,-17319.6042633057,-20119.7646179199,0.0000000000,0xBC58654F,0xB1683C42,0x00000000
464,0,2,7,-32336.5733947754,21863.4505004883,0.0000000000,0x81AF6D36,0x55677354,0x00000000
465,1,2,7,12867.9291229248,12364.3347778320,0.0000000000,0x3243EDDB,0x304C55B4,0x00000000
466,2,2,7,18387.7555084229,28305.4414672852,0.0000000000,0x47D3C169,0x6E917104,0x00000000
467,3,2,7,-6158.4845123291,-7337.2057647705,0.0000000000,0xE7F183F7,0xE356CB53,0x00000000
468,4,2,7,-6158.4846038818,-7337.2059020996,0.0000000000,0xE7F183F1,0xE356CB4A,0x00000000
469,5,2,7,18387.7553100586,28305.4414367676,0.0000000000,0x47D3C15C,0x6E917102,0x00000000
470,6,2,7,12867.9291229248,12364.3347473145,0.0000000000,0x3243EDDB,0x304C55B2,0x00000000
471,7,2,7,-32336.5735473633,21863.4504547119,0.0000000000,0x81AF6D2C,0x55677351,0x00000000
472,0,3,7,19876.8711090088,10562.0757446289,0.0000000000,0x4DA4DF01,0x29421364,0x00000000
473,1,3,7,13511.7655181885,9926.7739715576,0.0000000000,0x34C7C3F9,0x26C6C623,0x00000000
474,2,3,7,-6158.4845428467,-7337.2058715820,0.0000000000,0xE7F183F5,0xE356CB4C,0x00000000
475,3,3,7,-19780.1075286865,-31213.7863616943,0.0000000000,0xB2BBE479,0x861236B1,0x00000000
476,4,3,7,-19780.1073150635,-31213.7860412598,0.0000000000,0xB2BBE487,0x861236C6,0x00000000
477,5,3,7,-6158.4844055176,-7337.2056121826,0.0000000000,0xE7F183FE,0xE356CB5D,0x00000000
478,6,3,7,13511.7655944824,9926.7741241455,0.0000000000,0x34C7C3FE,0x26C6C62D,0x00000000
479,7,3,7,19876.8712310791,10562.0757751465,0.0000000000,0x4DA4DF09,0x29421366,0x00000000
480,0,4,7,19876.8711242676,10562.0756988525,0.0000000000,0x4DA4DF02,0x29421361,0x00000000
481,1,4,7,13511.7659606934,9926.7744293213,0.0000000000,0x34C7C416,0x26C6C641,0x00000000
482,2,4,7,-6158.4844665527,-7337.2057495117,0.0000000000,0xE7F183FA,0xE356CB54,0x00000000
483,3,4,7,-19780.1074218750,-31213.7861633301,0.0000000000,0xB2BBE480,0x861236BE,0x00000000
484,4,4,7,-19780.1074218750,-31213.7861328125,0.0000000000,0xB2BBE480,0x861236C0,0x00000000
485,5,4,7,-6158.4846038818,-7337.2058258057,0.0000000000,0xE7F183F1,0xE356CB4F,0x00000000
486,6,4,7,13511.7655487061,9926.7740173340,0.0000000000,0x34C7C3FB,0x26C6C626,0x00000000
487,7,4,7,19876.8711090088,10562.0756988525,0.0000000000,0x4DA4DF01,0x29421361,0x00000000
488,0,5,7,-32336.5733489990,21863.4504547119,0.0000000000,0x81AF6D39,0x55677351,0x00000000
489,1,5,7,12867.9294586182,12364.3351440430,0.0000000000,0x3243EDF1,0x304C55CC,0x00000000
490,2,5,7,18387.7556610107,28305.4415588379,0.0000000000,0x47D3C173,0x6E91710A,0x00000000
491,3,5,7,-6158.4844818115,-7337.2057647705,0.0000000000,0xE7F183F9,0xE356CB53,0x00000000
492,4,5,7,-6158.4841918945,-7337.2056121826,0.0000000000,0xE7F1840C,0xE356CB5D,0x00000000
493,5,5,7,18387.7555541992,28305.4414978027,0.0000000000,0x47D3C16C,0x6E917106,0x00000000
494,6,5,7,12867.9294128418,12364.3350982666,0.0000000000,0x3243EDEE,0x304C55C9,0x00000000
495,7,5,7,-32336.5735321045,21863.4503479004,0.0000000000,0x81AF6D2D,0x5567734A,0x00000000
496,0,6,7,-17319.6042175293,-20119.7644805908,0.0000000000,0xBC586552,0xB1683C4B,0x00000000
497,1,6,7,-15382.1518249512,-11617.0522003174,0.0000000000,0xC3E9D922,0xD29EF2A3,0x00000000
498,2,6,7,12867.9293365479,12364.3350219727,0.0000000000,0x3243EDE9,0x304C55C4,0x00000000
499,3,6,7,13511.7655792236,9926.7740783691,0.0000000000,0x34C7C3FD,0x26C6C62A,0x00000000
500,4,6,7,13511.7654418945,9926.7739257812,0.0000000000,0x34C7C3F4,0x26C6C620,0x00000000
501,5,6,7,12867.9291839600,12364.3348388672,0.0000000000,0x3243EDDF,0x304C55B8,0x00000000
502,6,6,7,-15382.1516876221,-11617.0521392822,0.0000000000,0xC3E9D92B,0xD29EF2A7,0x00000000
503,7,6,7,-17319.6043853760,-20119.7646026611,0.0000000000,0xBC586547,0xB1683C43,0x00000000
504,0,7,7,-1505.9560241699,2660.2075653076,0.0000000000,0xFA1E0B42,0x0A643523,0x00000000
505,1,7,7,-17319.6045989990,-20119.7647705078,0.0000000000,0xBC586539,0xB1683C38,0x00000000
506,2,7,7,-32336.5734710693,21863.4503631592,0.0000000000,0x81AF6D31,0x5567734B,0x00000000
507,3,7,7,19876.8710327148,10562.0756683350,0.0000000000,0x4DA4DEFC,0x2942135F,0x00000000
508,4,7,7,19876.8711547852,10562.0757141113,0.0000000000,0x4DA4DF04,0x29421362,0x00000000
509,5,7,7,-32336.5731811523,21863.4506683350,0.0000000000,0x81AF6D44,0x5567735F,0x00000000
510,6,7,7,-17319.6043395996,-20119.7645874023,0.0000000000,0xBC58654A,0xB1683C44,0x00000000
511,7,7,7,-1505.9560852051,2660.2075958252,0.0000000000,0xFA1E0B3E,0x0A643525,0x00000000
