site,x,y,z,reference_psi,fpga_psi,reference_density,fpga_density,density_error
0,0,0,0,4.57763671875e-05,4.5776399999999998e-05,2.0954757928848267e-09,2.0954787969599999e-09,3.0040751732456859e-15
1,1,0,0,7.62939453125e-05,7.6293900000000005e-05,5.8207660913467407e-09,5.820759177210001e-09,-6.9141367397252766e-15
2,2,0,0,7.62939453125e-05,7.6293900000000005e-05,5.8207660913467407e-09,5.820759177210001e-09,-6.9141367397252766e-15
3,3,0,0,9.1552734375e-05,9.1552700000000002e-05,8.3819031715393066e-09,8.3818968772899999e-09,-6.2942493067321699e-15
4,4,0,0,7.62939453125e-05,7.6293900000000005e-05,5.8207660913467407e-09,5.820759177210001e-09,-6.9141367397252766e-15
5,5,0,0,6.103515625e-05,6.1035200000000001e-05,3.7252902984619141e-09,3.7252956390400002e-09,5.3405780861377442e-15
6,6,0,0,4.57763671875e-05,4.5776399999999998e-05,2.0954757928848267e-09,2.0954787969599999e-09,3.0040751732456859e-15
7,7,0,0,4.57763671875e-05,4.5776399999999998e-05,2.0954757928848267e-09,2.0954787969599999e-09,3.0040751732456859e-15
8,0,1,0,4.57763671875e-05,4.5776399999999998e-05,2.0954757928848267e-09,2.0954787969599999e-09,3.0040751732456859e-15
9,1,1,0,6.103515625e-05,6.1035200000000001e-05,3.7252902984619141e-09,3.7252956390400002e-09,5.3405780861377442e-15
10,2,1,0,6.103515625e-05,6.1035200000000001e-05,3.7252902984619141e-09,3.7252956390400002e-09,5.3405780861377442e-15
11,3,1,0,7.62939453125e-05,7.6293900000000005e-05,5.8207660913467407e-09,5.820759177210001e-09,-6.9141367397252766e-15
12,4,1,0,7.62939453125e-05,7.6293900000000005e-05,5.8207660913467407e-09,5.820759177210001e-09,-6.9141367397252766e-15
13,5,1,0,4.57763671875e-05,4.5776399999999998e-05,2.0954757928848267e-09,2.0954787969599999e-09,3.0040751732456859e-15
14,6,1,0,3.0517578125e-05,3.0517600000000001e-05,9.3132257461547852e-10,9.3132390976000005e-10,1.335144521534436e-15
15,7,1,0,3.0517578125e-05,3.0517600000000001e-05,9.3132257461547852e-10,9.3132390976000005e-10,1.335144521534436e-15
16,0,2,0,4.57763671875e-05,4.5776399999999998e-05,2.0954757928848267e-09,2.0954787969599999e-09,3.0040751732456859e-15
17,1,2,0,6.103515625e-05,6.1035200000000001e-05,3.7252902984619141e-09,3.7252956390400002e-09,5.3405780861377442e-15
18,2,2,0,6.103515625e-05,6.1035200000000001e-05,3.7252902984619141e-09,3.7252956390400002e-09,5.3405780861377442e-15
19,3,2,0,7.62939453125e-05,7.6293900000000005e-05,5.8207660913467407e-09,5.820759177210001e-09,-6.9141367397252766e-15
20,4,2,0,7.62939453125e-05,7.6293900000000005e-05,5.8207660913467407e-09,5.820759177210001e-09,-6.9141367397252766e-15
21,5,2,0,4.57763671875e-05,4.5776399999999998e-05,2.0954757928848267e-09,2.0954787969599999e-09,3.0040751732456859e-15
22,6,2,0,3.0517578125e-05,3.0517600000000001e-05,9.3132257461547852e-10,9.3132390976000005e-10,1.335144521534436e-15
23,7,2,0,4.57763671875e-05,4.5776399999999998e-05,2.0954757928848267e-09,2.0954787969599999e-09,3.0040751732456859e-15
24,0,3,0,6.103515625e-05,6.1035200000000001e-05,3.7252902984619141e-09,3.7252956390400002e-09,5.3405780861377442e-15
25,1,3,0,7.62939453125e-05,7.6293900000000005e-05,5.8207660913467407e-09,5.820759177210001e-09,-6.9141367397252766e-15
26,2,3,0,7.62939453125e-05,7.6293900000000005e-05,5.8207660913467407e-09,5.820759177210001e-09,-6.9141367397252766e-15
27,3,3,0,7.62939453125e-05,7.6293900000000005e-05,5.8207660913467407e-09,5.820759177210001e-09,-6.9141367397252766e-15
28,4,3,0,7.62939453125e-05,7.6293900000000005e-05,5.8207660913467407e-09,5.820759177210001e-09,-6.9141367397252766e-15
29,5,3,0,4.57763671875e-05,4.5776399999999998e-05,2.0954757928848267e-09,2.0954787969599999e-09,3.0040751732456859e-15
30,6,3,0,4.57763671875e-05,4.5776399999999998e-05,2.0954757928848267e-09,2.0954787969599999e-09,3.0040751732456859e-15
31,7,3,0,4.57763671875e-05,4.5776399999999998e-05,2.0954757928848267e-09,2.0954787969599999e-09,3.0040751732456859e-15
32,0,4,0,4.57763671875e-05,4.5776399999999998e-05,2.0954757928848267e-09,2.0954787969599999e-09,3.0040751732456859e-15
33,1,4,0,7.62939453125e-05,7.6293900000000005e-05,5.8207660913467407e-09,5.820759177210001e-09,-6.9141367397252766e-15
34,2,4,0,7.62939453125e-05,7.6293900000000005e-05,5.8207660913467407e-09,5.820759177210001e-09,-6.9141367397252766e-15
35,3,4,0,9.1552734375e-05,9.1552700000000002e-05,8.3819031715393066e-09,8.3818968772899999e-09,-6.2942493067321699e-15
36,4,4,0,7.62939453125e-05,7.6293900000000005e-05,5.8207660913467407e-09,5.820759177210001e-09,-6.9141367397252766e-15
37,5,4,0,4.57763671875e-05,4.5776399999999998e-05,2.0954757928848267e-09,2.0954787969599999e-09,3.0040751732456859e-15
38,6,4,0,4.57763671875e-05,4.5776399999999998e-05,2.0954757928848267e-09,2.0954787969599999e-09,3.0040751732456859e-15
39,7,4,0,4.57763671875e-05,4.5776399999999998e-05,2.0954757928848267e-09,2.0954787969599999e-09,3.0040751732456859e-15
40,0,5,0,4.57763671875e-05,4.5776399999999998e-05,2.0954757928848267e-09,2.0954787969599999e-09,3.0040751732456859e-15
41,1,5,0,6.103515625e-05,6.1035200000000001e-05,3.7252902984619141e-09,3.7252956390400002e-09,5.3405780861377442e-15
42,2,5,0,7.62939453125e-05,7.6293900000000005e-05,5.8207660913467407e-09,5.820759177210001e-09,-6.9141367397252766e-15
43,3,5,0,7.62939453125e-05,7.6293900000000005e-05,5.8207660913467407e-09,5.820759177210001e-09,-6.9141367397252766e-15
44,4,5,0,7.62939453125e-05,7.6293900000000005e-05,5.8207660913467407e-09,5.820759177210001e-09,-6.9141367397252766e-15
45,5,5,0,4.57763671875e-05,4.5776399999999998e-05,2.0954757928848267e-09,2.0954787969599999e-09,3.0040751732456859e-15
46,6,5,0,3.0517578125e-05,3.0517600000000001e-05,9.3132257461547852e-10,9.3132390976000005e-10,1.335144521534436e-15
47,7,5,0,3.0517578125e-05,3.0517600000000001e-05,9.3132257461547852e-10,9.3132390976000005e-10,1.335144521534436e-15
48,0,6,0,3.0517578125e-05,3.0517600000000001e-05,9.3132257461547852e-10,9.3132390976000005e-10,1.335144521534436e-15
49,1,6,0,4.57763671875e-05,4.5776399999999998e-05,2.0954757928848267e-09,2.0954787969599999e-09,3.0040751732456859e-15
50,2,6,0,6.103515625e-05,6.1035200000000001e-05,3.7252902984619141e-09,3.7252956390400002e-09,5.3405780861377442e-15
51,3,6,0,7.62939453125e-05,7.6293900000000005e-05,5.8207660913467407e-09,5.820759177210001e-09,-6.9141367397252766e-15
52,4,6,0,7.62939453125e-05,7.6293900000000005e-05,5.8207660913467407e-09,5.820759177210001e-09,-6.9141367397252766e-15
53,5,6,0,4.57763671875e-05,4.5776399999999998e-05,2.0954757928848267e-09,2.0954787969599999e-09,3.0040751732456859e-15
54,6,6,0,3.0517578125e-05,3.0517600000000001e-05,9.3132257461547852e-10,9.3132390976000005e-10,1.335144521534436e-15
55,7,6,0,3.0517578125e-05,3.0517600000000001e-05,9.3132257461547852e-10,9.3132390976000005e-10,1.335144521534436e-15
56,0,7,0,4.57763671875e-05,4.5776399999999998e-05,2.0954757928848267e-09,2.0954787969599999e-09,3.0040751732456859e-15
57,1,7,0,4.57763671875e-05,4.5776399999999998e-05,2.0954757928848267e-09,2.0954787969599999e-09,3.0040751732456859e-15
58,2,7,0,6.103515625e-05,6.1035200000000001e-05,3.7252902984619141e-09,3.7252956390400002e-09,5.3405780861377442e-15
59,3,7,0,7.62939453125e-05,7.6293900000000005e-05,5.8207660913467407e-09,5.820759177210001e-09,-6.9141367397252766e-15
60,4,7,0,7.62939453125e-05,7.6293900000000005e-05,5.8207660913467407e-09,5.820759177210001e-09,-6.9141367397252766e-15
61,5,7,0,4.57763671875e-05,4.5776399999999998e-05,2.0954757928848267e-09,2.0954787969599999e-09,3.0040751732456859e-15
62,6,7,0,3.0517578125e-05,3.0517600000000001e-05,9.3132257461547852e-10,9.3132390976000005e-10,1.335144521534436e-15
63,7,7,0,3.0517578125e-05,3.0517600000000001e-05,9.3132257461547852e-10,9.3132390976000005e-10,1.335144521534436e-15
64,0,0,1,7.62939453125e-05,7.6293900000000005e-05,5.8207660913467407e-09,5.820759177210001e-09,-6.9141367397252766e-15
65,1,0,1,9.1552734375e-05,9.1552700000000002e-05,8.3819031715393066e-09,8.3818968772899999e-09,-6.2942493067321699e-15
66,2,0,1,9.1552734375e-05,9.1552700000000002e-05,8.3819031715393066e-09,8.3818968772899999e-09,-6.2942493067321699e-15
67,3,0,1,0.0001068115234375,0.0001068115,1.1408701539039612e-08,1.1408696532249999e-08,-5.0067896125582549e-15
68,4,0,1,0.0001068115234375,0.0001068115,1.1408701539039612e-08,1.1408696532249999e-08,-5.0067896125582549e-15
69,5,0,1,7.62939453125e-05,7.6293900000000005e-05,5.8207660913467407e-09,5.820759177210001e-09,-6.9141367397252766e-15
70,6,0,1,7.62939453125e-05,7.6293900000000005e-05,5.8207660913467407e-09,5.820759177210001e-09,-6.9141367397252766e-15
71,7,0,1,7.62939453125e-05,7.6293900000000005e-05,5.8207660913467407e-09,5.820759177210001e-09,-6.9141367397252766e-15
72,0,1,1,6.103515625e-05,6.1035200000000001e-05,3.7252902984619141e-09,3.7252956390400002e-09,5.3405780861377442e-15
73,1,1,1,7.62939453125e-05,7.6293900000000005e-05,5.8207660913467407e-09,5.820759177210001e-09,-6.9141367397252766e-15
74,2,1,1,9.1552734375e-05,9.1552700000000002e-05,8.3819031715393066e-09,8.3818968772899999e-09,-6.2942493067321699e-15
75,3,1,1,9.1552734375e-05,9.1552700000000002e-05,8.3819031715393066e-09,8.3818968772899999e-09,-6.2942493067321699e-15
76,4,1,1,9.1552734375e-05,9.1552700000000002e-05,8.3819031715393066e-09,8.3818968772899999e-09,-6.2942493067321699e-15
77,5,1,1,7.62939453125e-05,7.6293900000000005e-05,5.8207660913467407e-09,5.820759177210001e-09,-6.9141367397252766e-15
78,6,1,1,6.103515625e-05,6.1035200000000001e-05,3.7252902984619141e-09,3.7252956390400002e-09,5.3405780861377442e-15
79,7,1,1,6.103515625e-05,6.1035200000000001e-05,3.7252902984619141e-09,3.7252956390400002e-09,5.3405780861377442e-15
80,0,2,1,7.62939453125e-05,7.6293900000000005e-05,5.8207660913467407e-09,5.820759177210001e-09,-6.9141367397252766e-15
81,1,2,1,9.1552734375e-05,9.1552700000000002e-05,8.3819031715393066e-09,8.3818968772899999e-09,-6.2942493067321699e-15
82,2,2,1,9.1552734375e-05,9.1552700000000002e-05,8.3819031715393066e-09,8.3818968772899999e-09,-6.2942493067321699e-15
83,3,2,1,0.0001068115234375,0.0001068115,1.1408701539039612e-08,1.1408696532249999e-08,-5.0067896125582549e-15
84,4,2,1,0.0001068115234375,0.0001068115,1.1408701539039612e-08,1.1408696532249999e-08,-5.0067896125582549e-15
85,5,2,1,7.62939453125e-05,7.6293900000000005e-05,5.8207660913467407e-09,5.820759177210001e-09,-6.9141367397252766e-15
86,6,2,1,6.103515625e-05,6.1035200000000001e-05,3.7252902984619141e-09,3.7252956390400002e-09,5.3405780861377442e-15
87,7,2,1,7.62939453125e-05,7.6293900000000005e-05,5.8207660913467407e-09,5.820759177210001e-09,-6.9141367397252766e-15
88,0,3,1,7.62939453125e-05,7.6293900000000005e-05,5.8207660913467407e-09,5.820759177210001e-09,-6.9141367397252766e-15
89,1,3,1,9.1552734375e-05,9.1552700000000002e-05,8.3819031715393066e-09,8.3818968772899999e-09,-6.2942493067321699e-15
90,2,3,1,0.0001068115234375,0.0001068115,1.1408701539039612e-08,1.1408696532249999e-08,-5.0067896125582549e-15
91,3,3,1,0.0001068115234375,0.0001068115,1.1408701539039612e-08,1.1408696532249999e-08,-5.0067896125582549e-15
92,4,3,1,0.0001068115234375,0.0001068115,1.1408701539039612e-08,1.1408696532249999e-08,-5.0067896125582549e-15
93,5,3,1,7.62939453125e-05,7.6293900000000005e-05,5.8207660913467407e-09,5.820759177210001e-09,-6.9141367397252766e-15
94,6,3,1,7.62939453125e-05,7.6293900000000005e-05,5.8207660913467407e-09,5.820759177210001e-09,-6.9141367397252766e-15
95,7,3,1,7.62939453125e-05,7.6293900000000005e-05,5.8207660913467407e-09,5.820759177210001e-09,-6.9141367397252766e-15
96,0,4,1,7.62939453125e-05,7.6293900000000005e-05,5.8207660913467407e-09,5.820759177210001e-09,-6.9141367397252766e-15
97,1,4,1,9.1552734375e-05,9.1552700000000002e-05,8.3819031715393066e-09,8.3818968772899999e-09,-6.2942493067321699e-15
98,2,4,1,0.0001068115234375,0.0001068115,1.1408701539039612e-08,1.1408696532249999e-08,-5.0067896125582549e-15
99,3,4,1,0.0001068115234375,0.0001068115,1.1408701539039612e-08,1.1408696532249999e-08,-5.0067896125582549e-15
100,4,4,1,0.0001068115234375,0.0001068115,1.1408701539039612e-08,1.1408696532249999e-08,-5.0067896125582549e-15
101,5,4,1,7.62939453125e-05,7.6293900000000005e-05,5.8207660913467407e-09,5.820759177210001e-09,-6.9141367397252766e-15
102,6,4,1,7.62939453125e-05,7.6293900000000005e-05,5.8207660913467407e-09,5.820759177210001e-09,-6.9141367397252766e-15
103,7,4,1,7.62939453125e-05,7.6293900000000005e-05,5.8207660913467407e-09,5.820759177210001e-09,-6.9141367397252766e-15
104,0,5,1,7.62939453125e-05,7.6293900000000005e-05,5.8207660913467407e-09,5.820759177210001e-09,-6.9141367397252766e-15
105,1,5,1,9.1552734375e-05,9.1552700000000002e-05,8.3819031715393066e-09,8.3818968772899999e-09,-6.2942493067321699e-15
106,2,5,1,9.1552734375e-05,9.1552700000000002e-05,8.3819031715393066e-09,8.3818968772899999e-09,-6.2942493067321699e-15
107,3,5,1,0.0001068115234375,0.0001068115,1.1408701539039612e-08,1.1408696532249999e-08,-5.0067896125582549e-15
108,4,5,1,0.0001068115234375,0.0001068115,1.1408701539039612e-08,1.1408696532249999e-08,-5.0067896125582549e-15
109,5,5,1,7.62939453125e-05,7.6293900000000005e-05,5.8207660913467407e-09,5.820759177210001e-09,-6.9141367397252766e-15
110,6,5,1,6.103515625e-05,6.1035200000000001e-05,3.7252902984619141e-09,3.7252956390400002e-09,5.3405780861377442e-15
111,7,5,1,6.103515625e-05,6.1035200000000001e-05,3.7252902984619141e-09,3.7252956390400002e-09,5.3405780861377442e-15
112,0,6,1,6.103515625e-05,6.1035200000000001e-05,3.7252902984619141e-09,3.7252956390400002e-09,5.3405780861377442e-15
113,1,6,1,7.62939453125e-05,7.6293900000000005e-05,5.8207660913467407e-09,5.820759177210001e-09,-6.9141367397252766e-15
114,2,6,1,9.1552734375e-05,9.1552700000000002e-05,8.3819031715393066e-09,8.3818968772899999e-09,-6.2942493067321699e-15
115,3,6,1,9.1552734375e-05,9.1552700000000002e-05,8.3819031715393066e-09,8.3818968772899999e-09,-6.2942493067321699e-15
116,4,6,1,9.1552734375e-05,9.1552700000000002e-05,8.3819031715393066e-09,8.3818968772899999e-09,-6.2942493067321699e-15
117,5,6,1,6.103515625e-05,6.1035200000000001e-05,3.7252902984619141e-09,3.7252956390400002e-09,5.3405780861377442e-15
118,6,6,1,6.103515625e-05,6.1035200000000001e-05,3.7252902984619141e-09,3.7252956390400002e-09,5.3405780861377442e-15
119,7,6,1,6.103515625e-05,6.1035200000000001e-05,3.7252902984619141e-09,3.7252956390400002e-09,5.3405780861377442e-15
120,0,7,1,6.103515625e-05,6.1035200000000001e-05,3.7252902984619141e-09,3.7252956390400002e-09,5.3405780861377442e-15
121,1,7,1,7.62939453125e-05,7.6293900000000005e-05,5.8207660913467407e-09,5.820759177210001e-09,-6.9141367397252766e-15
122,2,7,1,9.1552734375e-05,9.1552700000000002e-05,8.3819031715393066e-09,8.3818968772899999e-09,-6.2942493067321699e-15
123,3,7,1,9.1552734375e-05,9.1552700000000002e-05,8.3819031715393066e-09,8.3818968772899999e-09,-6.2942493067321699e-15
124,4,7,1,9.1552734375e-05,9.1552700000000002e-05,8.3819031715393066e-09,8.3818968772899999e-09,-6.2942493067321699e-15
125,5,7,1,6.103515625e-05,6.1035200000000001e-05,3.7252902984619141e-09,3.7252956390400002e-09,5.3405780861377442e-15
126,6,7,1,6.103515625e-05,6.1035200000000001e-05,3.7252902984619141e-09,3.7252956390400002e-09,5.3405780861377442e-15
127,7,7,1,6.103515625e-05,6.1035200000000001e-05,3.7252902984619141e-09,3.7252956390400002e-09,5.3405780861377442e-15
128,0,0,2,9.1552734375e-05,9.1552700000000002e-05,8.3819031715393066e-09,8.3818968772899999e-09,-6.2942493067321699e-15
129,1,0,2,0.0001068115234375,0.0001068115,1.1408701539039612e-08,1.1408696532249999e-08,-5.0067896125582549e-15
130,2,0,2,0.0001068115234375,0.0001068115,1.1408701539039612e-08,1.1408696532249999e-08,-5.0067896125582549e-15
131,3,0,2,0.0001220703125,0.0001220703,1.4901161193847656e-08,1.4901158142089998e-08,-3.0517576580307122e-15
132,4,0,2,0.0001220703125,0.0001220703,1.4901161193847656e-08,1.4901158142089998e-08,-3.0517576580307122e-15
133,5,0,2,9.1552734375e-05,9.1552700000000002e-05,8.3819031715393066e-09,8.3818968772899999e-09,-6.2942493067321699e-15
134,6,0,2,9.1552734375e-05,9.1552700000000002e-05,8.3819031715393066e-09,8.3818968772899999e-09,-6.2942493067321699e-15
135,7,0,2,9.1552734375e-05,9.1552700000000002e-05,8.3819031715393066e-09,8.3818968772899999e-09,-6.2942493067321699e-15
136,0,1,2,7.62939453125e-05,7.6293900000000005e-05,5.8207660913467407e-09,5.820759177210001e-09,-6.9141367397252766e-15
137,1,1,2,9.1552734375e-05,9.1552700000000002e-05,8.3819031715393066e-09,8.3818968772899999e-09,-6.2942493067321699e-15
138,2,1,2,9.1552734375e-05,9.1552700000000002e-05,8.3819031715393066e-09,8.3818968772899999e-09,-6.2942493067321699e-15
139,3,1,2,0.0001068115234375,0.0001068115,1.1408701539039612e-08,1.1408696532249999e-08,-5.0067896125582549e-15
140,4,1,2,0.0001068115234375,0.0001068115,1.1408701539039612e-08,1.1408696532249999e-08,-5.0067896125582549e-15
141,5,1,2,9.1552734375e-05,9.1552700000000002e-05,8.3819031715393066e-09,8.3818968772899999e-09,-6.2942493067321699e-15
142,6,1,2,7.62939453125e-05,7.6293900000000005e-05,5.8207660913467407e-09,5.820759177210001e-09,-6.9141367397252766e-15
143,7,1,2,7.62939453125e-05,7.6293900000000005e-05,5.8207660913467407e-09,5.820759177210001e-09,-6.9141367397252766e-15
144,0,2,2,9.1552734375e-05,9.1552700000000002e-05,8.3819031715393066e-09,8.3818968772899999e-09,-6.2942493067321699e-15
145,1,2,2,0.0001068115234375,0.0001068115,1.1408701539039612e-08,1.1408696532249999e-08,-5.0067896125582549e-15
146,2,2,2,0.0001068115234375,0.0001068115,1.1408701539039612e-08,1.1408696532249999e-08,-5.0067896125582549e-15
147,3,2,2,0.0001068115234375,0.0001068115,1.1408701539039612e-08,1.1408696532249999e-08,-5.0067896125582549e-15
148,4,2,2,0.0001068115234375,0.0001068115,1.1408701539039612e-08,1.1408696532249999e-08,-5.0067896125582549e-15
149,5,2,2,9.1552734375e-05,9.1552700000000002e-05,8.3819031715393066e-09,8.3818968772899999e-09,-6.2942493067321699e-15
150,6,2,2,7.62939453125e-05,7.6293900000000005e-05,5.8207660913467407e-09,5.820759177210001e-09,-6.9141367397252766e-15
151,7,2,2,9.1552734375e-05,9.1552700000000002e-05,8.3819031715393066e-09,8.3818968772899999e-09,-6.2942493067321699e-15
152,0,3,2,9.1552734375e-05,9.1552700000000002e-05,8.3819031715393066e-09,8.3818968772899999e-09,-6.2942493067321699e-15
153,1,3,2,0.0001068115234375,0.0001068115,1.1408701539039612e-08,1.1408696532249999e-08,-5.0067896125582549e-15
154,2,3,2,0.0001068115234375,0.0001068115,1.1408701539039612e-08,1.1408696532249999e-08,-5.0067896125582549e-15
155,3,3,2,0.0001220703125,0.0001220703,1.4901161193847656e-08,1.4901158142089998e-08,-3.0517576580307122e-15
156,4,3,2,0.0001220703125,0.0001220703,1.4901161193847656e-08,1.4901158142089998e-08,-3.0517576580307122e-15
157,5,3,2,9.1552734375e-05,9.1552700000000002e-05,8.3819031715393066e-09,8.3818968772899999e-09,-6.2942493067321699e-15
158,6,3,2,9.1552734375e-05,9.1552700000000002e-05,8.3819031715393066e-09,8.3818968772899999e-09,-6.2942493067321699e-15
159,7,3,2,9.1552734375e-05,9.1552700000000002e-05,8.3819031715393066e-09,8.3818968772899999e-09,-6.2942493067321699e-15
160,0,4,2,9.1552734375e-05,9.1552700000000002e-05,8.3819031715393066e-09,8.3818968772899999e-09,-6.2942493067321699e-15
161,1,4,2,0.0001068115234375,0.0001068115,1.1408701539039612e-08,1.1408696532249999e-08,-5.0067896125582549e-15
162,2,4,2,0.0001068115234375,0.0001068115,1.1408701539039612e-08,1.1408696532249999e-08,-5.0067896125582549e-15
163,3,4,2,0.0001220703125,0.0001220703,1.4901161193847656e-08,1.4901158142089998e-08,-3.0517576580307122e-15
164,4,4,2,0.0001220703125,0.0001220703,1.4901161193847656e-08,1.4901158142089998e-08,-3.0517576580307122e-15
165,5,4,2,9.1552734375e-05,9.1552700000000002e-05,8.3819031715393066e-09,8.3818968772899999e-09,-6.2942493067321699e-15
166,6,4,2,7.62939453125e-05,7.6293900000000005e-05,5.8207660913467407e-09,5.820759177210001e-09,-6.9141367397252766e-15
167,7,4,2,9.1552734375e-05,9.1552700000000002e-05,8.3819031715393066e-09,8.3818968772899999e-09,-6.2942493067321699e-15
168,0,5,2,7.62939453125e-05,7.6293900000000005e-05,5.8207660913467407e-09,5.820759177210001e-09,-6.9141367397252766e-15
169,1,5,2,9.1552734375e-05,9.1552700000000002e-05,8.3819031715393066e-09,8.3818968772899999e-09,-6.2942493067321699e-15
170,2,5,2,0.0001068115234375,0.0001068115,1.1408701539039612e-08,1.1408696532249999e-08,-5.0067896125582549e-15
171,3,5,2,0.0001068115234375,0.0001068115,1.1408701539039612e-08,1.1408696532249999e-08,-5.0067896125582549e-15
172,4,5,2,0.0001068115234375,0.0001068115,1.1408701539039612e-08,1.1408696532249999e-08,-5.0067896125582549e-15
173,5,5,2,7.62939453125e-05,7.6293900000000005e-05,5.8207660913467407e-09,5.820759177210001e-09,-6.9141367397252766e-15
174,6,5,2,7.62939453125e-05,7.6293900000000005e-05,5.8207660913467407e-09,5.820759177210001e-09,-6.9141367397252766e-15
175,7,5,2,7.62939453125e-05,7.6293900000000005e-05,5.8207660913467407e-09,5.820759177210001e-09,-6.9141367397252766e-15
176,0,6,2,6.103515625e-05,6.1035200000000001e-05,3.7252902984619141e-09,3.7252956390400002e-09,5.3405780861377442e-15
177,1,6,2,7.62939453125e-05,7.6293900000000005e-05,5.8207660913467407e-09,5.820759177210001e-09,-6.9141367397252766e-15
178,2,6,2,9.1552734375e-05,9.1552700000000002e-05,8.3819031715393066e-09,8.3818968772899999e-09,-6.2942493067321699e-15
179,3,6,2,0.0001068115234375,0.0001068115,1.1408701539039612e-08,1.1408696532249999e-08,-5.0067896125582549e-15
180,4,6,2,0.0001068115234375,0.0001068115,1.1408701539039612e-08,1.1408696532249999e-08,-5.0067896125582549e-15
181,5,6,2,7.62939453125e-05,7.6293900000000005e-05,5.8207660913467407e-09,5.820759177210001e-09,-6.9141367397252766e-15
182,6,6,2,6.103515625e-05,6.1035200000000001e-05,3.7252902984619141e-09,3.7252956390400002e-09,5.3405780861377442e-15
183,7,6,2,6.103515625e-05,6.1035200000000001e-05,3.7252902984619141e-09,3.7252956390400002e-09,5.3405780861377442e-15
184,0,7,2,7.62939453125e-05,7.6293900000000005e-05,5.8207660913467407e-09,5.820759177210001e-09,-6.9141367397252766e-15
185,1,7,2,9.1552734375e-05,9.1552700000000002e-05,8.3819031715393066e-09,8.3818968772899999e-09,-6.2942493067321699e-15
186,2,7,2,9.1552734375e-05,9.1552700000000002e-05,8.3819031715393066e-09,8.3818968772899999e-09,-6.2942493067321699e-15
187,3,7,2,0.0001068115234375,0.0001068115,1.1408701539039612e-08,1.1408696532249999e-08,-5.0067896125582549e-15
188,4,7,2,0.0001068115234375,0.0001068115,1.1408701539039612e-08,1.1408696532249999e-08,-5.0067896125582549e-15
189,5,7,2,7.62939453125e-05,7.6293900000000005e-05,5.8207660913467407e-09,5.820759177210001e-09,-6.9141367397252766e-15
190,6,7,2,7.62939453125e-05,7.6293900000000005e-05,5.8207660913467407e-09,5.820759177210001e-09,-6.9141367397252766e-15
191,7,7,2,7.62939453125e-05,7.6293900000000005e-05,5.8207660913467407e-09,5.820759177210001e-09,-6.9141367397252766e-15
192,0,0,3,0.0001068115234375,0.0001068115,1.1408701539039612e-08,1.1408696532249999e-08,-5.0067896125582549e-15
193,1,0,3,0.0001068115234375,0.0001068115,1.1408701539039612e-08,1.1408696532249999e-08,-5.0067896125582549e-15
194,2,0,3,0.0001068115234375,0.0001068115,1.1408701539039612e-08,1.1408696532249999e-08,-5.0067896125582549e-15
195,3,0,3,0.0001220703125,0.0001220703,1.4901161193847656e-08,1.4901158142089998e-08,-3.0517576580307122e-15
196,4,0,3,0.0001220703125,0.0001220703,1.4901161193847656e-08,1.4901158142089998e-08,-3.0517576580307122e-15
197,5,0,3,0.0001068115234375,0.0001068115,1.1408701539039612e-08,1.1408696532249999e-08,-5.0067896125582549e-15
198,6,0,3,0.0001068115234375,0.0001068115,1.1408701539039612e-08,1.1408696532249999e-08,-5.0067896125582549e-15
199,7,0,3,0.0001068115234375,0.0001068115,1.1408701539039612e-08,1.1408696532249999e-08,-5.0067896125582549e-15
200,0,1,3,9.1552734375e-05,9.1552700000000002e-05,8.3819031715393066e-09,8.3818968772899999e-09,-6.2942493067321699e-15
201,1,1,3,0.0001068115234375,0.0001068115,1.1408701539039612e-08,1.1408696532249999e-08,-5.0067896125582549e-15
202,2,1,3,0.0001068115234375,0.0001068115,1.1408701539039612e-08,1.1408696532249999e-08,-5.0067896125582549e-15
203,3,1,3,0.0001068115234375,0.0001068115,1.1408701539039612e-08,1.1408696532249999e-08,-5.0067896125582549e-15
204,4,1,3,0.0001220703125,0.0001220703,1.4901161193847656e-08,1.4901158142089998e-08,-3.0517576580307122e-15
205,5,1,3,0.0001068115234375,0.0001068115,1.1408701539039612e-08,1.1408696532249999e-08,-5.0067896125582549e-15
206,6,1,3,9.1552734375e-05,9.1552700000000002e-05,8.3819031715393066e-09,8.3818968772899999e-09,-6.2942493067321699e-15
207,7,1,3,9.1552734375e-05,9.1552700000000002e-05,8.3819031715393066e-09,8.3818968772899999e-09,-6.2942493067321699e-15
208,0,2,3,9.1552734375e-05,9.1552700000000002e-05,8.3819031715393066e-09,8.3818968772899999e-09,-6.2942493067321699e-15
209,1,2,3,0.0001068115234375,0.0001068115,1.1408701539039612e-08,1.1408696532249999e-08,-5.0067896125582549e-15
210,2,2,3,0.0001068115234375,0.0001068115,1.1408701539039612e-08,1.1408696532249999e-08,-5.0067896125582549e-15
211,3,2,3,0.0001220703125,0.0001220703,1.4901161193847656e-08,1.4901158142089998e-08,-3.0517576580307122e-15
212,4,2,3,0.0001220703125,0.0001220703,1.4901161193847656e-08,1.4901158142089998e-08,-3.0517576580307122e-15
213,5,2,3,0.0001068115234375,0.0001068115,1.1408701539039612e-08,1.1408696532249999e-08,-5.0067896125582549e-15
214,6,2,3,9.1552734375e-05,9.1552700000000002e-05,8.3819031715393066e-09,8.3818968772899999e-09,-6.2942493067321699e-15
215,7,2,3,9.1552734375e-05,9.1552700000000002e-05,8.3819031715393066e-09,8.3818968772899999e-09,-6.2942493067321699e-15
216,0,3,3,0.0001068115234375,0.0001068115,1.1408701539039612e-08,1.1408696532249999e-08,-5.0067896125582549e-15
217,1,3,3,0.0001220703125,0.0001220703,1.4901161193847656e-08,1.4901158142089998e-08,-3.0517576580307122e-15
218,2,3,3,0.0001220703125,0.0001220703,1.4901161193847656e-08,1.4901158142089998e-08,-3.0517576580307122e-15
219,3,3,3,0.0001220703125,0.0001220703,1.4901161193847656e-08,1.4901158142089998e-08,-3.0517576580307122e-15
220,4,3,3,0.0001220703125,0.0001220703,1.4901161193847656e-08,1.4901158142089998e-08,-3.0517576580307122e-15
221,5,3,3,0.0001068115234375,0.0001068115,1.1408701539039612e-08,1.1408696532249999e-08,-5.0067896125582549e-15
222,6,3,3,0.0001068115234375,0.0001068115,1.1408701539039612e-08,1.1408696532249999e-08,-5.0067896125582549e-15
223,7,3,3,0.0001068115234375,0.0001068115,1.1408701539039612e-08,1.1408696532249999e-08,-5.0067896125582549e-15
224,0,4,3,0.0001068115234375,0.0001068115,1.1408701539039612e-08,1.1408696532249999e-08,-5.0067896125582549e-15
225,1,4,3,0.0001068115234375,0.0001068115,1.1408701539039612e-08,1.1408696532249999e-08,-5.0067896125582549e-15
226,2,4,3,0.0001220703125,0.0001220703,1.4901161193847656e-08,1.4901158142089998e-08,-3.0517576580307122e-15
227,3,4,3,0.0001220703125,0.0001220703,1.4901161193847656e-08,1.4901158142089998e-08,-3.0517576580307122e-15
228,4,4,3,0.0001220703125,0.0001220703,1.4901161193847656e-08,1.4901158142089998e-08,-3.0517576580307122e-15
229,5,4,3,0.0001068115234375,0.0001068115,1.1408701539039612e-08,1.1408696532249999e-08,-5.0067896125582549e-15
230,6,4,3,9.1552734375e-05,9.1552700000000002e-05,8.3819031715393066e-09,8.3818968772899999e-09,-6.2942493067321699e-15
231,7,4,3,0.0001068115234375,0.0001068115,1.1408701539039612e-08,1.1408696532249999e-08,-5.0067896125582549e-15
232,0,5,3,9.1552734375e-05,9.1552700000000002e-05,8.3819031715393066e-09,8.3818968772899999e-09,-6.2942493067321699e-15
233,1,5,3,0.0001068115234375,0.0001068115,1.1408701539039612e-08,1.1408696532249999e-08,-5.0067896125582549e-15
234,2,5,3,0.0001068115234375,0.0001068115,1.1408701539039612e-08,1.1408696532249999e-08,-5.0067896125582549e-15
235,3,5,3,0.0001220703125,0.0001220703,1.4901161193847656e-08,1.4901158142089998e-08,-3.0517576580307122e-15
236,4,5,3,0.0001220703125,0.0001220703,1.4901161193847656e-08,1.4901158142089998e-08,-3.0517576580307122e-15
237,5,5,3,9.1552734375e-05,9.1552700000000002e-05,8.3819031715393066e-09,8.3818968772899999e-09,-6.2942493067321699e-15
238,6,5,3,7.62939453125e-05,7.6293900000000005e-05,5.8207660913467407e-09,5.820759177210001e-09,-6.9141367397252766e-15
239,7,5,3,9.1552734375e-05,9.1552700000000002e-05,8.3819031715393066e-09,8.3818968772899999e-09,-6.2942493067321699e-15
240,0,6,3,7.62939453125e-05,7.6293900000000005e-05,5.8207660913467407e-09,5.820759177210001e-09,-6.9141367397252766e-15
241,1,6,3,9.1552734375e-05,9.1552700000000002e-05,8.3819031715393066e-09,8.3818968772899999e-09,-6.2942493067321699e-15
242,2,6,3,9.1552734375e-05,9.1552700000000002e-05,8.3819031715393066e-09,8.3818968772899999e-09,-6.2942493067321699e-15
243,3,6,3,0.0001068115234375,0.0001068115,1.1408701539039612e-08,1.1408696532249999e-08,-5.0067896125582549e-15
244,4,6,3,0.0001068115234375,0.0001068115,1.1408701539039612e-08,1.1408696532249999e-08,-5.0067896125582549e-15
245,5,6,3,9.1552734375e-05,9.1552700000000002e-05,8.3819031715393066e-09,8.3818968772899999e-09,-6.2942493067321699e-15
246,6,6,3,7.62939453125e-05,7.6293900000000005e-05,5.8207660913467407e-09,5.820759177210001e-09,-6.9141367397252766e-15
247,7,6,3,7.62939453125e-05,7.6293900000000005e-05,5.8207660913467407e-09,5.820759177210001e-09,-6.9141367397252766e-15
248,0,7,3,9.1552734375e-05,9.1552700000000002e-05,8.3819031715393066e-09,8.3818968772899999e-09,-6.2942493067321699e-15
249,1,7,3,9.1552734375e-05,9.1552700000000002e-05,8.3819031715393066e-09,8.3818968772899999e-09,-6.2942493067321699e-15
250,2,7,3,9.1552734375e-05,9.1552700000000002e-05,8.3819031715393066e-09,8.3818968772899999e-09,-6.2942493067321699e-15
251,3,7,3,0.0001068115234375,0.0001068115,1.1408701539039612e-08,1.1408696532249999e-08,-5.0067896125582549e-15
252,4,7,3,0.0001220703125,0.0001220703,1.4901161193847656e-08,1.4901158142089998e-08,-3.0517576580307122e-15
253,5,7,3,9.1552734375e-05,9.1552700000000002e-05,8.3819031715393066e-09,8.3818968772899999e-09,-6.2942493067321699e-15
254,6,7,3,9.1552734375e-05,9.1552700000000002e-05,8.3819031715393066e-09,8.3818968772899999e-09,-6.2942493067321699e-15
255,7,7,3,9.1552734375e-05,9.1552700000000002e-05,8.3819031715393066e-09,8.3818968772899999e-09,-6.2942493067321699e-15
256,0,0,4,9.1552734375e-05,9.1552700000000002e-05,8.3819031715393066e-09,8.3818968772899999e-09,-6.2942493067321699e-15
257,1,0,4,9.1552734375e-05,9.1552700000000002e-05,8.3819031715393066e-09,8.3818968772899999e-09,-6.2942493067321699e-15
258,2,0,4,9.1552734375e-05,9.1552700000000002e-05,8.3819031715393066e-09,8.3818968772899999e-09,-6.2942493067321699e-15
259,3,0,4,0.0001068115234375,0.0001068115,1.1408701539039612e-08,1.1408696532249999e-08,-5.0067896125582549e-15
260,4,0,4,0.0001220703125,0.0001220703,1.4901161193847656e-08,1.4901158142089998e-08,-3.0517576580307122e-15
261,5,0,4,9.1552734375e-05,9.1552700000000002e-05,8.3819031715393066e-09,8.3818968772899999e-09,-6.2942493067321699e-15
262,6,0,4,9.1552734375e-05,9.1552700000000002e-05,8.3819031715393066e-09,8.3818968772899999e-09,-6.2942493067321699e-15
263,7,0,4,9.1552734375e-05,9.1552700000000002e-05,8.3819031715393066e-09,8.3818968772899999e-09,-6.2942493067321699e-15
264,0,1,4,7.62939453125e-05,7.6293900000000005e-05,5.8207660913467407e-09,5.820759177210001e-09,-6.9141367397252766e-15
265,1,1,4,9.1552734375e-05,9.1552700000000002e-05,8.3819031715393066e-09,8.3818968772899999e-09,-6.2942493067321699e-15
266,2,1,4,9.1552734375e-05,9.1552700000000002e-05,8.3819031715393066e-09,8.3818968772899999e-09,-6.2942493067321699e-15
267,3,1,4,9.1552734375e-05,9.1552700000000002e-05,8.3819031715393066e-09,8.3818968772899999e-09,-6.2942493067321699e-15
268,4,1,4,0.0001068115234375,0.0001068115,1.1408701539039612e-08,1.1408696532249999e-08,-5.0067896125582549e-15
269,5,1,4,9.1552734375e-05,9.1552700000000002e-05,8.3819031715393066e-09,8.3818968772899999e-09,-6.2942493067321699e-15
270,6,1,4,9.1552734375e-05,9.1552700000000002e-05,8.3819031715393066e-09,8.3818968772899999e-09,-6.2942493067321699e-15
271,7,1,4,7.62939453125e-05,7.6293900000000005e-05,5.8207660913467407e-09,5.820759177210001e-09,-6.9141367397252766e-15
272,0,2,4,7.62939453125e-05,7.6293900000000005e-05,5.8207660913467407e-09,5.820759177210001e-09,-6.9141367397252766e-15
273,1,2,4,9.1552734375e-05,9.1552700000000002e-05,8.3819031715393066e-09,8.3818968772899999e-09,-6.2942493067321699e-15
274,2,2,4,9.1552734375e-05,9.1552700000000002e-05,8.3819031715393066e-09,8.3818968772899999e-09,-6.2942493067321699e-15
275,3,2,4,0.0001068115234375,0.0001068115,1.1408701539039612e-08,1.1408696532249999e-08,-5.0067896125582549e-15
276,4,2,4,0.0001068115234375,0.0001068115,1.1408701539039612e-08,1.1408696532249999e-08,-5.0067896125582549e-15
277,5,2,4,9.1552734375e-05,9.1552700000000002e-05,8.3819031715393066e-09,8.3818968772899999e-09,-6.2942493067321699e-15
278,6,2,4,9.1552734375e-05,9.1552700000000002e-05,8.3819031715393066e-09,8.3818968772899999e-09,-6.2942493067321699e-15
279,7,2,4,9.1552734375e-05,9.1552700000000002e-05,8.3819031715393066e-09,8.3818968772899999e-09,-6.2942493067321699e-15
280,0,3,4,9.1552734375e-05,9.1552700000000002e-05,8.3819031715393066e-09,8.3818968772899999e-09,-6.2942493067321699e-15
281,1,3,4,0.0001068115234375,0.0001068115,1.1408701539039612e-08,1.1408696532249999e-08,-5.0067896125582549e-15
282,2,3,4,0.0001068115234375,0.0001068115,1.1408701539039612e-08,1.1408696532249999e-08,-5.0067896125582549e-15
283,3,3,4,0.0001068115234375,0.0001068115,1.1408701539039612e-08,1.1408696532249999e-08,-5.0067896125582549e-15
284,4,3,4,0.0001068115234375,0.0001068115,1.1408701539039612e-08,1.1408696532249999e-08,-5.0067896125582549e-15
285,5,3,4,9.1552734375e-05,9.1552700000000002e-05,8.3819031715393066e-09,8.3818968772899999e-09,-6.2942493067321699e-15
286,6,3,4,9.1552734375e-05,9.1552700000000002e-05,8.3819031715393066e-09,8.3818968772899999e-09,-6.2942493067321699e-15
287,7,3,4,9.1552734375e-05,9.1552700000000002e-05,8.3819031715393066e-09,8.3818968772899999e-09,-6.2942493067321699e-15
288,0,4,4,9.1552734375e-05,9.1552700000000002e-05,8.3819031715393066e-09,8.3818968772899999e-09,-6.2942493067321699e-15
289,1,4,4,0.0001068115234375,0.0001068115,1.1408701539039612e-08,1.1408696532249999e-08,-5.0067896125582549e-15
290,2,4,4,0.0001068115234375,0.0001068115,1.1408701539039612e-08,1.1408696532249999e-08,-5.0067896125582549e-15
291,3,4,4,0.0001068115234375,0.0001068115,1.1408701539039612e-08,1.1408696532249999e-08,-5.0067896125582549e-15
292,4,4,4,0.0001068115234375,0.0001068115,1.1408701539039612e-08,1.1408696532249999e-08,-5.0067896125582549e-15
293,5,4,4,9.1552734375e-05,9.1552700000000002e-05,8.3819031715393066e-09,8.3818968772899999e-09,-6.2942493067321699e-15
294,6,4,4,9.1552734375e-05,9.1552700000000002e-05,8.3819031715393066e-09,8.3818968772899999e-09,-6.2942493067321699e-15
295,7,4,4,9.1552734375e-05,9.1552700000000002e-05,8.3819031715393066e-09,8.3818968772899999e-09,-6.2942493067321699e-15
296,0,5,4,7.62939453125e-05,7.6293900000000005e-05,5.8207660913467407e-09,5.820759177210001e-09,-6.9141367397252766e-15
297,1,5,4,9.1552734375e-05,9.1552700000000002e-05,8.3819031715393066e-09,8.3818968772899999e-09,-6.2942493067321699e-15
298,2,5,4,9.1552734375e-05,9.1552700000000002e-05,8.3819031715393066e-09,8.3818968772899999e-09,-6.2942493067321699e-15
299,3,5,4,0.0001068115234375,0.0001068115,1.1408701539039612e-08,1.1408696532249999e-08,-5.0067896125582549e-15
300,4,5,4,0.0001068115234375,0.0001068115,1.1408701539039612e-08,1.1408696532249999e-08,-5.0067896125582549e-15
301,5,5,4,7.62939453125e-05,7.6293900000000005e-05,5.8207660913467407e-09,5.820759177210001e-09,-6.9141367397252766e-15
302,6,5,4,7.62939453125e-05,7.6293900000000005e-05,5.8207660913467407e-09,5.820759177210001e-09,-6.9141367397252766e-15
303,7,5,4,7.62939453125e-05,7.6293900000000005e-05,5.8207660913467407e-09,5.820759177210001e-09,-6.9141367397252766e-15
304,0,6,4,6.103515625e-05,6.1035200000000001e-05,3.7252902984619141e-09,3.7252956390400002e-09,5.3405780861377442e-15
305,1,6,4,7.62939453125e-05,7.6293900000000005e-05,5.8207660913467407e-09,5.820759177210001e-09,-6.9141367397252766e-15
306,2,6,4,7.62939453125e-05,7.6293900000000005e-05,5.8207660913467407e-09,5.820759177210001e-09,-6.9141367397252766e-15
307,3,6,4,9.1552734375e-05,9.1552700000000002e-05,8.3819031715393066e-09,8.3818968772899999e-09,-6.2942493067321699e-15
308,4,6,4,9.1552734375e-05,9.1552700000000002e-05,8.3819031715393066e-09,8.3818968772899999e-09,-6.2942493067321699e-15
309,5,6,4,7.62939453125e-05,7.6293900000000005e-05,5.8207660913467407e-09,5.820759177210001e-09,-6.9141367397252766e-15
310,6,6,4,7.62939453125e-05,7.6293900000000005e-05,5.8207660913467407e-09,5.820759177210001e-09,-6.9141367397252766e-15
311,7,6,4,7.62939453125e-05,7.6293900000000005e-05,5.8207660913467407e-09,5.820759177210001e-09,-6.9141367397252766e-15
312,0,7,4,7.62939453125e-05,7.6293900000000005e-05,5.8207660913467407e-09,5.820759177210001e-09,-6.9141367397252766e-15
313,1,7,4,7.62939453125e-05,7.6293900000000005e-05,5.8207660913467407e-09,5.820759177210001e-09,-6.9141367397252766e-15
314,2,7,4,9.1552734375e-05,9.1552700000000002e-05,8.3819031715393066e-09,8.3818968772899999e-09,-6.2942493067321699e-15
315,3,7,4,9.1552734375e-05,9.1552700000000002e-05,8.3819031715393066e-09,8.3818968772899999e-09,-6.2942493067321699e-15
316,4,7,4,0.0001068115234375,0.0001068115,1.1408701539039612e-08,1.1408696532249999e-08,-5.0067896125582549e-15
317,5,7,4,7.62939453125e-05,7.6293900000000005e-05,5.8207660913467407e-09,5.820759177210001e-09,-6.9141367397252766e-15
318,6,7,4,7.62939453125e-05,7.6293900000000005e-05,5.8207660913467407e-09,5.820759177210001e-09,-6.9141367397252766e-15
319,7,7,4,7.62939453125e-05,7.6293900000000005e-05,5.8207660913467407e-09,5.820759177210001e-09,-6.9141367397252766e-15
320,0,0,5,6.103515625e-05,6.1035200000000001e-05,3.7252902984619141e-09,3.7252956390400002e-09,5.3405780861377442e-15
321,1,0,5,7.62939453125e-05,7.6293900000000005e-05,5.8207660913467407e-09,5.820759177210001e-09,-6.9141367397252766e-15
322,2,0,5,7.62939453125e-05,7.6293900000000005e-05,5.8207660913467407e-09,5.820759177210001e-09,-6.9141367397252766e-15
323,3,0,5,9.1552734375e-05,9.1552700000000002e-05,8.3819031715393066e-09,8.3818968772899999e-09,-6.2942493067321699e-15
324,4,0,5,9.1552734375e-05,9.1552700000000002e-05,8.3819031715393066e-09,8.3818968772899999e-09,-6.2942493067321699e-15
325,5,0,5,7.62939453125e-05,7.6293900000000005e-05,5.8207660913467407e-09,5.820759177210001e-09,-6.9141367397252766e-15
326,6,0,5,6.103515625e-05,6.1035200000000001e-05,3.7252902984619141e-09,3.7252956390400002e-09,5.3405780861377442e-15
327,7,0,5,6.103515625e-05,6.1035200000000001e-05,3.7252902984619141e-09,3.7252956390400002e-09,5.3405780861377442e-15
328,0,1,5,4.57763671875e-05,4.5776399999999998e-05,2.0954757928848267e-09,2.0954787969599999e-09,3.0040751732456859e-15
329,1,1,5,6.103515625e-05,6.1035200000000001e-05,3.7252902984619141e-09,3.7252956390400002e-09,5.3405780861377442e-15
330,2,1,5,6.103515625e-05,6.1035200000000001e-05,3.7252902984619141e-09,3.7252956390400002e-09,5.3405780861377442e-15
331,3,1,5,7.62939453125e-05,7.6293900000000005e-05,5.8207660913467407e-09,5.820759177210001e-09,-6.9141367397252766e-15
332,4,1,5,7.62939453125e-05,7.6293900000000005e-05,5.8207660913467407e-09,5.820759177210001e-09,-6.9141367397252766e-15
333,5,1,5,6.103515625e-05,6.1035200000000001e-05,3.7252902984619141e-09,3.7252956390400002e-09,5.3405780861377442e-15
334,6,1,5,6.103515625e-05,6.1035200000000001e-05,3.7252902984619141e-09,3.7252956390400002e-09,5.3405780861377442e-15
335,7,1,5,6.103515625e-05,6.1035200000000001e-05,3.7252902984619141e-09,3.7252956390400002e-09,5.3405780861377442e-15
336,0,2,5,6.103515625e-05,6.1035200000000001e-05,3.7252902984619141e-09,3.7252956390400002e-09,5.3405780861377442e-15
337,1,2,5,6.103515625e-05,6.1035200000000001e-05,3.7252902984619141e-09,3.7252956390400002e-09,5.3405780861377442e-15
338,2,2,5,6.103515625e-05,6.1035200000000001e-05,3.7252902984619141e-09,3.7252956390400002e-09,5.3405780861377442e-15
339,3,2,5,7.62939453125e-05,7.6293900000000005e-05,5.8207660913467407e-09,5.820759177210001e-09,-6.9141367397252766e-15
340,4,2,5,7.62939453125e-05,7.6293900000000005e-05,5.8207660913467407e-09,5.820759177210001e-09,-6.9141367397252766e-15
341,5,2,5,6.103515625e-05,6.1035200000000001e-05,3.7252902984619141e-09,3.7252956390400002e-09,5.3405780861377442e-15
342,6,2,5,6.103515625e-05,6.1035200000000001e-05,3.7252902984619141e-09,3.7252956390400002e-09,5.3405780861377442e-15
343,7,2,5,6.103515625e-05,6.1035200000000001e-05,3.7252902984619141e-09,3.7252956390400002e-09,5.3405780861377442e-15
344,0,3,5,6.103515625e-05,6.1035200000000001e-05,3.7252902984619141e-09,3.7252956390400002e-09,5.3405780861377442e-15
345,1,3,5,7.62939453125e-05,7.6293900000000005e-05,5.8207660913467407e-09,5.820759177210001e-09,-6.9141367397252766e-15
346,2,3,5,7.62939453125e-05,7.6293900000000005e-05,5.8207660913467407e-09,5.820759177210001e-09,-6.9141367397252766e-15
347,3,3,5,9.1552734375e-05,9.1552700000000002e-05,8.3819031715393066e-09,8.3818968772899999e-09,-6.2942493067321699e-15
348,4,3,5,9.1552734375e-05,9.1552700000000002e-05,8.3819031715393066e-09,8.3818968772899999e-09,-6.2942493067321699e-15
349,5,3,5,6.103515625e-05,6.1035200000000001e-05,3.7252902984619141e-09,3.7252956390400002e-09,5.3405780861377442e-15
350,6,3,5,6.103515625e-05,6.1035200000000001e-05,3.7252902984619141e-09,3.7252956390400002e-09,5.3405780861377442e-15
351,7,3,5,6.103515625e-05,6.1035200000000001e-05,3.7252902984619141e-09,3.7252956390400002e-09,5.3405780861377442e-15
352,0,4,5,6.103515625e-05,6.1035200000000001e-05,3.7252902984619141e-09,3.7252956390400002e-09,5.3405780861377442e-15
353,1,4,5,7.62939453125e-05,7.6293900000000005e-05,5.8207660913467407e-09,5.820759177210001e-09,-6.9141367397252766e-15
354,2,4,5,7.62939453125e-05,7.6293900000000005e-05,5.8207660913467407e-09,5.820759177210001e-09,-6.9141367397252766e-15
355,3,4,5,9.1552734375e-05,9.1552700000000002e-05,8.3819031715393066e-09,8.3818968772899999e-09,-6.2942493067321699e-15
356,4,4,5,9.1552734375e-05,9.1552700000000002e-05,8.3819031715393066e-09,8.3818968772899999e-09,-6.2942493067321699e-15
357,5,4,5,6.103515625e-05,6.1035200000000001e-05,3.7252902984619141e-09,3.7252956390400002e-09,5.3405780861377442e-15
358,6,4,5,6.103515625e-05,6.1035200000000001e-05,3.7252902984619141e-09,3.7252956390400002e-09,5.3405780861377442e-15
359,7,4,5,6.103515625e-05,6.1035200000000001e-05,3.7252902984619141e-09,3.7252956390400002e-09,5.3405780861377442e-15
360,0,5,5,4.57763671875e-05,4.5776399999999998e-05,2.0954757928848267e-09,2.0954787969599999e-09,3.0040751732456859e-15
361,1,5,5,6.103515625e-05,6.1035200000000001e-05,3.7252902984619141e-09,3.7252956390400002e-09,5.3405780861377442e-15
362,2,5,5,6.103515625e-05,6.1035200000000001e-05,3.7252902984619141e-09,3.7252956390400002e-09,5.3405780861377442e-15
363,3,5,5,7.62939453125e-05,7.6293900000000005e-05,5.8207660913467407e-09,5.820759177210001e-09,-6.9141367397252766e-15
364,4,5,5,7.62939453125e-05,7.6293900000000005e-05,5.8207660913467407e-09,5.820759177210001e-09,-6.9141367397252766e-15
365,5,5,5,4.57763671875e-05,4.5776399999999998e-05,2.0954757928848267e-09,2.0954787969599999e-09,3.0040751732456859e-15
366,6,5,5,4.57763671875e-05,4.5776399999999998e-05,2.0954757928848267e-09,2.0954787969599999e-09,3.0040751732456859e-15
367,7,5,5,4.57763671875e-05,4.5776399999999998e-05,2.0954757928848267e-09,2.0954787969599999e-09,3.0040751732456859e-15
368,0,6,5,4.57763671875e-05,4.5776399999999998e-05,2.0954757928848267e-09,2.0954787969599999e-09,3.0040751732456859e-15
369,1,6,5,4.57763671875e-05,4.5776399999999998e-05,2.0954757928848267e-09,2.0954787969599999e-09,3.0040751732456859e-15
370,2,6,5,6.103515625e-05,6.1035200000000001e-05,3.7252902984619141e-09,3.7252956390400002e-09,5.3405780861377442e-15
371,3,6,5,7.62939453125e-05,7.6293900000000005e-05,5.8207660913467407e-09,5.820759177210001e-09,-6.9141367397252766e-15
372,4,6,5,7.62939453125e-05,7.6293900000000005e-05,5.8207660913467407e-09,5.820759177210001e-09,-6.9141367397252766e-15
373,5,6,5,4.57763671875e-05,4.5776399999999998e-05,2.0954757928848267e-09,2.0954787969599999e-09,3.0040751732456859e-15
374,6,6,5,4.57763671875e-05,4.5776399999999998e-05,2.0954757928848267e-09,2.0954787969599999e-09,3.0040751732456859e-15
375,7,6,5,4.57763671875e-05,4.5776399999999998e-05,2.0954757928848267e-09,2.0954787969599999e-09,3.0040751732456859e-15
376,0,7,5,4.57763671875e-05,4.5776399999999998e-05,2.0954757928848267e-09,2.0954787969599999e-09,3.0040751732456859e-15
377,1,7,5,6.103515625e-05,6.1035200000000001e-05,3.7252902984619141e-09,3.7252956390400002e-09,5.3405780861377442e-15
378,2,7,5,6.103515625e-05,6.1035200000000001e-05,3.7252902984619141e-09,3.7252956390400002e-09,5.3405780861377442e-15
379,3,7,5,7.62939453125e-05,7.6293900000000005e-05,5.8207660913467407e-09,5.820759177210001e-09,-6.9141367397252766e-15
380,4,7,5,7.62939453125e-05,7.6293900000000005e-05,5.8207660913467407e-09,5.820759177210001e-09,-6.9141367397252766e-15
381,5,7,5,6.103515625e-05,6.1035200000000001e-05,3.7252902984619141e-09,3.7252956390400002e-09,5.3405780861377442e-15
382,6,7,5,4.57763671875e-05,4.5776399999999998e-05,2.0954757928848267e-09,2.0954787969599999e-09,3.0040751732456859e-15
383,7,7,5,6.103515625e-05,6.1035200000000001e-05,3.7252902984619141e-09,3.7252956390400002e-09,5.3405780861377442e-15
384,0,0,6,6.103515625e-05,6.1035200000000001e-05,3.7252902984619141e-09,3.7252956390400002e-09,5.3405780861377442e-15
385,1,0,6,6.103515625e-05,6.1035200000000001e-05,3.7252902984619141e-09,3.7252956390400002e-09,5.3405780861377442e-15
386,2,0,6,7.62939453125e-05,7.6293900000000005e-05,5.8207660913467407e-09,5.820759177210001e-09,-6.9141367397252766e-15
387,3,0,6,7.62939453125e-05,7.6293900000000005e-05,5.8207660913467407e-09,5.820759177210001e-09,-6.9141367397252766e-15
388,4,0,6,9.1552734375e-05,9.1552700000000002e-05,8.3819031715393066e-09,8.3818968772899999e-09,-6.2942493067321699e-15
389,5,0,6,6.103515625e-05,6.1035200000000001e-05,3.7252902984619141e-09,3.7252956390400002e-09,5.3405780861377442e-15
390,6,0,6,4.57763671875e-05,4.5776399999999998e-05,2.0954757928848267e-09,2.0954787969599999e-09,3.0040751732456859e-15
391,7,0,6,6.103515625e-05,6.1035200000000001e-05,3.7252902984619141e-09,3.7252956390400002e-09,5.3405780861377442e-15
392,0,1,6,4.57763671875e-05,4.5776399999999998e-05,2.0954757928848267e-09,2.0954787969599999e-09,3.0040751732456859e-15
393,1,1,6,4.57763671875e-05,4.5776399999999998e-05,2.0954757928848267e-09,2.0954787969599999e-09,3.0040751732456859e-15
394,2,1,6,6.103515625e-05,6.1035200000000001e-05,3.7252902984619141e-09,3.7252956390400002e-09,5.3405780861377442e-15
395,3,1,6,6.103515625e-05,6.1035200000000001e-05,3.7252902984619141e-09,3.7252956390400002e-09,5.3405780861377442e-15
396,4,1,6,7.62939453125e-05,7.6293900000000005e-05,5.8207660913467407e-09,5.820759177210001e-09,-6.9141367397252766e-15
397,5,1,6,4.57763671875e-05,4.5776399999999998e-05,2.0954757928848267e-09,2.0954787969599999e-09,3.0040751732456859e-15
398,6,1,6,4.57763671875e-05,4.5776399999999998e-05,2.0954757928848267e-09,2.0954787969599999e-09,3.0040751732456859e-15
399,7,1,6,4.57763671875e-05,4.5776399999999998e-05,2.0954757928848267e-09,2.0954787969599999e-09,3.0040751732456859e-15
400,0,2,6,4.57763671875e-05,4.5776399999999998e-05,2.0954757928848267e-09,2.0954787969599999e-09,3.0040751732456859e-15
401,1,2,6,6.103515625e-05,6.1035200000000001e-05,3.7252902984619141e-09,3.7252956390400002e-09,5.3405780861377442e-15
402,2,2,6,6.103515625e-05,6.1035200000000001e-05,3.7252902984619141e-09,3.7252956390400002e-09,5.3405780861377442e-15
403,3,2,6,7.62939453125e-05,7.6293900000000005e-05,5.8207660913467407e-09,5.820759177210001e-09,-6.9141367397252766e-15
404,4,2,6,7.62939453125e-05,7.6293900000000005e-05,5.8207660913467407e-09,5.820759177210001e-09,-6.9141367397252766e-15
405,5,2,6,4.57763671875e-05,4.5776399999999998e-05,2.0954757928848267e-09,2.0954787969599999e-09,3.0040751732456859e-15
406,6,2,6,4.57763671875e-05,4.5776399999999998e-05,2.0954757928848267e-09,2.0954787969599999e-09,3.0040751732456859e-15
407,7,2,6,4.57763671875e-05,4.5776399999999998e-05,2.0954757928848267e-09,2.0954787969599999e-09,3.0040751732456859e-15
408,0,3,6,4.57763671875e-05,4.5776399999999998e-05,2.0954757928848267e-09,2.0954787969599999e-09,3.0040751732456859e-15
409,1,3,6,6.103515625e-05,6.1035200000000001e-05,3.7252902984619141e-09,3.7252956390400002e-09,5.3405780861377442e-15
410,2,3,6,7.62939453125e-05,7.6293900000000005e-05,5.8207660913467407e-09,5.820759177210001e-09,-6.9141367397252766e-15
411,3,3,6,7.62939453125e-05,7.6293900000000005e-05,5.8207660913467407e-09,5.820759177210001e-09,-6.9141367397252766e-15
412,4,3,6,7.62939453125e-05,7.6293900000000005e-05,5.8207660913467407e-09,5.820759177210001e-09,-6.9141367397252766e-15
413,5,3,6,4.57763671875e-05,4.5776399999999998e-05,2.0954757928848267e-09,2.0954787969599999e-09,3.0040751732456859e-15
414,6,3,6,4.57763671875e-05,4.5776399999999998e-05,2.0954757928848267e-09,2.0954787969599999e-09,3.0040751732456859e-15
415,7,3,6,4.57763671875e-05,4.5776399999999998e-05,2.0954757928848267e-09,2.0954787969599999e-09,3.0040751732456859e-15
416,0,4,6,4.57763671875e-05,4.5776399999999998e-05,2.0954757928848267e-09,2.0954787969599999e-09,3.0040751732456859e-15
417,1,4,6,6.103515625e-05,6.1035200000000001e-05,3.7252902984619141e-09,3.7252956390400002e-09,5.3405780861377442e-15
418,2,4,6,6.103515625e-05,6.1035200000000001e-05,3.7252902984619141e-09,3.7252956390400002e-09,5.3405780861377442e-15
419,3,4,6,7.62939453125e-05,7.6293900000000005e-05,5.8207660913467407e-09,5.820759177210001e-09,-6.9141367397252766e-15
420,4,4,6,7.62939453125e-05,7.6293900000000005e-05,5.8207660913467407e-09,5.820759177210001e-09,-6.9141367397252766e-15
421,5,4,6,4.57763671875e-05,4.5776399999999998e-05,2.0954757928848267e-09,2.0954787969599999e-09,3.0040751732456859e-15
422,6,4,6,4.57763671875e-05,4.5776399999999998e-05,2.0954757928848267e-09,2.0954787969599999e-09,3.0040751732456859e-15
423,7,4,6,4.57763671875e-05,4.5776399999999998e-05,2.0954757928848267e-09,2.0954787969599999e-09,3.0040751732456859e-15
424,0,5,6,4.57763671875e-05,4.5776399999999998e-05,2.0954757928848267e-09,2.0954787969599999e-09,3.0040751732456859e-15
425,1,5,6,4.57763671875e-05,4.5776399999999998e-05,2.0954757928848267e-09,2.0954787969599999e-09,3.0040751732456859e-15
426,2,5,6,6.103515625e-05,6.1035200000000001e-05,3.7252902984619141e-09,3.7252956390400002e-09,5.3405780861377442e-15
427,3,5,6,7.62939453125e-05,7.6293900000000005e-05,5.8207660913467407e-09,5.820759177210001e-09,-6.9141367397252766e-15
428,4,5,6,7.62939453125e-05,7.6293900000000005e-05,5.8207660913467407e-09,5.820759177210001e-09,-6.9141367397252766e-15
429,5,5,6,4.57763671875e-05,4.5776399999999998e-05,2.0954757928848267e-09,2.0954787969599999e-09,3.0040751732456859e-15
430,6,5,6,3.0517578125e-05,3.0517600000000001e-05,9.3132257461547852e-10,9.3132390976000005e-10,1.335144521534436e-15
431,7,5,6,4.57763671875e-05,4.5776399999999998e-05,2.0954757928848267e-09,2.0954787969599999e-09,3.0040751732456859e-15
432,0,6,6,3.0517578125e-05,3.0517600000000001e-05,9.3132257461547852e-10,9.3132390976000005e-10,1.335144521534436e-15
433,1,6,6,4.57763671875e-05,4.5776399999999998e-05,2.0954757928848267e-09,2.0954787969599999e-09,3.0040751732456859e-15
434,2,6,6,4.57763671875e-05,4.5776399999999998e-05,2.0954757928848267e-09,2.0954787969599999e-09,3.0040751732456859e-15
435,3,6,6,6.103515625e-05,6.1035200000000001e-05,3.7252902984619141e-09,3.7252956390400002e-09,5.3405780861377442e-15
436,4,6,6,6.103515625e-05,6.1035200000000001e-05,3.7252902984619141e-09,3.7252956390400002e-09,5.3405780861377442e-15
437,5,6,6,4.57763671875e-05,4.5776399999999998e-05,2.0954757928848267e-09,2.0954787969599999e-09,3.0040751732456859e-15
438,6,6,6,3.0517578125e-05,3.0517600000000001e-05,9.3132257461547852e-10,9.3132390976000005e-10,1.335144521534436e-15
439,7,6,6,3.0517578125e-05,3.0517600000000001e-05,9.3132257461547852e-10,9.3132390976000005e-10,1.335144521534436e-15
440,0,7,6,4.57763671875e-05,4.5776399999999998e-05,2.0954757928848267e-09,2.0954787969599999e-09,3.0040751732456859e-15
441,1,7,6,4.57763671875e-05,4.5776399999999998e-05,2.0954757928848267e-09,2.0954787969599999e-09,3.0040751732456859e-15
442,2,7,6,6.103515625e-05,6.1035200000000001e-05,3.7252902984619141e-09,3.7252956390400002e-09,5.3405780861377442e-15
443,3,7,6,7.62939453125e-05,7.6293900000000005e-05,5.8207660913467407e-09,5.820759177210001e-09,-6.9141367397252766e-15
444,4,7,6,7.62939453125e-05,7.6293900000000005e-05,5.8207660913467407e-09,5.820759177210001e-09,-6.9141367397252766e-15
445,5,7,6,4.57763671875e-05,4.5776399999999998e-05,2.0954757928848267e-09,2.0954787969599999e-09,3.0040751732456859e-15
446,6,7,6,4.57763671875e-05,4.5776399999999998e-05,2.0954757928848267e-09,2.0954787969599999e-09,3.0040751732456859e-15
447,7,7,6,4.57763671875e-05,4.5776399999999998e-05,2.0954757928848267e-09,2.0954787969599999e-09,3.0040751732456859e-15
448,0,0,7,4.57763671875e-05,4.5776399999999998e-05,2.0954757928848267e-09,2.0954787969599999e-09,3.0040751732456859e-15
449,1,0,7,6.103515625e-05,6.1035200000000001e-05,3.7252902984619141e-09,3.7252956390400002e-09,5.3405780861377442e-15
450,2,0,7,6.103515625e-05,6.1035200000000001e-05,3.7252902984619141e-09,3.7252956390400002e-09,5.3405780861377442e-15
451,3,0,7,7.62939453125e-05,7.6293900000000005e-05,5.8207660913467407e-09,5.820759177210001e-09,-6.9141367397252766e-15
452,4,0,7,7.62939453125e-05,7.6293900000000005e-05,5.8207660913467407e-09,5.820759177210001e-09,-6.9141367397252766e-15
453,5,0,7,4.57763671875e-05,4.5776399999999998e-05,2.0954757928848267e-09,2.0954787969599999e-09,3.0040751732456859e-15
454,6,0,7,3.0517578125e-05,3.0517600000000001e-05,9.3132257461547852e-10,9.3132390976000005e-10,1.335144521534436e-15
455,7,0,7,4.57763671875e-05,4.5776399999999998e-05,2.0954757928848267e-09,2.0954787969599999e-09,3.0040751732456859e-15
456,0,1,7,3.0517578125e-05,3.0517600000000001e-05,9.3132257461547852e-10,9.3132390976000005e-10,1.335144521534436e-15
457,1,1,7,4.57763671875e-05,4.5776399999999998e-05,2.0954757928848267e-09,2.0954787969599999e-09,3.0040751732456859e-15
458,2,1,7,4.57763671875e-05,4.5776399999999998e-05,2.0954757928848267e-09,2.0954787969599999e-09,3.0040751732456859e-15
459,3,1,7,6.103515625e-05,6.1035200000000001e-05,3.7252902984619141e-09,3.7252956390400002e-09,5.3405780861377442e-15
460,4,1,7,6.103515625e-05,6.1035200000000001e-05,3.7252902984619141e-09,3.7252956390400002e-09,5.3405780861377442e-15
461,5,1,7,3.0517578125e-05,3.0517600000000001e-05,9.3132257461547852e-10,9.3132390976000005e-10,1.335144521534436e-15
462,6,1,7,3.0517578125e-05,3.0517600000000001e-05,9.3132257461547852e-10,9.3132390976000005e-10,1.335144521534436e-15
463,7,1,7,3.0517578125e-05,3.0517600000000001e-05,9.3132257461547852e-10,9.3132390976000005e-10,1.335144521534436e-15
464,0,2,7,3.0517578125e-05,3.0517600000000001e-05,9.3132257461547852e-10,9.3132390976000005e-10,1.335144521534436e-15
465,1,2,7,4.57763671875e-05,4.5776399999999998e-05,2.0954757928848267e-09,2.0954787969599999e-09,3.0040751732456859e-15
466,2,2,7,6.103515625e-05,6.1035200000000001e-05,3.7252902984619141e-09,3.7252956390400002e-09,5.3405780861377442e-15
467,3,2,7,6.103515625e-05,6.1035200000000001e-05,3.7252902984619141e-09,3.7252956390400002e-09,5.3405780861377442e-15
468,4,2,7,6.103515625e-05,6.1035200000000001e-05,3.7252902984619141e-09,3.7252956390400002e-09,5.3405780861377442e-15
469,5,2,7,3.0517578125e-05,3.0517600000000001e-05,9.3132257461547852e-10,9.3132390976000005e-10,1.335144521534436e-15
470,6,2,7,3.0517578125e-05,3.0517600000000001e-05,9.3132257461547852e-10,9.3132390976000005e-10,1.335144521534436e-15
471,7,2,7,3.0517578125e-05,3.0517600000000001e-05,9.3132257461547852e-10,9.3132390976000005e-10,1.335144521534436e-15
472,0,3,7,4.57763671875e-05,4.5776399999999998e-05,2.0954757928848267e-09,2.0954787969599999e-09,3.0040751732456859e-15
473,1,3,7,6.103515625e-05,6.1035200000000001e-05,3.7252902984619141e-09,3.7252956390400002e-09,5.3405780861377442e-15
474,2,3,7,6.103515625e-05,6.1035200000000001e-05,3.7252902984619141e-09,3.7252956390400002e-09,5.3405780861377442e-15
475,3,3,7,7.62939453125e-05,7.6293900000000005e-05,5.8207660913467407e-09,5.820759177210001e-09,-6.9141367397252766e-15
476,4,3,7,6.103515625e-05,6.1035200000000001e-05,3.7252902984619141e-09,3.7252956390400002e-09,5.3405780861377442e-15
477,5,3,7,3.0517578125e-05,3.0517600000000001e-05,9.3132257461547852e-10,9.3132390976000005e-10,1.335144521534436e-15
478,6,3,7,3.0517578125e-05,3.0517600000000001e-05,9.3132257461547852e-10,9.3132390976000005e-10,1.335144521534436e-15
479,7,3,7,3.0517578125e-05,3.0517600000000001e-05,9.3132257461547852e-10,9.3132390976000005e-10,1.335144521534436e-15
480,0,4,7,4.57763671875e-05,4.5776399999999998e-05,2.0954757928848267e-09,2.0954787969599999e-09,3.0040751732456859e-15
481,1,4,7,6.103515625e-05,6.1035200000000001e-05,3.7252902984619141e-09,3.7252956390400002e-09,5.3405780861377442e-15
482,2,4,7,6.103515625e-05,6.1035200000000001e-05,3.7252902984619141e-09,3.7252956390400002e-09,5.3405780861377442e-15
483,3,4,7,7.62939453125e-05,7.6293900000000005e-05,5.8207660913467407e-09,5.820759177210001e-09,-6.9141367397252766e-15
484,4,4,7,6.103515625e-05,6.1035200000000001e-05,3.7252902984619141e-09,3.7252956390400002e-09,5.3405780861377442e-15
485,5,4,7,3.0517578125e-05,3.0517600000000001e-05,9.3132257461547852e-10,9.3132390976000005e-10,1.335144521534436e-15
486,6,4,7,3.0517578125e-05,3.0517600000000001e-05,9.3132257461547852e-10,9.3132390976000005e-10,1.335144521534436e-15
487,7,4,7,3.0517578125e-05,3.0517600000000001e-05,9.3132257461547852e-10,9.3132390976000005e-10,1.335144521534436e-15
488,0,5,7,3.0517578125e-05,3.0517600000000001e-05,9.3132257461547852e-10,9.3132390976000005e-10,1.335144521534436e-15
489,1,5,7,4.57763671875e-05,4.5776399999999998e-05,2.0954757928848267e-09,2.0954787969599999e-09,3.0040751732456859e-15
490,2,5,7,6.103515625e-05,6.1035200000000001e-05,3.7252902984619141e-09,3.7252956390400002e-09,5.3405780861377442e-15
491,3,5,7,6.103515625e-05,6.1035200000000001e-05,3.7252902984619141e-09,3.7252956390400002e-09,5.3405780861377442e-15
492,4,5,7,6.103515625e-05,6.1035200000000001e-05,3.7252902984619141e-09,3.7252956390400002e-09,5.3405780861377442e-15
493,5,5,7,3.0517578125e-05,3.0517600000000001e-05,9.3132257461547852e-10,9.3132390976000005e-10,1.335144521534436e-15
494,6,5,7,1.52587890625e-05,1.52588e-05,2.3283064365386963e-10,2.3283097744000001e-10,3.3378613038360901e-16
495,7,5,7,3.0517578125e-05,3.0517600000000001e-05,9.3132257461547852e-10,9.3132390976000005e-10,1.335144521534436e-15
496,0,6,7,3.0517578125e-05,3.0517600000000001e-05,9.3132257461547852e-10,9.3132390976000005e-10,1.335144521534436e-15
497,1,6,7,3.0517578125e-05,3.0517600000000001e-05,9.3132257461547852e-10,9.3132390976000005e-10,1.335144521534436e-15
498,2,6,7,4.57763671875e-05,4.5776399999999998e-05,2.0954757928848267e-09,2.0954787969599999e-09,3.0040751732456859e-15
499,3,6,7,6.103515625e-05,6.1035200000000001e-05,3.7252902984619141e-09,3.7252956390400002e-09,5.3405780861377442e-15
500,4,6,7,6.103515625e-05,6.1035200000000001e-05,3.7252902984619141e-09,3.7252956390400002e-09,5.3405780861377442e-15
501,5,6,7,3.0517578125e-05,3.0517600000000001e-05,9.3132257461547852e-10,9.3132390976000005e-10,1.335144521534436e-15
502,6,6,7,1.52587890625e-05,1.52588e-05,2.3283064365386963e-10,2.3283097744000001e-10,3.3378613038360901e-16
503,7,6,7,1.52587890625e-05,1.52588e-05,2.3283064365386963e-10,2.3283097744000001e-10,3.3378613038360901e-16
504,0,7,7,3.0517578125e-05,3.0517600000000001e-05,9.3132257461547852e-10,9.3132390976000005e-10,1.335144521534436e-15
505,1,7,7,4.57763671875e-05,4.5776399999999998e-05,2.0954757928848267e-09,2.0954787969599999e-09,3.0040751732456859e-15
506,2,7,7,4.57763671875e-05,4.5776399999999998e-05,2.0954757928848267e-09,2.0954787969599999e-09,3.0040751732456859e-15
507,3,7,7,6.103515625e-05,6.1035200000000001e-05,3.7252902984619141e-09,3.7252956390400002e-09,5.3405780861377442e-15
508,4,7,7,6.103515625e-05,6.1035200000000001e-05,3.7252902984619141e-09,3.7252956390400002e-09,5.3405780861377442e-15
509,5,7,7,3.0517578125e-05,3.0517600000000001e-05,9.3132257461547852e-10,9.3132390976000005e-10,1.335144521534436e-15
510,6,7,7,3.0517578125e-05,3.0517600000000001e-05,9.3132257461547852e-10,9.3132390976000005e-10,1.335144521534436e-15
511,7,7,7,3.0517578125e-05,3.0517600000000001e-05,9.3132257461547852e-10,9.3132390976000005e-10,1.335144521534436e-15
