logical_i,logical_j,x,y,real_acc_q16,imag_acc_q16,real,imag,density
0,0,0,0,20339,0,0.3103485107421875,0,0.09631619811989367
1,0,3.225806451612903,0,779,0,0.0118865966796875,0,0.0001412911806255579
2,0,6.4516129032258061,0,7,0,0.0001068115234375,0,1.1408701539039612e-08
3,0,9.67741935483871,0,0,0,0,0,0
4,0,12.903225806451612,0,0,0,0,0,0
5,0,16.129032258064516,0,0,0,0,0,0
6,0,19.35483870967742,0,0,0,0,0,0
7,0,22.580645161290324,0,0,0,0,0,0
8,0,25.806451612903224,0,0,0,0,0,0
9,0,29.032258064516128,0,0,0,0,0,0
10,0,32.258064516129032,0,0,0,0,0,0
11,0,35.483870967741936,0,0,0,0,0,0
12,0,38.70967741935484,0,0,0,0,0,0
13,0,41.935483870967744,0,0,0,0,0,0
14,0,45.161290322580648,0,0,0,0,0,0
15,0,48.387096774193552,0,0,0,0,0,0
16,0,51.612903225806448,0,0,0,0,0,0
17,0,54.838709677419352,0,0,0,0,0,0
18,0,58.064516129032256,0,0,0,0,0,0
19,0,61.29032258064516,0,0,0,0,0,0
20,0,64.516129032258064,0,0,0,0,0,0
21,0,67.741935483870961,0,0,0,0,0,0
22,0,70.967741935483872,0,0,0,0,0,0
23,0,74.193548387096769,0,0,0,0,0,0
24,0,77.41935483870968,0,0,0,0,0,0
25,0,80.645161290322577,0,0,0,0,0,0
26,0,83.870967741935488,0,0,0,0,0,0
27,0,87.096774193548384,0,0,0,0,0,0
28,0,90.322580645161295,0,0,0,0,0,0
29,0,93.548387096774192,0,0,0,0,0,0
30,0,96.774193548387103,0,0,0,0,0,0
31,0,100,0,0,0,0,0,0
0,1,0,3.225806451612903,779,0,0.0118865966796875,0,0.0001412911806255579
1,1,3.225806451612903,3.225806451612903,15,0,0.0002288818359375,0,5.2386894822120667e-08
2,1,6.4516129032258061,3.225806451612903,0,0,0,0,0
3,1,9.67741935483871,3.225806451612903,0,0,0,0,0
4,1,12.903225806451612,3.225806451612903,0,0,0,0,0
5,1,16.129032258064516,3.225806451612903,0,0,0,0,0
6,1,19.35483870967742,3.225806451612903,0,0,0,0,0
7,1,22.580645161290324,3.225806451612903,0,0,0,0,0
8,1,25.806451612903224,3.225806451612903,0,0,0,0,0
9,1,29.032258064516128,3.225806451612903,0,0,0,0,0
10,1,32.258064516129032,3.225806451612903,0,0,0,0,0
11,1,35.483870967741936,3.225806451612903,0,0,0,0,0
12,1,38.70967741935484,3.225806451612903,0,0,0,0,0
13,1,41.935483870967744,3.225806451612903,0,0,0,0,0
14,1,45.161290322580648,3.225806451612903,0,0,0,0,0
15,1,48.387096774193552,3.225806451612903,0,0,0,0,0
16,1,51.612903225806448,3.225806451612903,0,0,0,0,0
17,1,54.838709677419352,3.225806451612903,0,0,0,0,0
18,1,58.064516129032256,3.225806451612903,0,0,0,0,0
19,1,61.29032258064516,3.225806451612903,0,0,0,0,0
20,1,64.516129032258064,3.225806451612903,0,0,0,0,0
21,1,67.741935483870961,3.225806451612903,0,0,0,0,0
22,1,70.967741935483872,3.225806451612903,0,0,0,0,0
23,1,74.193548387096769,3.225806451612903,0,0,0,0,0
24,1,77.41935483870968,3.225806451612903,0,0,0,0,0
25,1,80.645161290322577,3.225806451612903,0,0,0,0,0
26,1,83.870967741935488,3.225806451612903,0,0,0,0,0
27,1,87.096774193548384,3.225806451612903,0,0,0,0,0
28,1,90.322580645161295,3.225806451612903,0,0,0,0,0
29,1,93.548387096774192,3.225806451612903,0,0,0,0,0
30,1,96.774193548387103,3.225806451612903,0,0,0,0,0
31,1,100,3.225806451612903,0,0,0,0,0
0,2,0,6.4516129032258061,7,0,0.0001068115234375,0,1.1408701539039612e-08
1,2,3.225806451612903,6.4516129032258061,0,0,0,0,0
2,2,6.4516129032258061,6.4516129032258061,0,0,0,0,0
3,2,9.67741935483871,6.4516129032258061,0,0,0,0,0
4,2,12.903225806451612,6.4516129032258061,0,0,0,0,0
5,2,16.129032258064516,6.4516129032258061,0,0,0,0,0
6,2,19.35483870967742,6.4516129032258061,0,0,0,0,0
7,2,22.580645161290324,6.4516129032258061,0,0,0,0,0
8,2,25.806451612903224,6.4516129032258061,0,0,0,0,0
9,2,29.032258064516128,6.4516129032258061,0,0,0,0,0
10,2,32.258064516129032,6.4516129032258061,0,0,0,0,0
11,2,35.483870967741936,6.4516129032258061,0,0,0,0,0
12,2,38.70967741935484,6.4516129032258061,0,0,0,0,0
13,2,41.935483870967744,6.4516129032258061,0,0,0,0,0
14,2,45.161290322580648,6.4516129032258061,0,0,0,0,0
15,2,48.387096774193552,6.4516129032258061,0,0,0,0,0
16,2,51.612903225806448,6.4516129032258061,0,0,0,0,0
17,2,54.838709677419352,6.4516129032258061,0,0,0,0,0
18,2,58.064516129032256,6.4516129032258061,0,0,0,0,0
19,2,61.29032258064516,6.4516129032258061,0,0,0,0,0
20,2,64.516129032258064,6.4516129032258061,0,0,0,0,0
21,2,67.741935483870961,6.4516129032258061,0,0,0,0,0
22,2,70.967741935483872,6.4516129032258061,0,0,0,0,0
23,2,74.193548387096769,6.4516129032258061,0,0,0,0,0
24,2,77.41935483870968,6.4516129032258061,0,0,0,0,0
25,2,80.645161290322577,6.4516129032258061,0,0,0,0,0
26,2,83.870967741935488,6.4516129032258061,0,0,0,0,0
27,2,87.096774193548384,6.4516129032258061,0,0,0,0,0
28,2,90.322580645161295,6.4516129032258061,0,0,0,0,0
29,2,93.548387096774192,6.4516129032258061,0,0,0,0,0
30,2,96.774193548387103,6.4516129032258061,0,0,0,0,0
31,2,100,6.4516129032258061,0,0,0,0,0
0,3,0,9.67741935483871,0,0,0,0,0
1,3,3.225806451612903,9.67741935483871,0,0,0,0,0
2,3,6.4516129032258061,9.67741935483871,0,0,0,0,0
3,3,9.67741935483871,9.67741935483871,0,0,0,0,0
4,3,12.903225806451612,9.67741935483871,0,0,0,0,0
5,3,16.129032258064516,9.67741935483871,0,0,0,0,0
6,3,19.35483870967742,9.67741935483871,0,0,0,0,0
7,3,22.580645161290324,9.67741935483871,0,0,0,0,0
8,3,25.806451612903224,9.67741935483871,0,0,0,0,0
9,3,29.032258064516128,9.67741935483871,0,0,0,0,0
10,3,32.258064516129032,9.67741935483871,0,0,0,0,0
11,3,35.483870967741936,9.67741935483871,0,0,0,0,0
12,3,38.70967741935484,9.67741935483871,0,0,0,0,0
13,3,41.935483870967744,9.67741935483871,0,0,0,0,0
14,3,45.161290322580648,9.67741935483871,0,0,0,0,0
15,3,48.387096774193552,9.67741935483871,0,0,0,0,0
16,3,51.612903225806448,9.67741935483871,0,0,0,0,0
17,3,54.838709677419352,9.67741935483871,0,0,0,0,0
18,3,58.064516129032256,9.67741935483871,0,0,0,0,0
19,3,61.29032258064516,9.67741935483871,0,0,0,0,0
20,3,64.516129032258064,9.67741935483871,0,0,0,0,0
21,3,67.741935483870961,9.67741935483871,0,0,0,0,0
22,3,70.967741935483872,9.67741935483871,0,0,0,0,0
23,3,74.193548387096769,9.67741935483871,0,0,0,0,0
24,3,77.41935483870968,9.67741935483871,0,0,0,0,0
25,3,80.645161290322577,9.67741935483871,0,0,0,0,0
26,3,83.870967741935488,9.67741935483871,0,0,0,0,0
27,3,87.096774193548384,9.67741935483871,0,0,0,0,0
28,3,90.322580645161295,9.67741935483871,0,0,0,0,0
29,3,93.548387096774192,9.67741935483871,0,0,0,0,0
30,3,96.774193548387103,9.67741935483871,0,0,0,0,0
31,3,100,9.67741935483871,0,0,0,0,0
0,4,0,12.903225806451612,0,0,0,0,0
1,4,3.225806451612903,12.903225806451612,0,0,0,0,0
2,4,6.4516129032258061,12.903225806451612,0,0,0,0,0
3,4,9.67741935483871,12.903225806451612,0,0,0,0,0
4,4,12.903225806451612,12.903225806451612,0,0,0,0,0
5,4,16.129032258064516,12.903225806451612,0,0,0,0,0
6,4,19.35483870967742,12.903225806451612,0,0,0,0,0
7,4,22.580645161290324,12.903225806451612,0,0,0,0,0
8,4,25.806451612903224,12.903225806451612,0,0,0,0,0
9,4,29.032258064516128,12.903225806451612,0,0,0,0,0
10,4,32.258064516129032,12.903225806451612,0,0,0,0,0
11,4,35.483870967741936,12.903225806451612,0,0,0,0,0
12,4,38.70967741935484,12.903225806451612,0,0,0,0,0
13,4,41.935483870967744,12.903225806451612,0,0,0,0,0
14,4,45.161290322580648,12.903225806451612,0,0,0,0,0
15,4,48.387096774193552,12.903225806451612,0,0,0,0,0
16,4,51.612903225806448,12.903225806451612,0,0,0,0,0
17,4,54.838709677419352,12.903225806451612,0,0,0,0,0
18,4,58.064516129032256,12.903225806451612,0,0,0,0,0
19,4,61.29032258064516,12.903225806451612,0,0,0,0,0
20,4,64.516129032258064,12.903225806451612,0,0,0,0,0
21,4,67.741935483870961,12.903225806451612,0,0,0,0,0
22,4,70.967741935483872,12.903225806451612,0,0,0,0,0
23,4,74.193548387096769,12.903225806451612,0,0,0,0,0
24,4,77.41935483870968,12.903225806451612,0,0,0,0,0
25,4,80.645161290322577,12.903225806451612,0,0,0,0,0
26,4,83.870967741935488,12.903225806451612,0,0,0,0,0
27,4,87.096774193548384,12.903225806451612,0,0,0,0,0
28,4,90.322580645161295,12.903225806451612,0,0,0,0,0
29,4,93.548387096774192,12.903225806451612,0,0,0,0,0
30,4,96.774193548387103,12.903225806451612,0,0,0,0,0
31,4,100,12.903225806451612,0,0,0,0,0
0,5,0,16.129032258064516,0,0,0,0,0
1,5,3.225806451612903,16.129032258064516,0,0,0,0,0
2,5,6.4516129032258061,16.129032258064516,0,0,0,0,0
3,5,9.67741935483871,16.129032258064516,0,0,0,0,0
4,5,12.903225806451612,16.129032258064516,0,0,0,0,0
5,5,16.129032258064516,16.129032258064516,0,0,0,0,0
6,5,19.35483870967742,16.129032258064516,0,0,0,0,0
7,5,22.580645161290324,16.129032258064516,0,0,0,0,0
8,5,25.806451612903224,16.129032258064516,0,0,0,0,0
9,5,29.032258064516128,16.129032258064516,0,0,0,0,0
10,5,32.258064516129032,16.129032258064516,0,0,0,0,0
11,5,35.483870967741936,16.129032258064516,0,0,0,0,0
12,5,38.70967741935484,16.129032258064516,0,0,0,0,0
13,5,41.935483870967744,16.129032258064516,0,0,0,0,0
14,5,45.161290322580648,16.129032258064516,0,0,0,0,0
15,5,48.387096774193552,16.129032258064516,0,0,0,0,0
16,5,51.612903225806448,16.129032258064516,0,0,0,0,0
17,5,54.838709677419352,16.129032258064516,0,0,0,0,0
18,5,58.064516129032256,16.129032258064516,0,0,0,0,0
19,5,61.29032258064516,16.129032258064516,0,0,0,0,0
20,5,64.516129032258064,16.129032258064516,0,0,0,0,0
21,5,67.741935483870961,16.129032258064516,0,0,0,0,0
22,5,70.967741935483872,16.129032258064516,0,0,0,0,0
23,5,74.193548387096769,16.129032258064516,0,0,0,0,0
24,5,77.41935483870968,16.129032258064516,0,0,0,0,0
25,5,80.645161290322577,16.129032258064516,0,0,0,0,0
26,5,83.870967741935488,16.129032258064516,0,0,0,0,0
27,5,87.096774193548384,16.129032258064516,0,0,0,0,0
28,5,90.322580645161295,16.129032258064516,0,0,0,0,0
29,5,93.548387096774192,16.129032258064516,0,0,0,0,0
30,5,96.774193548387103,16.129032258064516,0,0,0,0,0
31,5,100,16.129032258064516,0,0,0,0,0
0,6,0,19.35483870967742,0,0,0,0,0
1,6,3.225806451612903,19.35483870967742,0,0,0,0,0
2,6,6.4516129032258061,19.35483870967742,0,0,0,0,0
3,6,9.67741935483871,19.35483870967742,0,0,0,0,0
4,6,12.903225806451612,19.35483870967742,0,0,0,0,0
5,6,16.129032258064516,19.35483870967742,0,0,0,0,0
6,6,19.35483870967742,19.35483870967742,0,0,0,0,0
7,6,22.580645161290324,19.35483870967742,0,0,0,0,0
8,6,25.806451612903224,19.35483870967742,0,0,0,0,0
9,6,29.032258064516128,19.35483870967742,0,0,0,0,0
10,6,32.258064516129032,19.35483870967742,0,0,0,0,0
11,6,35.483870967741936,19.35483870967742,0,0,0,0,0
12,6,38.70967741935484,19.35483870967742,0,0,0,0,0
13,6,41.935483870967744,19.35483870967742,0,0,0,0,0
14,6,45.161290322580648,19.35483870967742,0,0,0,0,0
15,6,48.387096774193552,19.35483870967742,0,0,0,0,0
16,6,51.612903225806448,19.35483870967742,0,0,0,0,0
17,6,54.838709677419352,19.35483870967742,0,0,0,0,0
18,6,58.064516129032256,19.35483870967742,0,0,0,0,0
19,6,61.29032258064516,19.35483870967742,0,0,0,0,0
20,6,64.516129032258064,19.35483870967742,0,0,0,0,0
21,6,67.741935483870961,19.35483870967742,0,0,0,0,0
22,6,70.967741935483872,19.35483870967742,0,0,0,0,0
23,6,74.193548387096769,19.35483870967742,0,0,0,0,0
24,6,77.41935483870968,19.35483870967742,0,0,0,0,0
25,6,80.645161290322577,19.35483870967742,0,0,0,0,0
26,6,83.870967741935488,19.35483870967742,0,0,0,0,0
27,6,87.096774193548384,19.35483870967742,0,0,0,0,0
28,6,90.322580645161295,19.35483870967742,0,0,0,0,0
29,6,93.548387096774192,19.35483870967742,0,0,0,0,0
30,6,96.774193548387103,19.35483870967742,0,0,0,0,0
31,6,100,19.35483870967742,0,0,0,0,0
0,7,0,22.580645161290324,0,0,0,0,0
1,7,3.225806451612903,22.580645161290324,0,0,0,0,0
2,7,6.4516129032258061,22.580645161290324,0,0,0,0,0
3,7,9.67741935483871,22.580645161290324,0,0,0,0,0
4,7,12.903225806451612,22.580645161290324,0,0,0,0,0
5,7,16.129032258064516,22.580645161290324,0,0,0,0,0
6,7,19.35483870967742,22.580645161290324,0,0,0,0,0
7,7,22.580645161290324,22.580645161290324,0,0,0,0,0
8,7,25.806451612903224,22.580645161290324,0,0,0,0,0
9,7,29.032258064516128,22.580645161290324,0,0,0,0,0
10,7,32.258064516129032,22.580645161290324,0,0,0,0,0
11,7,35.483870967741936,22.580645161290324,0,0,0,0,0
12,7,38.70967741935484,22.580645161290324,0,0,0,0,0
13,7,41.935483870967744,22.580645161290324,0,0,0,0,0
14,7,45.161290322580648,22.580645161290324,0,0,0,0,0
15,7,48.387096774193552,22.580645161290324,0,0,0,0,0
16,7,51.612903225806448,22.580645161290324,0,0,0,0,0
17,7,54.838709677419352,22.580645161290324,0,0,0,0,0
18,7,58.064516129032256,22.580645161290324,0,0,0,0,0
19,7,61.29032258064516,22.580645161290324,0,0,0,0,0
20,7,64.516129032258064,22.580645161290324,0,0,0,0,0
21,7,67.741935483870961,22.580645161290324,0,0,0,0,0
22,7,70.967741935483872,22.580645161290324,0,0,0,0,0
23,7,74.193548387096769,22.580645161290324,0,0,0,0,0
24,7,77.41935483870968,22.580645161290324,0,0,0,0,0
25,7,80.645161290322577,22.580645161290324,0,0,0,0,0
26,7,83.870967741935488,22.580645161290324,0,0,0,0,0
27,7,87.096774193548384,22.580645161290324,0,0,0,0,0
28,7,90.322580645161295,22.580645161290324,0,0,0,0,0
29,7,93.548387096774192,22.580645161290324,0,0,0,0,0
30,7,96.774193548387103,22.580645161290324,0,0,0,0,0
31,7,100,22.580645161290324,0,0,0,0,0
0,8,0,25.806451612903224,0,0,0,0,0
1,8,3.225806451612903,25.806451612903224,0,0,0,0,0
2,8,6.4516129032258061,25.806451612903224,0,0,0,0,0
3,8,9.67741935483871,25.806451612903224,0,0,0,0,0
4,8,12.903225806451612,25.806451612903224,0,0,0,0,0
5,8,16.129032258064516,25.806451612903224,0,0,0,0,0
6,8,19.35483870967742,25.806451612903224,0,0,0,0,0
7,8,22.580645161290324,25.806451612903224,0,0,0,0,0
8,8,25.806451612903224,25.806451612903224,0,0,0,0,0
9,8,29.032258064516128,25.806451612903224,0,0,0,0,0
10,8,32.258064516129032,25.806451612903224,0,0,0,0,0
11,8,35.483870967741936,25.806451612903224,0,0,0,0,0
12,8,38.70967741935484,25.806451612903224,0,0,0,0,0
13,8,41.935483870967744,25.806451612903224,0,0,0,0,0
14,8,45.161290322580648,25.806451612903224,0,0,0,0,0
15,8,48.387096774193552,25.806451612903224,0,0,0,0,0
16,8,51.612903225806448,25.806451612903224,0,0,0,0,0
17,8,54.838709677419352,25.806451612903224,0,0,0,0,0
18,8,58.064516129032256,25.806451612903224,0,0,0,0,0
19,8,61.29032258064516,25.806451612903224,0,0,0,0,0
20,8,64.516129032258064,25.806451612903224,0,0,0,0,0
21,8,67.741935483870961,25.806451612903224,0,0,0,0,0
22,8,70.967741935483872,25.806451612903224,0,0,0,0,0
23,8,74.193548387096769,25.806451612903224,0,0,0,0,0
24,8,77.41935483870968,25.806451612903224,0,0,0,0,0
25,8,80.645161290322577,25.806451612903224,0,0,0,0,0
26,8,83.870967741935488,25.806451612903224,0,0,0,0,0
27,8,87.096774193548384,25.806451612903224,0,0,0,0,0
28,8,90.322580645161295,25.806451612903224,0,0,0,0,0
29,8,93.548387096774192,25.806451612903224,0,0,0,0,0
30,8,96.774193548387103,25.806451612903224,0,0,0,0,0
31,8,100,25.806451612903224,0,0,0,0,0
0,9,0,29.032258064516128,0,0,0,0,0
1,9,3.225806451612903,29.032258064516128,0,0,0,0,0
2,9,6.4516129032258061,29.032258064516128,0,0,0,0,0
3,9,9.67741935483871,29.032258064516128,0,0,0,0,0
4,9,12.903225806451612,29.032258064516128,0,0,0,0,0
5,9,16.129032258064516,29.032258064516128,0,0,0,0,0
6,9,19.35483870967742,29.032258064516128,0,0,0,0,0
7,9,22.580645161290324,29.032258064516128,0,0,0,0,0
8,9,25.806451612903224,29.032258064516128,0,0,0,0,0
9,9,29.032258064516128,29.032258064516128,0,0,0,0,0
10,9,32.258064516129032,29.032258064516128,0,0,0,0,0
11,9,35.483870967741936,29.032258064516128,0,0,0,0,0
12,9,38.70967741935484,29.032258064516128,0,0,0,0,0
13,9,41.935483870967744,29.032258064516128,0,0,0,0,0
14,9,45.161290322580648,29.032258064516128,0,0,0,0,0
15,9,48.387096774193552,29.032258064516128,0,0,0,0,0
16,9,51.612903225806448,29.032258064516128,0,0,0,0,0
17,9,54.838709677419352,29.032258064516128,0,0,0,0,0
18,9,58.064516129032256,29.032258064516128,0,0,0,0,0
19,9,61.29032258064516,29.032258064516128,0,0,0,0,0
20,9,64.516129032258064,29.032258064516128,0,0,0,0,0
21,9,67.741935483870961,29.032258064516128,0,0,0,0,0
22,9,70.967741935483872,29.032258064516128,0,0,0,0,0
23,9,74.193548387096769,29.032258064516128,0,0,0,0,0
24,9,77.41935483870968,29.032258064516128,0,0,0,0,0
25,9,80.645161290322577,29.032258064516128,0,0,0,0,0
26,9,83.870967741935488,29.032258064516128,0,0,0,0,0
27,9,87.096774193548384,29.032258064516128,0,0,0,0,0
28,9,90.322580645161295,29.032258064516128,0,0,0,0,0
29,9,93.548387096774192,29.032258064516128,0,0,0,0,0
30,9,96.774193548387103,29.032258064516128,0,0,0,0,0
31,9,100,29.032258064516128,0,0,0,0,0
0,10,0,32.258064516129032,0,0,0,0,0
1,10,3.225806451612903,32.258064516129032,0,0,0,0,0
2,10,6.4516129032258061,32.258064516129032,0,0,0,0,0
3,10,9.67741935483871,32.258064516129032,0,0,0,0,0
4,10,12.903225806451612,32.258064516129032,0,0,0,0,0
5,10,16.129032258064516,32.258064516129032,0,0,0,0,0
6,10,19.35483870967742,32.258064516129032,0,0,0,0,0
7,10,22.580645161290324,32.258064516129032,0,0,0,0,0
8,10,25.806451612903224,32.258064516129032,0,0,0,0,0
9,10,29.032258064516128,32.258064516129032,0,0,0,0,0
10,10,32.258064516129032,32.258064516129032,0,0,0,0,0
11,10,35.483870967741936,32.258064516129032,0,0,0,0,0
12,10,38.70967741935484,32.258064516129032,0,0,0,0,0
13,10,41.935483870967744,32.258064516129032,0,0,0,0,0
14,10,45.161290322580648,32.258064516129032,0,0,0,0,0
15,10,48.387096774193552,32.258064516129032,0,0,0,0,0
16,10,51.612903225806448,32.258064516129032,0,0,0,0,0
17,10,54.838709677419352,32.258064516129032,0,0,0,0,0
18,10,58.064516129032256,32.258064516129032,0,0,0,0,0
19,10,61.29032258064516,32.258064516129032,0,0,0,0,0
20,10,64.516129032258064,32.258064516129032,0,0,0,0,0
21,10,67.741935483870961,32.258064516129032,0,0,0,0,0
22,10,70.967741935483872,32.258064516129032,0,0,0,0,0
23,10,74.193548387096769,32.258064516129032,0,0,0,0,0
24,10,77.41935483870968,32.258064516129032,0,0,0,0,0
25,10,80.645161290322577,32.258064516129032,0,0,0,0,0
26,10,83.870967741935488,32.258064516129032,0,0,0,0,0
27,10,87.096774193548384,32.258064516129032,0,0,0,0,0
28,10,90.322580645161295,32.258064516129032,0,0,0,0,0
29,10,93.548387096774192,32.258064516129032,0,0,0,0,0
30,10,96.774193548387103,32.258064516129032,0,0,0,0,0
31,10,100,32.258064516129032,0,0,0,0,0
0,11,0,35.483870967741936,0,0,0,0,0
1,11,3.225806451612903,35.483870967741936,0,0,0,0,0
2,11,6.4516129032258061,35.483870967741936,0,0,0,0,0
3,11,9.67741935483871,35.483870967741936,0,0,0,0,0
4,11,12.903225806451612,35.483870967741936,0,0,0,0,0
5,11,16.129032258064516,35.483870967741936,0,0,0,0,0
6,11,19.35483870967742,35.483870967741936,0,0,0,0,0
7,11,22.580645161290324,35.483870967741936,0,0,0,0,0
8,11,25.806451612903224,35.483870967741936,0,0,0,0,0
9,11,29.032258064516128,35.483870967741936,0,0,0,0,0
10,11,32.258064516129032,35.483870967741936,0,0,0,0,0
11,11,35.483870967741936,35.483870967741936,0,0,0,0,0
12,11,38.70967741935484,35.483870967741936,0,0,0,0,0
13,11,41.935483870967744,35.483870967741936,0,0,0,0,0
14,11,45.161290322580648,35.483870967741936,0,0,0,0,0
15,11,48.387096774193552,35.483870967741936,0,0,0,0,0
16,11,51.612903225806448,35.483870967741936,0,0,0,0,0
17,11,54.838709677419352,35.483870967741936,0,0,0,0,0
18,11,58.064516129032256,35.483870967741936,0,0,0,0,0
19,11,61.29032258064516,35.483870967741936,0,0,0,0,0
20,11,64.516129032258064,35.483870967741936,0,0,0,0,0
21,11,67.741935483870961,35.483870967741936,0,0,0,0,0
22,11,70.967741935483872,35.483870967741936,0,0,0,0,0
23,11,74.193548387096769,35.483870967741936,0,0,0,0,0
24,11,77.41935483870968,35.483870967741936,0,0,0,0,0
25,11,80.645161290322577,35.483870967741936,0,0,0,0,0
26,11,83.870967741935488,35.483870967741936,0,0,0,0,0
27,11,87.096774193548384,35.483870967741936,0,0,0,0,0
28,11,90.322580645161295,35.483870967741936,0,0,0,0,0
29,11,93.548387096774192,35.483870967741936,0,0,0,0,0
30,11,96.774193548387103,35.483870967741936,0,0,0,0,0
31,11,100,35.483870967741936,0,0,0,0,0
0,12,0,38.70967741935484,0,0,0,0,0
1,12,3.225806451612903,38.70967741935484,0,0,0,0,0
2,12,6.4516129032258061,38.70967741935484,0,0,0,0,0
3,12,9.67741935483871,38.70967741935484,0,0,0,0,0
4,12,12.903225806451612,38.70967741935484,0,0,0,0,0
5,12,16.129032258064516,38.70967741935484,0,0,0,0,0
6,12,19.35483870967742,38.70967741935484,0,0,0,0,0
7,12,22.580645161290324,38.70967741935484,0,0,0,0,0
8,12,25.806451612903224,38.70967741935484,0,0,0,0,0
9,12,29.032258064516128,38.70967741935484,0,0,0,0,0
10,12,32.258064516129032,38.70967741935484,0,0,0,0,0
11,12,35.483870967741936,38.70967741935484,0,0,0,0,0
12,12,38.70967741935484,38.70967741935484,0,0,0,0,0
13,12,41.935483870967744,38.70967741935484,0,0,0,0,0
14,12,45.161290322580648,38.70967741935484,0,0,0,0,0
15,12,48.387096774193552,38.70967741935484,0,0,0,0,0
16,12,51.612903225806448,38.70967741935484,0,0,0,0,0
17,12,54.838709677419352,38.70967741935484,0,0,0,0,0
18,12,58.064516129032256,38.70967741935484,0,0,0,0,0
19,12,61.29032258064516,38.70967741935484,0,0,0,0,0
20,12,64.516129032258064,38.70967741935484,0,0,0,0,0
21,12,67.741935483870961,38.70967741935484,0,0,0,0,0
22,12,70.967741935483872,38.70967741935484,0,0,0,0,0
23,12,74.193548387096769,38.70967741935484,0,0,0,0,0
24,12,77.41935483870968,38.70967741935484,0,0,0,0,0
25,12,80.645161290322577,38.70967741935484,0,0,0,0,0
26,12,83.870967741935488,38.70967741935484,0,0,0,0,0
27,12,87.096774193548384,38.70967741935484,0,0,0,0,0
28,12,90.322580645161295,38.70967741935484,0,0,0,0,0
29,12,93.548387096774192,38.70967741935484,0,0,0,0,0
30,12,96.774193548387103,38.70967741935484,0,0,0,0,0
31,12,100,38.70967741935484,0,0,0,0,0
0,13,0,41.935483870967744,0,0,0,0,0
1,13,3.225806451612903,41.935483870967744,0,0,0,0,0
2,13,6.4516129032258061,41.935483870967744,0,0,0,0,0
3,13,9.67741935483871,41.935483870967744,0,0,0,0,0
4,13,12.903225806451612,41.935483870967744,0,0,0,0,0
5,13,16.129032258064516,41.935483870967744,0,0,0,0,0
6,13,19.35483870967742,41.935483870967744,0,0,0,0,0
7,13,22.580645161290324,41.935483870967744,0,0,0,0,0
8,13,25.806451612903224,41.935483870967744,0,0,0,0,0
9,13,29.032258064516128,41.935483870967744,0,0,0,0,0
10,13,32.258064516129032,41.935483870967744,0,0,0,0,0
11,13,35.483870967741936,41.935483870967744,0,0,0,0,0
12,13,38.70967741935484,41.935483870967744,0,0,0,0,0
13,13,41.935483870967744,41.935483870967744,0,0,0,0,0
14,13,45.161290322580648,41.935483870967744,0,0,0,0,0
15,13,48.387096774193552,41.935483870967744,0,0,0,0,0
16,13,51.612903225806448,41.935483870967744,0,0,0,0,0
17,13,54.838709677419352,41.935483870967744,0,0,0,0,0
18,13,58.064516129032256,41.935483870967744,0,0,0,0,0
19,13,61.29032258064516,41.935483870967744,0,0,0,0,0
20,13,64.516129032258064,41.935483870967744,0,0,0,0,0
21,13,67.741935483870961,41.935483870967744,0,0,0,0,0
22,13,70.967741935483872,41.935483870967744,0,0,0,0,0
23,13,74.193548387096769,41.935483870967744,0,0,0,0,0
24,13,77.41935483870968,41.935483870967744,0,0,0,0,0
25,13,80.645161290322577,41.935483870967744,0,0,0,0,0
26,13,83.870967741935488,41.935483870967744,0,0,0,0,0
27,13,87.096774193548384,41.935483870967744,0,0,0,0,0
28,13,90.322580645161295,41.935483870967744,0,0,0,0,0
29,13,93.548387096774192,41.935483870967744,0,0,0,0,0
30,13,96.774193548387103,41.935483870967744,0,0,0,0,0
31,13,100,41.935483870967744,0,0,0,0,0
0,14,0,45.161290322580648,0,0,0,0,0
1,14,3.225806451612903,45.161290322580648,0,0,0,0,0
2,14,6.4516129032258061,45.161290322580648,0,0,0,0,0
3,14,9.67741935483871,45.161290322580648,0,0,0,0,0
4,14,12.903225806451612,45.161290322580648,0,0,0,0,0
5,14,16.129032258064516,45.161290322580648,0,0,0,0,0
6,14,19.35483870967742,45.161290322580648,0,0,0,0,0
7,14,22.580645161290324,45.161290322580648,0,0,0,0,0
8,14,25.806451612903224,45.161290322580648,0,0,0,0,0
9,14,29.032258064516128,45.161290322580648,0,0,0,0,0
10,14,32.258064516129032,45.161290322580648,0,0,0,0,0
11,14,35.483870967741936,45.161290322580648,0,0,0,0,0
12,14,38.70967741935484,45.161290322580648,0,0,0,0,0
13,14,41.935483870967744,45.161290322580648,0,0,0,0,0
14,14,45.161290322580648,45.161290322580648,0,0,0,0,0
15,14,48.387096774193552,45.161290322580648,0,0,0,0,0
16,14,51.612903225806448,45.161290322580648,0,0,0,0,0
17,14,54.838709677419352,45.161290322580648,0,0,0,0,0
18,14,58.064516129032256,45.161290322580648,0,0,0,0,0
19,14,61.29032258064516,45.161290322580648,0,0,0,0,0
20,14,64.516129032258064,45.161290322580648,0,0,0,0,0
21,14,67.741935483870961,45.161290322580648,0,0,0,0,0
22,14,70.967741935483872,45.161290322580648,0,0,0,0,0
23,14,74.193548387096769,45.161290322580648,0,0,0,0,0
24,14,77.41935483870968,45.161290322580648,0,0,0,0,0
25,14,80.645161290322577,45.161290322580648,0,0,0,0,0
26,14,83.870967741935488,45.161290322580648,0,0,0,0,0
27,14,87.096774193548384,45.161290322580648,0,0,0,0,0
28,14,90.322580645161295,45.161290322580648,0,0,0,0,0
29,14,93.548387096774192,45.161290322580648,0,0,0,0,0
30,14,96.774193548387103,45.161290322580648,0,0,0,0,0
31,14,100,45.161290322580648,0,0,0,0,0
0,15,0,48.387096774193552,0,0,0,0,0
1,15,3.225806451612903,48.387096774193552,0,0,0,0,0
2,15,6.4516129032258061,48.387096774193552,0,0,0,0,0
3,15,9.67741935483871,48.387096774193552,0,0,0,0,0
4,15,12.903225806451612,48.387096774193552,0,0,0,0,0
5,15,16.129032258064516,48.387096774193552,0,0,0,0,0
6,15,19.35483870967742,48.387096774193552,0,0,0,0,0
7,15,22.580645161290324,48.387096774193552,0,0,0,0,0
8,15,25.806451612903224,48.387096774193552,0,0,0,0,0
9,15,29.032258064516128,48.387096774193552,0,0,0,0,0
10,15,32.258064516129032,48.387096774193552,0,0,0,0,0
11,15,35.483870967741936,48.387096774193552,0,0,0,0,0
12,15,38.70967741935484,48.387096774193552,0,0,0,0,0
13,15,41.935483870967744,48.387096774193552,0,0,0,0,0
14,15,45.161290322580648,48.387096774193552,0,0,0,0,0
15,15,48.387096774193552,48.387096774193552,0,0,0,0,0
16,15,51.612903225806448,48.387096774193552,0,0,0,0,0
17,15,54.838709677419352,48.387096774193552,0,0,0,0,0
18,15,58.064516129032256,48.387096774193552,0,0,0,0,0
19,15,61.29032258064516,48.387096774193552,0,0,0,0,0
20,15,64.516129032258064,48.387096774193552,0,0,0,0,0
21,15,67.741935483870961,48.387096774193552,0,0,0,0,0
22,15,70.967741935483872,48.387096774193552,0,0,0,0,0
23,15,74.193548387096769,48.387096774193552,0,0,0,0,0
24,15,77.41935483870968,48.387096774193552,0,0,0,0,0
25,15,80.645161290322577,48.387096774193552,0,0,0,0,0
26,15,83.870967741935488,48.387096774193552,0,0,0,0,0
27,15,87.096774193548384,48.387096774193552,0,0,0,0,0
28,15,90.322580645161295,48.387096774193552,0,0,0,0,0
29,15,93.548387096774192,48.387096774193552,0,0,0,0,0
30,15,96.774193548387103,48.387096774193552,0,0,0,0,0
31,15,100,48.387096774193552,0,0,0,0,0
0,16,0,51.612903225806448,0,0,0,0,0
1,16,3.225806451612903,51.612903225806448,0,0,0,0,0
2,16,6.4516129032258061,51.612903225806448,0,0,0,0,0
3,16,9.67741935483871,51.612903225806448,0,0,0,0,0
4,16,12.903225806451612,51.612903225806448,0,0,0,0,0
5,16,16.129032258064516,51.612903225806448,0,0,0,0,0
6,16,19.35483870967742,51.612903225806448,0,0,0,0,0
7,16,22.580645161290324,51.612903225806448,0,0,0,0,0
8,16,25.806451612903224,51.612903225806448,0,0,0,0,0
9,16,29.032258064516128,51.612903225806448,0,0,0,0,0
10,16,32.258064516129032,51.612903225806448,0,0,0,0,0
11,16,35.483870967741936,51.612903225806448,0,0,0,0,0
12,16,38.70967741935484,51.612903225806448,0,0,0,0,0
13,16,41.935483870967744,51.612903225806448,0,0,0,0,0
14,16,45.161290322580648,51.612903225806448,0,0,0,0,0
15,16,48.387096774193552,51.612903225806448,0,0,0,0,0
16,16,51.612903225806448,51.612903225806448,0,0,0,0,0
17,16,54.838709677419352,51.612903225806448,0,0,0,0,0
18,16,58.064516129032256,51.612903225806448,0,0,0,0,0
19,16,61.29032258064516,51.612903225806448,0,0,0,0,0
20,16,64.516129032258064,51.612903225806448,0,0,0,0,0
21,16,67.741935483870961,51.612903225806448,0,0,0,0,0
22,16,70.967741935483872,51.612903225806448,0,0,0,0,0
23,16,74.193548387096769,51.612903225806448,0,0,0,0,0
24,16,77.41935483870968,51.612903225806448,0,0,0,0,0
25,16,80.645161290322577,51.612903225806448,0,0,0,0,0
26,16,83.870967741935488,51.612903225806448,0,0,0,0,0
27,16,87.096774193548384,51.612903225806448,0,0,0,0,0
28,16,90.322580645161295,51.612903225806448,0,0,0,0,0
29,16,93.548387096774192,51.612903225806448,0,0,0,0,0
30,16,96.774193548387103,51.612903225806448,0,0,0,0,0
31,16,100,51.612903225806448,0,0,0,0,0
0,17,0,54.838709677419352,0,0,0,0,0
1,17,3.225806451612903,54.838709677419352,0,0,0,0,0
2,17,6.4516129032258061,54.838709677419352,0,0,0,0,0
3,17,9.67741935483871,54.838709677419352,0,0,0,0,0
4,17,12.903225806451612,54.838709677419352,0,0,0,0,0
5,17,16.129032258064516,54.838709677419352,0,0,0,0,0
6,17,19.35483870967742,54.838709677419352,0,0,0,0,0
7,17,22.580645161290324,54.838709677419352,0,0,0,0,0
8,17,25.806451612903224,54.838709677419352,0,0,0,0,0
9,17,29.032258064516128,54.838709677419352,0,0,0,0,0
10,17,32.258064516129032,54.838709677419352,0,0,0,0,0
11,17,35.483870967741936,54.838709677419352,0,0,0,0,0
12,17,38.70967741935484,54.838709677419352,0,0,0,0,0
13,17,41.935483870967744,54.838709677419352,0,0,0,0,0
14,17,45.161290322580648,54.838709677419352,0,0,0,0,0
15,17,48.387096774193552,54.838709677419352,0,0,0,0,0
16,17,51.612903225806448,54.838709677419352,0,0,0,0,0
17,17,54.838709677419352,54.838709677419352,0,0,0,0,0
18,17,58.064516129032256,54.838709677419352,0,0,0,0,0
19,17,61.29032258064516,54.838709677419352,0,0,0,0,0
20,17,64.516129032258064,54.838709677419352,0,0,0,0,0
21,17,67.741935483870961,54.838709677419352,0,0,0,0,0
22,17,70.967741935483872,54.838709677419352,0,0,0,0,0
23,17,74.193548387096769,54.838709677419352,0,0,0,0,0
24,17,77.41935483870968,54.838709677419352,0,0,0,0,0
25,17,80.645161290322577,54.838709677419352,0,0,0,0,0
26,17,83.870967741935488,54.838709677419352,0,0,0,0,0
27,17,87.096774193548384,54.838709677419352,0,0,0,0,0
28,17,90.322580645161295,54.838709677419352,0,0,0,0,0
29,17,93.548387096774192,54.838709677419352,0,0,0,0,0
30,17,96.774193548387103,54.838709677419352,0,0,0,0,0
31,17,100,54.838709677419352,0,0,0,0,0
0,18,0,58.064516129032256,0,0,0,0,0
1,18,3.225806451612903,58.064516129032256,0,0,0,0,0
2,18,6.4516129032258061,58.064516129032256,0,0,0,0,0
3,18,9.67741935483871,58.064516129032256,0,0,0,0,0
4,18,12.903225806451612,58.064516129032256,0,0,0,0,0
5,18,16.129032258064516,58.064516129032256,0,0,0,0,0
6,18,19.35483870967742,58.064516129032256,0,0,0,0,0
7,18,22.580645161290324,58.064516129032256,0,0,0,0,0
8,18,25.806451612903224,58.064516129032256,0,0,0,0,0
9,18,29.032258064516128,58.064516129032256,0,0,0,0,0
10,18,32.258064516129032,58.064516129032256,0,0,0,0,0
11,18,35.483870967741936,58.064516129032256,0,0,0,0,0
12,18,38.70967741935484,58.064516129032256,0,0,0,0,0
13,18,41.935483870967744,58.064516129032256,0,0,0,0,0
14,18,45.161290322580648,58.064516129032256,0,0,0,0,0
15,18,48.387096774193552,58.064516129032256,0,0,0,0,0
16,18,51.612903225806448,58.064516129032256,0,0,0,0,0
17,18,54.838709677419352,58.064516129032256,0,0,0,0,0
18,18,58.064516129032256,58.064516129032256,0,0,0,0,0
19,18,61.29032258064516,58.064516129032256,0,0,0,0,0
20,18,64.516129032258064,58.064516129032256,0,0,0,0,0
21,18,67.741935483870961,58.064516129032256,0,0,0,0,0
22,18,70.967741935483872,58.064516129032256,0,0,0,0,0
23,18,74.193548387096769,58.064516129032256,0,0,0,0,0
24,18,77.41935483870968,58.064516129032256,0,0,0,0,0
25,18,80.645161290322577,58.064516129032256,0,0,0,0,0
26,18,83.870967741935488,58.064516129032256,0,0,0,0,0
27,18,87.096774193548384,58.064516129032256,0,0,0,0,0
28,18,90.322580645161295,58.064516129032256,0,0,0,0,0
29,18,93.548387096774192,58.064516129032256,0,0,0,0,0
30,18,96.774193548387103,58.064516129032256,0,0,0,0,0
31,18,100,58.064516129032256,0,0,0,0,0
0,19,0,61.29032258064516,0,0,0,0,0
1,19,3.225806451612903,61.29032258064516,0,0,0,0,0
2,19,6.4516129032258061,61.29032258064516,0,0,0,0,0
3,19,9.67741935483871,61.29032258064516,0,0,0,0,0
4,19,12.903225806451612,61.29032258064516,0,0,0,0,0
5,19,16.129032258064516,61.29032258064516,0,0,0,0,0
6,19,19.35483870967742,61.29032258064516,0,0,0,0,0
7,19,22.580645161290324,61.29032258064516,0,0,0,0,0
8,19,25.806451612903224,61.29032258064516,0,0,0,0,0
9,19,29.032258064516128,61.29032258064516,0,0,0,0,0
10,19,32.258064516129032,61.29032258064516,0,0,0,0,0
11,19,35.483870967741936,61.29032258064516,0,0,0,0,0
12,19,38.70967741935484,61.29032258064516,0,0,0,0,0
13,19,41.935483870967744,61.29032258064516,0,0,0,0,0
14,19,45.161290322580648,61.29032258064516,0,0,0,0,0
15,19,48.387096774193552,61.29032258064516,0,0,0,0,0
16,19,51.612903225806448,61.29032258064516,0,0,0,0,0
17,19,54.838709677419352,61.29032258064516,0,0,0,0,0
18,19,58.064516129032256,61.29032258064516,0,0,0,0,0
19,19,61.29032258064516,61.29032258064516,0,0,0,0,0
20,19,64.516129032258064,61.29032258064516,0,0,0,0,0
21,19,67.741935483870961,61.29032258064516,0,0,0,0,0
22,19,70.967741935483872,61.29032258064516,0,0,0,0,0
23,19,74.193548387096769,61.29032258064516,0,0,0,0,0
24,19,77.41935483870968,61.29032258064516,0,0,0,0,0
25,19,80.645161290322577,61.29032258064516,0,0,0,0,0
26,19,83.870967741935488,61.29032258064516,0,0,0,0,0
27,19,87.096774193548384,61.29032258064516,0,0,0,0,0
28,19,90.322580645161295,61.29032258064516,0,0,0,0,0
29,19,93.548387096774192,61.29032258064516,0,0,0,0,0
30,19,96.774193548387103,61.29032258064516,0,0,0,0,0
31,19,100,61.29032258064516,0,0,0,0,0
0,20,0,64.516129032258064,0,0,0,0,0
1,20,3.225806451612903,64.516129032258064,0,0,0,0,0
2,20,6.4516129032258061,64.516129032258064,0,0,0,0,0
3,20,9.67741935483871,64.516129032258064,0,0,0,0,0
4,20,12.903225806451612,64.516129032258064,0,0,0,0,0
5,20,16.129032258064516,64.516129032258064,0,0,0,0,0
6,20,19.35483870967742,64.516129032258064,0,0,0,0,0
7,20,22.580645161290324,64.516129032258064,0,0,0,0,0
8,20,25.806451612903224,64.516129032258064,0,0,0,0,0
9,20,29.032258064516128,64.516129032258064,0,0,0,0,0
10,20,32.258064516129032,64.516129032258064,0,0,0,0,0
11,20,35.483870967741936,64.516129032258064,0,0,0,0,0
12,20,38.70967741935484,64.516129032258064,0,0,0,0,0
13,20,41.935483870967744,64.516129032258064,0,0,0,0,0
14,20,45.161290322580648,64.516129032258064,0,0,0,0,0
15,20,48.387096774193552,64.516129032258064,0,0,0,0,0
16,20,51.612903225806448,64.516129032258064,0,0,0,0,0
17,20,54.838709677419352,64.516129032258064,0,0,0,0,0
18,20,58.064516129032256,64.516129032258064,0,0,0,0,0
19,20,61.29032258064516,64.516129032258064,0,0,0,0,0
20,20,64.516129032258064,64.516129032258064,0,0,0,0,0
21,20,67.741935483870961,64.516129032258064,0,0,0,0,0
22,20,70.967741935483872,64.516129032258064,0,0,0,0,0
23,20,74.193548387096769,64.516129032258064,0,0,0,0,0
24,20,77.41935483870968,64.516129032258064,0,0,0,0,0
25,20,80.645161290322577,64.516129032258064,0,0,0,0,0
26,20,83.870967741935488,64.516129032258064,0,0,0,0,0
27,20,87.096774193548384,64.516129032258064,0,0,0,0,0
28,20,90.322580645161295,64.516129032258064,0,0,0,0,0
29,20,93.548387096774192,64.516129032258064,0,0,0,0,0
30,20,96.774193548387103,64.516129032258064,0,0,0,0,0
31,20,100,64.516129032258064,0,0,0,0,0
0,21,0,67.741935483870961,0,0,0,0,0
1,21,3.225806451612903,67.741935483870961,0,0,0,0,0
2,21,6.4516129032258061,67.741935483870961,0,0,0,0,0
3,21,9.67741935483871,67.741935483870961,0,0,0,0,0
4,21,12.903225806451612,67.741935483870961,0,0,0,0,0
5,21,16.129032258064516,67.741935483870961,0,0,0,0,0
6,21,19.35483870967742,67.741935483870961,0,0,0,0,0
7,21,22.580645161290324,67.741935483870961,0,0,0,0,0
8,21,25.806451612903224,67.741935483870961,0,0,0,0,0
9,21,29.032258064516128,67.741935483870961,0,0,0,0,0
10,21,32.258064516129032,67.741935483870961,0,0,0,0,0
11,21,35.483870967741936,67.741935483870961,0,0,0,0,0
12,21,38.70967741935484,67.741935483870961,0,0,0,0,0
13,21,41.935483870967744,67.741935483870961,0,0,0,0,0
14,21,45.161290322580648,67.741935483870961,0,0,0,0,0
15,21,48.387096774193552,67.741935483870961,0,0,0,0,0
16,21,51.612903225806448,67.741935483870961,0,0,0,0,0
17,21,54.838709677419352,67.741935483870961,0,0,0,0,0
18,21,58.064516129032256,67.741935483870961,0,0,0,0,0
19,21,61.29032258064516,67.741935483870961,0,0,0,0,0
20,21,64.516129032258064,67.741935483870961,0,0,0,0,0
21,21,67.741935483870961,67.741935483870961,0,0,0,0,0
22,21,70.967741935483872,67.741935483870961,0,0,0,0,0
23,21,74.193548387096769,67.741935483870961,0,0,0,0,0
24,21,77.41935483870968,67.741935483870961,0,0,0,0,0
25,21,80.645161290322577,67.741935483870961,0,0,0,0,0
26,21,83.870967741935488,67.741935483870961,0,0,0,0,0
27,21,87.096774193548384,67.741935483870961,0,0,0,0,0
28,21,90.322580645161295,67.741935483870961,0,0,0,0,0
29,21,93.548387096774192,67.741935483870961,0,0,0,0,0
30,21,96.774193548387103,67.741935483870961,0,0,0,0,0
31,21,100,67.741935483870961,0,0,0,0,0
0,22,0,70.967741935483872,0,0,0,0,0
1,22,3.225806451612903,70.967741935483872,0,0,0,0,0
2,22,6.4516129032258061,70.967741935483872,0,0,0,0,0
3,22,9.67741935483871,70.967741935483872,0,0,0,0,0
4,22,12.903225806451612,70.967741935483872,0,0,0,0,0
5,22,16.129032258064516,70.967741935483872,0,0,0,0,0
6,22,19.35483870967742,70.967741935483872,0,0,0,0,0
7,22,22.580645161290324,70.967741935483872,0,0,0,0,0
8,22,25.806451612903224,70.967741935483872,0,0,0,0,0
9,22,29.032258064516128,70.967741935483872,0,0,0,0,0
10,22,32.258064516129032,70.967741935483872,0,0,0,0,0
11,22,35.483870967741936,70.967741935483872,0,0,0,0,0
12,22,38.70967741935484,70.967741935483872,0,0,0,0,0
13,22,41.935483870967744,70.967741935483872,0,0,0,0,0
14,22,45.161290322580648,70.967741935483872,0,0,0,0,0
15,22,48.387096774193552,70.967741935483872,0,0,0,0,0
16,22,51.612903225806448,70.967741935483872,0,0,0,0,0
17,22,54.838709677419352,70.967741935483872,0,0,0,0,0
18,22,58.064516129032256,70.967741935483872,0,0,0,0,0
19,22,61.29032258064516,70.967741935483872,0,0,0,0,0
20,22,64.516129032258064,70.967741935483872,0,0,0,0,0
21,22,67.741935483870961,70.967741935483872,0,0,0,0,0
22,22,70.967741935483872,70.967741935483872,0,0,0,0,0
23,22,74.193548387096769,70.967741935483872,0,0,0,0,0
24,22,77.41935483870968,70.967741935483872,0,0,0,0,0
25,22,80.645161290322577,70.967741935483872,0,0,0,0,0
26,22,83.870967741935488,70.967741935483872,0,0,0,0,0
27,22,87.096774193548384,70.967741935483872,0,0,0,0,0
28,22,90.322580645161295,70.967741935483872,0,0,0,0,0
29,22,93.548387096774192,70.967741935483872,0,0,0,0,0
30,22,96.774193548387103,70.967741935483872,0,0,0,0,0
31,22,100,70.967741935483872,0,0,0,0,0
0,23,0,74.193548387096769,0,0,0,0,0
1,23,3.225806451612903,74.193548387096769,0,0,0,0,0
2,23,6.4516129032258061,74.193548387096769,0,0,0,0,0
3,23,9.67741935483871,74.193548387096769,0,0,0,0,0
4,23,12.903225806451612,74.193548387096769,0,0,0,0,0
5,23,16.129032258064516,74.193548387096769,0,0,0,0,0
6,23,19.35483870967742,74.193548387096769,0,0,0,0,0
7,23,22.580645161290324,74.193548387096769,0,0,0,0,0
8,23,25.806451612903224,74.193548387096769,0,0,0,0,0
9,23,29.032258064516128,74.193548387096769,0,0,0,0,0
10,23,32.258064516129032,74.193548387096769,0,0,0,0,0
11,23,35.483870967741936,74.193548387096769,0,0,0,0,0
12,23,38.70967741935484,74.193548387096769,0,0,0,0,0
13,23,41.935483870967744,74.193548387096769,0,0,0,0,0
14,23,45.161290322580648,74.193548387096769,0,0,0,0,0
15,23,48.387096774193552,74.193548387096769,0,0,0,0,0
16,23,51.612903225806448,74.193548387096769,0,0,0,0,0
17,23,54.838709677419352,74.193548387096769,0,0,0,0,0
18,23,58.064516129032256,74.193548387096769,0,0,0,0,0
19,23,61.29032258064516,74.193548387096769,0,0,0,0,0
20,23,64.516129032258064,74.193548387096769,0,0,0,0,0
21,23,67.741935483870961,74.193548387096769,0,0,0,0,0
22,23,70.967741935483872,74.193548387096769,0,0,0,0,0
23,23,74.193548387096769,74.193548387096769,0,0,0,0,0
24,23,77.41935483870968,74.193548387096769,0,0,0,0,0
25,23,80.645161290322577,74.193548387096769,0,0,0,0,0
26,23,83.870967741935488,74.193548387096769,0,0,0,0,0
27,23,87.096774193548384,74.193548387096769,0,0,0,0,0
28,23,90.322580645161295,74.193548387096769,0,0,0,0,0
29,23,93.548387096774192,74.193548387096769,0,0,0,0,0
30,23,96.774193548387103,74.193548387096769,0,0,0,0,0
31,23,100,74.193548387096769,0,0,0,0,0
0,24,0,77.41935483870968,0,0,0,0,0
1,24,3.225806451612903,77.41935483870968,0,0,0,0,0
2,24,6.4516129032258061,77.41935483870968,0,0,0,0,0
3,24,9.67741935483871,77.41935483870968,0,0,0,0,0
4,24,12.903225806451612,77.41935483870968,0,0,0,0,0
5,24,16.129032258064516,77.41935483870968,0,0,0,0,0
6,24,19.35483870967742,77.41935483870968,0,0,0,0,0
7,24,22.580645161290324,77.41935483870968,0,0,0,0,0
8,24,25.806451612903224,77.41935483870968,0,0,0,0,0
9,24,29.032258064516128,77.41935483870968,0,0,0,0,0
10,24,32.258064516129032,77.41935483870968,0,0,0,0,0
11,24,35.483870967741936,77.41935483870968,0,0,0,0,0
12,24,38.70967741935484,77.41935483870968,0,0,0,0,0
13,24,41.935483870967744,77.41935483870968,0,0,0,0,0
14,24,45.161290322580648,77.41935483870968,0,0,0,0,0
15,24,48.387096774193552,77.41935483870968,0,0,0,0,0
16,24,51.612903225806448,77.41935483870968,0,0,0,0,0
17,24,54.838709677419352,77.41935483870968,0,0,0,0,0
18,24,58.064516129032256,77.41935483870968,0,0,0,0,0
19,24,61.29032258064516,77.41935483870968,0,0,0,0,0
20,24,64.516129032258064,77.41935483870968,0,0,0,0,0
21,24,67.741935483870961,77.41935483870968,0,0,0,0,0
22,24,70.967741935483872,77.41935483870968,0,0,0,0,0
23,24,74.193548387096769,77.41935483870968,0,0,0,0,0
24,24,77.41935483870968,77.41935483870968,0,0,0,0,0
25,24,80.645161290322577,77.41935483870968,0,0,0,0,0
26,24,83.870967741935488,77.41935483870968,0,0,0,0,0
27,24,87.096774193548384,77.41935483870968,0,0,0,0,0
28,24,90.322580645161295,77.41935483870968,0,0,0,0,0
29,24,93.548387096774192,77.41935483870968,0,0,0,0,0
30,24,96.774193548387103,77.41935483870968,0,0,0,0,0
31,24,100,77.41935483870968,0,0,0,0,0
0,25,0,80.645161290322577,0,0,0,0,0
1,25,3.225806451612903,80.645161290322577,0,0,0,0,0
2,25,6.4516129032258061,80.645161290322577,0,0,0,0,0
3,25,9.67741935483871,80.645161290322577,0,0,0,0,0
4,25,12.903225806451612,80.645161290322577,0,0,0,0,0
5,25,16.129032258064516,80.645161290322577,0,0,0,0,0
6,25,19.35483870967742,80.645161290322577,0,0,0,0,0
7,25,22.580645161290324,80.645161290322577,0,0,0,0,0
8,25,25.806451612903224,80.645161290322577,0,0,0,0,0
9,25,29.032258064516128,80.645161290322577,0,0,0,0,0
10,25,32.258064516129032,80.645161290322577,0,0,0,0,0
11,25,35.483870967741936,80.645161290322577,0,0,0,0,0
12,25,38.70967741935484,80.645161290322577,0,0,0,0,0
13,25,41.935483870967744,80.645161290322577,0,0,0,0,0
14,25,45.161290322580648,80.645161290322577,0,0,0,0,0
15,25,48.387096774193552,80.645161290322577,0,0,0,0,0
16,25,51.612903225806448,80.645161290322577,0,0,0,0,0
17,25,54.838709677419352,80.645161290322577,0,0,0,0,0
18,25,58.064516129032256,80.645161290322577,0,0,0,0,0
19,25,61.29032258064516,80.645161290322577,0,0,0,0,0
20,25,64.516129032258064,80.645161290322577,0,0,0,0,0
21,25,67.741935483870961,80.645161290322577,0,0,0,0,0
22,25,70.967741935483872,80.645161290322577,0,0,0,0,0
23,25,74.193548387096769,80.645161290322577,0,0,0,0,0
24,25,77.41935483870968,80.645161290322577,0,0,0,0,0
25,25,80.645161290322577,80.645161290322577,0,0,0,0,0
26,25,83.870967741935488,80.645161290322577,0,0,0,0,0
27,25,87.096774193548384,80.645161290322577,0,0,0,0,0
28,25,90.322580645161295,80.645161290322577,0,0,0,0,0
29,25,93.548387096774192,80.645161290322577,0,0,0,0,0
30,25,96.774193548387103,80.645161290322577,0,0,0,0,0
31,25,100,80.645161290322577,0,0,0,0,0
0,26,0,83.870967741935488,0,0,0,0,0
1,26,3.225806451612903,83.870967741935488,0,0,0,0,0
2,26,6.4516129032258061,83.870967741935488,0,0,0,0,0
3,26,9.67741935483871,83.870967741935488,0,0,0,0,0
4,26,12.903225806451612,83.870967741935488,0,0,0,0,0
5,26,16.129032258064516,83.870967741935488,0,0,0,0,0
6,26,19.35483870967742,83.870967741935488,0,0,0,0,0
7,26,22.580645161290324,83.870967741935488,0,0,0,0,0
8,26,25.806451612903224,83.870967741935488,0,0,0,0,0
9,26,29.032258064516128,83.870967741935488,0,0,0,0,0
10,26,32.258064516129032,83.870967741935488,0,0,0,0,0
11,26,35.483870967741936,83.870967741935488,0,0,0,0,0
12,26,38.70967741935484,83.870967741935488,0,0,0,0,0
13,26,41.935483870967744,83.870967741935488,0,0,0,0,0
14,26,45.161290322580648,83.870967741935488,0,0,0,0,0
15,26,48.387096774193552,83.870967741935488,0,0,0,0,0
16,26,51.612903225806448,83.870967741935488,0,0,0,0,0
17,26,54.838709677419352,83.870967741935488,0,0,0,0,0
18,26,58.064516129032256,83.870967741935488,0,0,0,0,0
19,26,61.29032258064516,83.870967741935488,0,0,0,0,0
20,26,64.516129032258064,83.870967741935488,0,0,0,0,0
21,26,67.741935483870961,83.870967741935488,0,0,0,0,0
22,26,70.967741935483872,83.870967741935488,0,0,0,0,0
23,26,74.193548387096769,83.870967741935488,0,0,0,0,0
24,26,77.41935483870968,83.870967741935488,0,0,0,0,0
25,26,80.645161290322577,83.870967741935488,0,0,0,0,0
26,26,83.870967741935488,83.870967741935488,0,0,0,0,0
27,26,87.096774193548384,83.870967741935488,0,0,0,0,0
28,26,90.322580645161295,83.870967741935488,0,0,0,0,0
29,26,93.548387096774192,83.870967741935488,0,0,0,0,0
30,26,96.774193548387103,83.870967741935488,0,0,0,0,0
31,26,100,83.870967741935488,0,0,0,0,0
0,27,0,87.096774193548384,0,0,0,0,0
1,27,3.225806451612903,87.096774193548384,0,0,0,0,0
2,27,6.4516129032258061,87.096774193548384,0,0,0,0,0
3,27,9.67741935483871,87.096774193548384,0,0,0,0,0
4,27,12.903225806451612,87.096774193548384,0,0,0,0,0
5,27,16.129032258064516,87.096774193548384,0,0,0,0,0
6,27,19.35483870967742,87.096774193548384,0,0,0,0,0
7,27,22.580645161290324,87.096774193548384,0,0,0,0,0
8,27,25.806451612903224,87.096774193548384,0,0,0,0,0
9,27,29.032258064516128,87.096774193548384,0,0,0,0,0
10,27,32.258064516129032,87.096774193548384,0,0,0,0,0
11,27,35.483870967741936,87.096774193548384,0,0,0,0,0
12,27,38.70967741935484,87.096774193548384,0,0,0,0,0
13,27,41.935483870967744,87.096774193548384,0,0,0,0,0
14,27,45.161290322580648,87.096774193548384,0,0,0,0,0
15,27,48.387096774193552,87.096774193548384,0,0,0,0,0
16,27,51.612903225806448,87.096774193548384,0,0,0,0,0
17,27,54.838709677419352,87.096774193548384,0,0,0,0,0
18,27,58.064516129032256,87.096774193548384,0,0,0,0,0
19,27,61.29032258064516,87.096774193548384,0,0,0,0,0
20,27,64.516129032258064,87.096774193548384,0,0,0,0,0
21,27,67.741935483870961,87.096774193548384,0,0,0,0,0
22,27,70.967741935483872,87.096774193548384,0,0,0,0,0
23,27,74.193548387096769,87.096774193548384,0,0,0,0,0
24,27,77.41935483870968,87.096774193548384,0,0,0,0,0
25,27,80.645161290322577,87.096774193548384,0,0,0,0,0
26,27,83.870967741935488,87.096774193548384,0,0,0,0,0
27,27,87.096774193548384,87.096774193548384,0,0,0,0,0
28,27,90.322580645161295,87.096774193548384,0,0,0,0,0
29,27,93.548387096774192,87.096774193548384,0,0,0,0,0
30,27,96.774193548387103,87.096774193548384,0,0,0,0,0
31,27,100,87.096774193548384,0,0,0,0,0
0,28,0,90.322580645161295,0,0,0,0,0
1,28,3.225806451612903,90.322580645161295,0,0,0,0,0
2,28,6.4516129032258061,90.322580645161295,0,0,0,0,0
3,28,9.67741935483871,90.322580645161295,0,0,0,0,0
4,28,12.903225806451612,90.322580645161295,0,0,0,0,0
5,28,16.129032258064516,90.322580645161295,0,0,0,0,0
6,28,19.35483870967742,90.322580645161295,0,0,0,0,0
7,28,22.580645161290324,90.322580645161295,0,0,0,0,0
8,28,25.806451612903224,90.322580645161295,0,0,0,0,0
9,28,29.032258064516128,90.322580645161295,0,0,0,0,0
10,28,32.258064516129032,90.322580645161295,0,0,0,0,0
11,28,35.483870967741936,90.322580645161295,0,0,0,0,0
12,28,38.70967741935484,90.322580645161295,0,0,0,0,0
13,28,41.935483870967744,90.322580645161295,0,0,0,0,0
14,28,45.161290322580648,90.322580645161295,0,0,0,0,0
15,28,48.387096774193552,90.322580645161295,0,0,0,0,0
16,28,51.612903225806448,90.322580645161295,0,0,0,0,0
17,28,54.838709677419352,90.322580645161295,0,0,0,0,0
18,28,58.064516129032256,90.322580645161295,0,0,0,0,0
19,28,61.29032258064516,90.322580645161295,0,0,0,0,0
20,28,64.516129032258064,90.322580645161295,0,0,0,0,0
21,28,67.741935483870961,90.322580645161295,0,0,0,0,0
22,28,70.967741935483872,90.322580645161295,0,0,0,0,0
23,28,74.193548387096769,90.322580645161295,0,0,0,0,0
24,28,77.41935483870968,90.322580645161295,0,0,0,0,0
25,28,80.645161290322577,90.322580645161295,0,0,0,0,0
26,28,83.870967741935488,90.322580645161295,0,0,0,0,0
27,28,87.096774193548384,90.322580645161295,0,0,0,0,0
28,28,90.322580645161295,90.322580645161295,0,0,0,0,0
29,28,93.548387096774192,90.322580645161295,0,0,0,0,0
30,28,96.774193548387103,90.322580645161295,0,0,0,0,0
31,28,100,90.322580645161295,0,0,0,0,0
0,29,0,93.548387096774192,0,0,0,0,0
1,29,3.225806451612903,93.548387096774192,0,0,0,0,0
2,29,6.4516129032258061,93.548387096774192,0,0,0,0,0
3,29,9.67741935483871,93.548387096774192,0,0,0,0,0
4,29,12.903225806451612,93.548387096774192,0,0,0,0,0
5,29,16.129032258064516,93.548387096774192,0,0,0,0,0
6,29,19.35483870967742,93.548387096774192,0,0,0,0,0
7,29,22.580645161290324,93.548387096774192,0,0,0,0,0
8,29,25.806451612903224,93.548387096774192,0,0,0,0,0
9,29,29.032258064516128,93.548387096774192,0,0,0,0,0
10,29,32.258064516129032,93.548387096774192,0,0,0,0,0
11,29,35.483870967741936,93.548387096774192,0,0,0,0,0
12,29,38.70967741935484,93.548387096774192,0,0,0,0,0
13,29,41.935483870967744,93.548387096774192,0,0,0,0,0
14,29,45.161290322580648,93.548387096774192,0,0,0,0,0
15,29,48.387096774193552,93.548387096774192,0,0,0,0,0
16,29,51.612903225806448,93.548387096774192,0,0,0,0,0
17,29,54.838709677419352,93.548387096774192,0,0,0,0,0
18,29,58.064516129032256,93.548387096774192,0,0,0,0,0
19,29,61.29032258064516,93.548387096774192,0,0,0,0,0
20,29,64.516129032258064,93.548387096774192,0,0,0,0,0
21,29,67.741935483870961,93.548387096774192,0,0,0,0,0
22,29,70.967741935483872,93.548387096774192,0,0,0,0,0
23,29,74.193548387096769,93.548387096774192,0,0,0,0,0
24,29,77.41935483870968,93.548387096774192,0,0,0,0,0
25,29,80.645161290322577,93.548387096774192,0,0,0,0,0
26,29,83.870967741935488,93.548387096774192,0,0,0,0,0
27,29,87.096774193548384,93.548387096774192,0,0,0,0,0
28,29,90.322580645161295,93.548387096774192,0,0,0,0,0
29,29,93.548387096774192,93.548387096774192,0,0,0,0,0
30,29,96.774193548387103,93.548387096774192,0,0,0,0,0
31,29,100,93.548387096774192,0,0,0,0,0
0,30,0,96.774193548387103,0,0,0,0,0
1,30,3.225806451612903,96.774193548387103,0,0,0,0,0
2,30,6.4516129032258061,96.774193548387103,0,0,0,0,0
3,30,9.67741935483871,96.774193548387103,0,0,0,0,0
4,30,12.903225806451612,96.774193548387103,0,0,0,0,0
5,30,16.129032258064516,96.774193548387103,0,0,0,0,0
6,30,19.35483870967742,96.774193548387103,0,0,0,0,0
7,30,22.580645161290324,96.774193548387103,0,0,0,0,0
8,30,25.806451612903224,96.774193548387103,0,0,0,0,0
9,30,29.032258064516128,96.774193548387103,0,0,0,0,0
10,30,32.258064516129032,96.774193548387103,0,0,0,0,0
11,30,35.483870967741936,96.774193548387103,0,0,0,0,0
12,30,38.70967741935484,96.774193548387103,0,0,0,0,0
13,30,41.935483870967744,96.774193548387103,0,0,0,0,0
14,30,45.161290322580648,96.774193548387103,0,0,0,0,0
15,30,48.387096774193552,96.774193548387103,0,0,0,0,0
16,30,51.612903225806448,96.774193548387103,0,0,0,0,0
17,30,54.838709677419352,96.774193548387103,0,0,0,0,0
18,30,58.064516129032256,96.774193548387103,0,0,0,0,0
19,30,61.29032258064516,96.774193548387103,0,0,0,0,0
20,30,64.516129032258064,96.774193548387103,0,0,0,0,0
21,30,67.741935483870961,96.774193548387103,0,0,0,0,0
22,30,70.967741935483872,96.774193548387103,0,0,0,0,0
23,30,74.193548387096769,96.774193548387103,0,0,0,0,0
24,30,77.41935483870968,96.774193548387103,0,0,0,0,0
25,30,80.645161290322577,96.774193548387103,0,0,0,0,0
26,30,83.870967741935488,96.774193548387103,0,0,0,0,0
27,30,87.096774193548384,96.774193548387103,0,0,0,0,0
28,30,90.322580645161295,96.774193548387103,0,0,0,0,0
29,30,93.548387096774192,96.774193548387103,0,0,0,0,0
30,30,96.774193548387103,96.774193548387103,0,0,0,0,0
31,30,100,96.774193548387103,0,0,0,0,0
0,31,0,100,0,0,0,0,0
1,31,3.225806451612903,100,0,0,0,0,0
2,31,6.4516129032258061,100,0,0,0,0,0
3,31,9.67741935483871,100,0,0,0,0,0
4,31,12.903225806451612,100,0,0,0,0,0
5,31,16.129032258064516,100,0,0,0,0,0
6,31,19.35483870967742,100,0,0,0,0,0
7,31,22.580645161290324,100,0,0,0,0,0
8,31,25.806451612903224,100,0,0,0,0,0
9,31,29.032258064516128,100,0,0,0,0,0
10,31,32.258064516129032,100,0,0,0,0,0
11,31,35.483870967741936,100,0,0,0,0,0
12,31,38.70967741935484,100,0,0,0,0,0
13,31,41.935483870967744,100,0,0,0,0,0
14,31,45.161290322580648,100,0,0,0,0,0
15,31,48.387096774193552,100,0,0,0,0,0
16,31,51.612903225806448,100,0,0,0,0,0
17,31,54.838709677419352,100,0,0,0,0,0
18,31,58.064516129032256,100,0,0,0,0,0
19,31,61.29032258064516,100,0,0,0,0,0
20,31,64.516129032258064,100,0,0,0,0,0
21,31,67.741935483870961,100,0,0,0,0,0
22,31,70.967741935483872,100,0,0,0,0,0
23,31,74.193548387096769,100,0,0,0,0,0
24,31,77.41935483870968,100,0,0,0,0,0
25,31,80.645161290322577,100,0,0,0,0,0
26,31,83.870967741935488,100,0,0,0,0,0
27,31,87.096774193548384,100,0,0,0,0,0
28,31,90.322580645161295,100,0,0,0,0,0
29,31,93.548387096774192,100,0,0,0,0,0
30,31,96.774193548387103,100,0,0,0,0,0
31,31,100,100,0,0,0,0,0
