site,x,y,z,cpu_psi,fpga_psi,cpu_density,fpga_density,density_error
0,0,0,0,-1505.9559631347656,-1505.9559631348,2267903.3629011596,2267903.3629012629,1.0337680578231812e-07
1,1,0,0,-17319.60417175293,-17319.604171752901,299968688.66620147,299968688.66620046,-1.0132789611816406e-06
2,2,0,0,-32336.573516845703,-32336.573516845699,1045653986.8103669,1045653986.8103666,-2.384185791015625e-07
3,3,0,0,19876.871231079102,19876.871231079102,395090009.93690002,395090009.93690002,0
4,4,0,0,19876.871200561523,19876.871200561502,395090008.72371209,395090008.72371125,-8.3446502685546875e-07
5,5,0,0,-32336.573104858398,-32336.573104858398,1045653960.1658515,1045653960.1658515,0
6,6,0,0,-17319.604232788086,-17319.6042327881,299968690.78041101,299968690.78041148,4.76837158203125e-07
7,7,0,0,-1505.9560394287109,-1505.9560394287,2267903.5926918089,2267903.5926917763,-3.2596290111541748e-08
8,0,1,0,-17319.603973388672,-17319.603973388701,299968681.7950207,299968681.79502165,9.5367431640625e-07
9,1,1,0,-15382.151794433594,-15382.151794433599,236610593.82699662,236610593.8269968,1.7881393432617188e-07
10,2,1,0,12867.929077148438,12867.929077148399,165583598.73452222,165583598.73452127,-9.5367431640625e-07
11,3,1,0,13511.765625,13511.765625,182567810.30493164,182567810.30493164,0
12,4,1,0,13511.765487670898,13511.7654876709,182567806.5938144,182567806.59381443,2.9802322387695312e-08
13,5,1,0,12867.929138183594,12867.929138183599,165583600.30531436,165583600.30531451,1.4901161193847656e-07
14,6,1,0,-15382.151977539062,-15382.151977539101,236610599.46010888,236610599.46011007,1.1920928955078125e-06
15,7,1,0,-17319.604187011719,-17319.604187011701,299968689.19475389,299968689.19475323,-6.5565109252929688e-07
16,0,2,0,-32336.572967529297,-32336.572967529301,1045653951.2843465,1045653951.2843467,2.384185791015625e-07
17,1,2,0,12867.929275512695,12867.929275512701,165583603.83959669,165583603.83959681,1.1920928955078125e-07
18,2,2,0,18387.755477905273,18387.755477905299,338109551.51523536,338109551.51523632,9.5367431640625e-07
19,3,2,0,-6158.4843902587891,-6158.4843902588,37926929.985061169,37926929.985061303,1.3411045074462891e-07
20,4,2,0,-6158.4848022460938,-6158.4848022461001,37926935.059496105,37926935.059496187,8.1956386566162109e-08
21,5,2,0,18387.755386352539,18387.755386352499,338109548.14833683,338109548.14833534,-1.4901161193847656e-06
22,6,2,0,12867.929107666016,12867.929107665999,165583599.51991829,165583599.51991788,-4.1723251342773438e-07
23,7,2,0,-32336.573348999023,-32336.573348999002,1045653975.9551939,1045653975.9551926,-1.3113021850585938e-06
24,0,3,0,19876.871292114258,19876.871292114301,395090012.36327595,395090012.36327767,1.7285346984863281e-06
25,1,3,0,13511.765670776367,13511.7656707764,182567811.54197073,182567811.54197162,8.9406967163085938e-07
26,2,3,0,-6158.4842987060547,-6158.4842987061002,37926928.857409008,37926928.857409567,5.5879354476928711e-07
27,3,3,0,-19780.107559204102,-19780.107559204102,391252655.05368322,391252655.05368322,0
28,4,3,0,-19780.107543945312,-19780.107543945302,391252654.45004225,391252654.45004183,-4.1723251342773438e-07
29,5,3,0,-6158.4843902587891,-6158.4843902588,37926929.985061169,37926929.985061303,1.3411045074462891e-07
30,6,3,0,13511.765655517578,13511.7656555176,182567811.12962437,182567811.12962496,5.9604644775390625e-07
31,7,3,0,19876.871215820312,19876.871215820302,395090009.33030605,395090009.33030564,-4.1723251342773438e-07
32,0,4,0,19876.871337890625,19876.8713378906,395090014.18305784,395090014.18305683,-1.0132789611816406e-06
33,1,4,0,13511.765640258789,13511.7656402588,182567810.717278,182567810.7172783,2.9802322387695312e-07
34,2,4,0,-6158.4844665527344,-6158.4844665526998,37926930.924771316,37926930.924770892,-4.246830940246582e-07
35,3,4,0,-19780.107376098633,-19780.1073760986,391252647.80999154,391252647.80999023,-1.3113021850585938e-06
36,4,4,0,-19780.107437133789,-19780.1074371338,391252650.22455543,391252650.22455585,4.1723251342773438e-07
37,5,4,0,-6158.4844512939453,-6158.4844512938998,37926930.736829288,37926930.73682873,-5.5879354476928711e-07
38,6,4,0,13511.765548706055,13511.7655487061,182567808.24319983,182567808.24320105,1.2218952178955078e-06
39,7,4,0,19876.87109375,19876.87109375,395090004.47755432,395090004.47755432,0
40,0,5,0,-32336.573272705078,-32336.5732727051,1045653971.0210245,1045653971.0210258,1.3113021850585938e-06
41,1,5,0,12867.929382324219,12867.929382324201,165583606.58848295,165583606.58848247,-4.76837158203125e-07
42,2,5,0,18387.755432128906,18387.755432128899,338109549.8317861,338109549.83178586,-2.384185791015625e-07
43,3,5,0,-6158.4842987060547,-6158.4842987061002,37926928.857409008,37926928.857409567,5.5879354476928711e-07
44,4,5,0,-6158.4843292236328,-6158.4843292236001,37926929.233293056,37926929.233292654,-4.0233135223388672e-07
45,5,5,0,18387.755447387695,18387.755447387699,338109550.39293587,338109550.39293599,1.1920928955078125e-07
46,6,5,0,12867.929122924805,12867.929122924799,165583599.91261634,165583599.91261619,-1.4901161193847656e-07
47,7,5,0,-32336.573455810547,-32336.5734558105,1045653982.8630313,1045653982.8630282,-3.0994415283203125e-06
48,0,6,0,-17319.603973388672,-17319.603973388701,299968681.7950207,299968681.79502165,9.5367431640625e-07
49,1,6,0,-15382.15202331543,-15382.152023315401,236610600.86838695,236610600.86838606,-8.9406967163085938e-07
50,2,6,0,12867.929153442383,12867.929153442399,165583600.69801241,165583600.69801283,4.1723251342773438e-07
51,3,6,0,13511.765563964844,13511.7655639648,182567808.65554619,182567808.65554503,-1.1622905731201172e-06
52,4,6,0,13511.765808105469,13511.7658081055,182567815.25308803,182567815.25308886,8.3446502685546875e-07
53,5,6,0,12867.929565429688,12867.9295654297,165583611.30085945,165583611.30085978,3.2782554626464844e-07
54,6,6,0,-15382.151824951172,-15382.151824951199,236610594.76584867,236610594.7658495,8.3446502685546875e-07
55,7,6,0,-17319.604598999023,-17319.604598999002,299968703.46566814,299968703.46566737,-7.7486038208007812e-07
56,0,7,0,-1505.9559326171875,-1505.9559326172,2267903.270984903,2267903.2709849407,3.771856427192688e-08
57,1,7,0,-17319.604354858398,-17319.604354858398,299968695.00883001,299968695.00883001,0
58,2,7,0,-32336.573501586914,-32336.5735015869,1045653985.8235329,1045653985.823532,-9.5367431640625e-07
59,3,7,0,19876.87126159668,19876.871261596702,395090011.15008795,395090011.15008885,8.9406967163085938e-07
60,4,7,0,19876.87126159668,19876.871261596702,395090011.15008795,395090011.15008885,8.9406967163085938e-07
61,5,7,0,-32336.573120117188,-32336.573120117198,1045653961.1526854,1045653961.1526861,7.152557373046875e-07
62,6,7,0,-17319.60432434082,-17319.604324340798,299968693.95172524,299968693.95172447,-7.7486038208007812e-07
63,7,7,0,-1505.9558868408203,-1505.9558868408001,2267903.1331105214,2267903.1331104608,-6.0535967350006104e-08
64,0,0,1,-17319.60400390625,-17319.604003906199,299968682.85212541,299968682.85212362,-1.7881393432617188e-06
65,1,0,1,-15382.151641845703,-15382.151641845699,236610589.13273647,236610589.13273636,-1.1920928955078125e-07
66,2,0,1,12867.929000854492,12867.929000854499,165583596.77103209,165583596.77103227,1.7881393432617188e-07
67,3,0,1,13511.765289306641,13511.765289306601,182567801.23331177,182567801.23331067,-1.1026859283447266e-06
68,4,0,1,13511.765701293945,13511.7657012939,182567812.36666346,182567812.36666223,-1.2218952178955078e-06
69,5,0,1,12867.929214477539,12867.929214477501,165583602.26880455,165583602.26880357,-9.8347663879394531e-07
70,6,0,1,-15382.151565551758,-15382.1515655518,236610586.78560638,236610586.7856077,1.3113021850585938e-06
71,7,0,1,-17319.604187011719,-17319.604187011701,299968689.19475389,299968689.19475323,-6.5565109252929688e-07
72,0,1,1,-15382.151473999023,-15382.151473999,236610583.96905032,236610583.9690496,-7.152557373046875e-07
73,1,1,1,20105.671020507812,20105.671020507802,404238007.18488765,404238007.18488723,-4.1723251342773438e-07
74,2,1,1,-30358.385147094727,-30358.385147094701,921631548.73934174,921631548.73934019,-1.5497207641601562e-06
75,3,1,1,9943.4303741455078,9943.4303741455005,98871807.605479479,98871807.60547933,-1.4901161193847656e-07
76,4,1,1,9943.4304351806641,9943.4304351807004,98871808.819277138,98871808.819277853,7.152557373046875e-07
77,5,1,1,-30358.385208129883,-30358.385208129901,921631552.44519925,921631552.44520032,1.0728836059570312e-06
78,6,1,1,20105.670715332031,20105.670715331999,404237994.91336006,404237994.91335869,-1.3709068298339844e-06
79,7,1,1,-15382.151657104492,-15382.151657104499,236610589.60216248,236610589.60216269,2.0861625671386719e-07
80,0,2,1,12867.929580688477,12867.9295806885,165583611.6935575,165583611.69355813,6.2584877014160156e-07
81,1,2,1,-30358.384506225586,-30358.3845062256,921631509.82783771,921631509.82783854,8.3446502685546875e-07
82,2,2,1,-2255.0477142333984,-2255.0477142333998,5085240.1934692748,5085240.1934692813,6.5192580223083496e-09
83,3,2,1,22592.074981689453,22592.0749816895,510401851.97827852,510401851.97828066,2.1457672119140625e-06
84,4,2,1,22592.074768066406,22592.074768066399,510401842.32590276,510401842.32590246,-2.9802322387695312e-07
85,5,2,1,-2255.0476989746094,-2255.0476989745998,5085240.1246506805,5085240.1246506376,-4.2840838432312012e-08
86,6,2,1,-30358.384857177734,-30358.384857177702,921631531.13651836,921631531.13651633,-2.0265579223632812e-06
87,7,2,1,12867.929489135742,12867.9294891357,165583609.33736923,165583609.33736816,-1.0728836059570312e-06
88,0,3,1,13511.765884399414,13511.7658843994,182567817.31481987,182567817.31481948,-3.8743019104003906e-07
89,1,3,1,9943.4304504394531,9943.4304504395004,98871809.122726545,98871809.122727484,9.3877315521240234e-07
90,2,3,1,22592.075088500977,22592.075088500998,510401856.80446643,510401856.80446738,9.5367431640625e-07
91,3,3,1,16021.205520629883,16021.205520629899,256679026.33426145,256679026.33426195,5.0663948059082031e-07
92,4,3,1,16021.20573425293,16021.205734252901,256679033.17925894,256679033.17925802,-9.2387199401855469e-07
93,5,3,1,22592.074813842773,22592.074813842799,510401844.39426899,510401844.39427012,1.1324882507324219e-06
94,6,3,1,9943.4306030273438,9943.4306030273001,98871812.157220721,98871812.157219857,-8.6426734924316406e-07
95,7,3,1,13511.765747070312,13511.7657470703,182567813.60370255,182567813.60370222,-3.2782554626464844e-07
96,0,4,1,13511.765670776367,13511.7656707764,182567811.54197073,182567811.54197162,8.9406967163085938e-07
97,1,4,1,9943.4304809570312,9943.4304809570003,98871809.729625374,98871809.729624763,-6.1094760894775391e-07
98,2,4,1,22592.074798583984,22592.074798583999,510401843.7048136,510401843.70481426,6.5565109252929688e-07
99,3,4,1,16021.205490112305,16021.205490112299,256679025.35640466,256679025.35640448,-1.7881393432617188e-07
100,4,4,1,16021.205780029297,16021.205780029301,256679034.64604416,256679034.64604425,8.9406967163085938e-08
101,5,4,1,22592.074798583984,22592.074798583999,510401843.7048136,510401843.70481426,6.5565109252929688e-07
102,6,4,1,9943.4301605224609,9943.4301605224991,98871803.357187733,98871803.357188493,7.5995922088623047e-07
103,7,4,1,13511.765655517578,13511.7656555176,182567811.12962437,182567811.12962496,5.9604644775390625e-07
104,0,5,1,12867.929412841797,12867.929412841801,165583607.37387905,165583607.37387913,8.9406967163085938e-08
105,1,5,1,-30358.385116577148,-30358.385116577101,921631546.88641298,921631546.88641,-2.9802322387695312e-06
106,2,5,1,-2255.0479888916016,-2255.0479888916002,5085241.4322040565,5085241.4322040509,-5.5879354476928711e-09
107,3,5,1,22592.074584960938,22592.074584960901,510401834.0524379,510401834.05243629,-1.6093254089355469e-06
108,4,5,1,22592.074722290039,22592.074722289999,510401840.25753653,510401840.25753474,-1.7881393432617188e-06
109,5,5,1,-2255.0478973388672,-2255.0478973388999,5085241.0192924459,5085241.0192925939,1.4808028936386108e-07
110,6,5,1,-30358.385162353516,-30358.385162353501,921631549.66580606,921631549.66580522,-8.3446502685546875e-07
111,7,5,1,12867.929351806641,12867.929351806601,165583605.80308688,165583605.80308583,-1.0430812835693359e-06
112,0,6,1,-15382.151702880859,-15382.151702880899,236610591.01044053,236610591.01044175,1.2218952178955078e-06
113,1,6,1,20105.670654296875,20105.6706542969,404237992.45905453,404237992.45905554,1.0132789611816406e-06
114,2,6,1,-30358.385238647461,-30358.385238647501,921631554.29812801,921631554.29813051,2.5033950805664062e-06
115,3,6,1,9943.4301605224609,9943.4301605224991,98871803.357187733,98871803.357188493,7.5995922088623047e-07
116,4,6,1,9943.43017578125,9943.4301757812009,98871803.66063714,98871803.660636157,-9.8347663879394531e-07
117,5,6,1,-30358.384918212891,-30358.384918212902,921631534.84237587,921631534.84237659,7.152557373046875e-07
118,6,6,1,20105.671035766602,20105.671035766602,404238007.79846406,404238007.79846406,0
119,7,6,1,-15382.151962280273,-15382.151962280301,236610598.99068287,236610598.9906837,8.3446502685546875e-07
120,0,7,1,-17319.604232788086,-17319.6042327881,299968690.78041101,299968690.78041148,4.76837158203125e-07
121,1,7,1,-15382.151916503906,-15382.151916503901,236610597.58240479,236610597.58240461,-1.7881393432617188e-07
122,2,7,1,12867.929138183594,12867.929138183599,165583600.30531436,165583600.30531451,1.4901161193847656e-07
123,3,7,1,13511.765579223633,13511.7655792236,182567809.06789255,182567809.06789166,-8.9406967163085938e-07
124,4,7,1,13511.765533447266,13511.7655334473,182567807.83085346,182567807.83085442,9.5367431640625e-07
125,5,7,1,12867.929321289062,12867.929321289101,165583605.01769078,165583605.01769176,9.8347663879394531e-07
126,6,7,1,-15382.15185546875,-15382.151855468799,236610595.70470071,236610595.70470223,1.5199184417724609e-06
127,7,7,1,-17319.604217529297,-17319.604217529301,299968690.25185859,299968690.25185871,1.1920928955078125e-07
128,0,0,2,-32336.57307434082,-32336.573074340798,1045653958.1921837,1045653958.1921823,-1.430511474609375e-06
129,1,0,2,12867.929412841797,12867.929412841801,165583607.37387905,165583607.37387913,8.9406967163085938e-08
130,2,0,2,18387.755401611328,18387.755401611299,338109548.7094866,338109548.70948553,-1.0728836059570312e-06
131,3,0,2,-6158.484619140625,-6158.4846191406004,37926932.804191649,37926932.804191343,-3.0547380447387695e-07
132,4,0,2,-6158.4844207763672,-6158.4844207763999,37926930.360945225,37926930.360945627,4.0233135223388672e-07
133,5,0,2,18387.755661010742,18387.755661010699,338109558.24903262,338109558.24903101,-1.6093254089355469e-06
134,6,0,2,12867.929458618164,12867.9294586182,165583608.55197316,165583608.55197409,9.2387199401855469e-07
135,7,0,2,-32336.572998046875,-32336.5729980469,1045653953.2580142,1045653953.2580159,1.6689300537109375e-06
136,0,1,2,12867.929458618164,12867.9294586182,165583608.55197316,165583608.55197409,9.2387199401855469e-07
137,1,1,2,-30358.384750366211,-30358.3847503662,921631524.65126777,921631524.65126705,-7.152557373046875e-07
138,2,1,2,-2255.0477905273438,-2255.0477905273001,5085240.5375622548,5085240.5375620583,-1.9650906324386597e-07
139,3,1,2,22592.074844360352,22592.074844360399,510401845.77317983,510401845.77318192,2.0861625671386719e-06
140,4,1,2,22592.074844360352,22592.074844360399,510401845.77317983,510401845.77318192,2.0861625671386719e-06
141,5,1,2,-2255.0472869873047,-2255.0472869873001,5085238.2665488031,5085238.2665487826,-2.0489096641540527e-08
142,6,1,2,-30358.384887695312,-30358.384887695302,921631532.98944712,921631532.98944652,-5.9604644775390625e-07
143,7,1,2,12867.929504394531,12867.9295043945,165583609.73006728,165583609.73006648,-8.0466270446777344e-07
144,0,2,2,18387.755508422852,18387.755508422899,338109552.63753492,338109552.63753664,1.7285346984863281e-06
145,1,2,2,-2255.0475921630859,-2255.0475921631,5085239.6429205313,5085239.6429205956,6.4261257648468018e-08
146,2,2,2,-3406.3334655761719,-3406.3334655762001,11603107.678704172,11603107.678704366,1.9371509552001953e-07
147,3,2,2,24282.918533325195,24282.918533325199,589660132.49610829,589660132.49610841,1.1920928955078125e-07
148,4,2,2,24282.918167114258,24282.918167114301,589660114.71076763,589660114.71076977,2.1457672119140625e-06
149,5,2,2,-3406.3333892822266,-3406.3333892822002,11603107.158938941,11603107.158938762,-1.7881393432617188e-07
150,6,2,2,-2255.0477294921875,-2255.0477294921998,5085240.26228787,5085240.262287925,5.4948031902313232e-08
151,7,2,2,18387.755493164062,18387.755493164099,338109552.07638514,338109552.07638651,1.3709068298339844e-06
152,0,3,2,-6158.4843597412109,-6158.4843597412,37926929.609177113,37926929.609176978,-1.3411045074462891e-07
153,1,3,2,22592.074783325195,22592.074783325199,510401843.01535815,510401843.01535833,1.7881393432617188e-07
154,2,3,2,24282.918472290039,24282.918472289999,589660129.53188479,589660129.53188288,-1.9073486328125e-06
155,3,3,2,23183.736373901367,23183.7363739014,537485632.25455737,537485632.2545588,1.430511474609375e-06
156,4,3,2,23183.736328125,23183.736328125,537485630.13202286,537485630.13202286,0
157,5,3,2,24282.918472290039,24282.918472289999,589660129.53188479,589660129.53188288,-1.9073486328125e-06
158,6,3,2,22592.074783325195,22592.074783325199,510401843.01535815,510401843.01535833,1.7881393432617188e-07
159,7,3,2,-6158.4842681884766,-6158.4842681885002,37926928.481524959,37926928.48152525,2.905726432800293e-07
160,0,4,2,-6158.4842529296875,-6158.4842529297002,37926928.293582931,37926928.293583088,1.5646219253540039e-07
161,1,4,2,22592.074722290039,22592.074722289999,510401840.25753653,510401840.25753474,-1.7881393432617188e-06
162,2,4,2,24282.918212890625,24282.9182128906,589660116.93393517,589660116.93393397,-1.1920928955078125e-06
163,3,4,2,23183.736404418945,23183.736404418902,537485633.66958034,537485633.66957831,-2.0265579223632812e-06
164,4,4,2,23183.736450195312,23183.736450195302,537485635.79211473,537485635.79211426,-4.76837158203125e-07
165,5,4,2,24282.918380737305,24282.918380737301,589660125.08554959,589660125.08554947,-1.1920928955078125e-07
166,6,4,2,22592.074798583984,22592.074798583999,510401843.7048136,510401843.70481426,6.5565109252929688e-07
167,7,4,2,-6158.4844055175781,-6158.4844055176,37926930.173003197,37926930.173003465,2.6822090148925781e-07
168,0,5,2,18387.755554199219,18387.755554199201,338109554.32098424,338109554.32098353,-7.152557373046875e-07
169,1,5,2,-2255.0478363037109,-2255.0478363037,5085240.744018048,5085240.7440179987,-4.9360096454620361e-08
170,2,5,2,-3406.3335418701172,-3406.3335418700999,11603108.198469417,11603108.1984693,-1.1734664440155029e-07
171,3,5,2,24282.918075561523,24282.918075561502,589660110.26443255,589660110.26443148,-1.0728836059570312e-06
172,4,5,2,24282.918167114258,24282.918167114301,589660114.71076763,589660114.71076977,2.1457672119140625e-06
173,5,5,2,-3406.3335113525391,-3406.3335113525,11603107.990563318,11603107.990563052,-2.6635825634002686e-07
174,6,5,2,-2255.0476379394531,-2255.0476379395,5085239.8493763069,5085239.8493765183,2.1141022443771362e-07
175,7,5,2,18387.755645751953,18387.755645752,338109557.68788284,338109557.68788457,1.7285346984863281e-06
176,0,6,2,12867.929351806641,12867.929351806601,165583605.80308688,165583605.80308583,-1.0430812835693359e-06
177,1,6,2,-30358.384872436523,-30358.384872436502,921631532.0629828,921631532.06298137,-1.430511474609375e-06
178,2,6,2,-2255.0475769042969,-2255.0475769043001,5085239.5741019407,5085239.5741019547,1.3969838619232178e-08
179,3,6,2,22592.074554443359,22592.074554443399,510401832.67352712,510401832.67352891,1.7881393432617188e-06
180,4,6,2,22592.074752807617,22592.074752807599,510401841.63644737,510401841.63644654,-8.3446502685546875e-07
181,5,6,2,-2255.0476531982422,-2255.0476531981999,5085239.9181948993,5085239.9181947084,-1.909211277961731e-07
182,6,6,2,-30358.384674072266,-30358.384674072298,921631520.01894581,921631520.01894784,2.0265579223632812e-06
183,7,6,2,12867.92936706543,12867.929367065401,165583606.1957849,165583606.19578415,-7.4505805969238281e-07
184,0,7,2,-32336.573150634766,-32336.573150634798,1045653963.1263533,1045653963.1263553,2.0265579223632812e-06
185,1,7,2,12867.929214477539,12867.929214477501,165583602.26880455,165583602.26880357,-9.8347663879394531e-07
186,2,7,2,18387.755432128906,18387.755432128899,338109549.8317861,338109549.83178586,-2.384185791015625e-07
187,3,7,2,-6158.4845733642578,-6158.4845733642996,37926932.240365542,37926932.240366057,5.1409006118774414e-07
188,4,7,2,-6158.4845428466797,-6158.4845428466997,37926931.864481479,37926931.864481725,2.4586915969848633e-07
189,5,7,2,18387.755584716797,18387.755584716801,338109555.44328374,338109555.44328392,1.7881393432617188e-07
190,6,7,2,12867.929214477539,12867.929214477501,165583602.26880455,165583602.26880357,-9.8347663879394531e-07
191,7,7,2,-32336.573150634766,-32336.573150634798,1045653963.1263533,1045653963.1263553,2.0265579223632812e-06
192,0,0,3,19876.871215820312,19876.871215820302,395090009.33030605,395090009.33030564,-4.1723251342773438e-07
193,1,0,3,13511.765716552734,13511.7657165527,182567812.77900982,182567812.7790089,-9.2387199401855469e-07
194,2,0,3,-6158.4844512939453,-6158.4844512938998,37926930.736829288,37926930.73682873,-5.5879354476928711e-07
195,3,0,3,-19780.107406616211,-19780.1074066162,391252649.01727349,391252649.01727307,-4.1723251342773438e-07
196,4,0,3,-19780.107177734375,-19780.1071777344,391252639.96265894,391252639.96265996,1.0132789611816406e-06
197,5,0,3,-6158.4843292236328,-6158.4843292236001,37926929.233293056,37926929.233292654,-4.0233135223388672e-07
198,6,0,3,13511.765609741211,13511.7656097412,182567809.89258528,182567809.89258498,-2.9802322387695312e-07
199,7,0,3,19876.871200561523,19876.871200561502,395090008.72371209,395090008.72371125,-8.3446502685546875e-07
200,0,1,3,13511.765563964844,13511.7655639648,182567808.65554619,182567808.65554503,-1.1622905731201172e-06
201,1,1,3,9943.4303741455078,9943.4303741455005,98871807.605479479,98871807.60547933,-1.4901161193847656e-07
202,2,1,3,22592.074798583984,22592.074798583999,510401843.7048136,510401843.70481426,6.5565109252929688e-07
203,3,1,3,16021.205505371094,16021.205505371099,256679025.84533304,256679025.84533322,1.7881393432617188e-07
204,4,1,3,16021.205642700195,16021.205642700201,256679030.24568859,256679030.24568877,1.7881393432617188e-07
205,5,1,3,22592.074905395508,22592.074905395501,510401848.53100145,510401848.53100109,-3.5762786865234375e-07
206,6,1,3,9943.4305114746094,9943.4305114746003,98871810.336524218,98871810.336524025,-1.9371509552001953e-07
207,7,1,3,13511.765563964844,13511.7655639648,182567808.65554619,182567808.65554503,-1.1622905731201172e-06
208,0,2,3,-6158.4845123291016,-6158.4845123290997,37926931.488597415,37926931.488597393,-2.2351741790771484e-08
209,1,2,3,22592.074798583984,22592.074798583999,510401843.7048136,510401843.70481426,6.5565109252929688e-07
210,2,2,3,24282.918380737305,24282.918380737301,589660125.08554959,589660125.08554947,-1.1920928955078125e-07
211,3,2,3,23183.736312866211,23183.7363128662,537485629.42451143,537485629.42451084,-5.9604644775390625e-07
212,4,2,3,23183.736114501953,23183.736114502,537485620.22686207,537485620.22686434,2.2649765014648438e-06
213,5,2,3,24282.918518066406,24282.918518066399,589660131.75505245,589660131.75505209,-3.5762786865234375e-07
214,6,2,3,22592.074813842773,22592.074813842799,510401844.39426899,510401844.39427012,1.1324882507324219e-06
215,7,2,3,-6158.4843444824219,-6158.4843444824,37926929.421235085,37926929.421234816,-2.6822090148925781e-07
216,0,3,3,-19780.107421875,-19780.107421875,391252649.62091446,391252649.62091446,0
217,1,3,3,16021.205718994141,16021.205718994101,256679032.69033056,256679032.69032928,-1.2814998626708984e-06
218,2,3,3,23183.736404418945,23183.736404418902,537485633.66958034,537485633.66957831,-2.0265579223632812e-06
219,3,3,3,-8350.4495544433594,-8350.4495544433994,69730007.761303306,69730007.761303961,6.5565109252929688e-07
220,4,3,3,-8350.4498138427734,-8350.4498138428007,69730012.093506813,69730012.09350726,4.4703483581542969e-07
221,5,3,3,23183.736465454102,23183.736465454102,537485636.49962628,537485636.49962628,0
222,6,3,3,16021.20556640625,16021.205566406201,256679027.80104661,256679027.80104503,-1.5795230865478516e-06
223,7,3,3,-19780.107452392578,-19780.1074523926,391252650.82819641,391252650.8281973,8.9406967163085938e-07
224,0,4,3,-19780.107604980469,-19780.107604980501,391252656.8646062,391252656.86460745,1.2516975402832031e-06
225,1,4,3,16021.205657958984,16021.205657959001,256679030.73461697,256679030.7346175,5.3644180297851562e-07
226,2,4,3,23183.736282348633,23183.7362823486,537485628.00948846,537485628.00948691,-1.5497207641601562e-06
227,3,4,3,-8350.4497680664062,-8350.4497680664008,69730011.329000294,69730011.329000205,-8.9406967163085938e-08
228,4,4,3,-8350.4498443603516,-8350.4498443604007,69730012.603177816,69730012.603178635,8.1956386566162109e-07
229,5,4,3,23183.736083984375,23183.7360839844,537485618.8118391,537485618.8118403,1.1920928955078125e-06
230,6,4,3,16021.205322265625,16021.2053222656,256679019.97819239,256679019.97819158,-8.0466270446777344e-07
231,7,4,3,-19780.107467651367,-19780.1074676514,391252651.43183738,391252651.43183869,1.3113021850585938e-06
232,0,5,3,-6158.4843902587891,-6158.4843902588,37926929.985061169,37926929.985061303,1.3411045074462891e-07
233,1,5,3,22592.07470703125,22592.074707031199,510401839.56808114,510401839.56807882,-2.3245811462402344e-06
234,2,5,3,24282.918197631836,24282.9181976318,589660116.19287932,589660116.19287765,-1.6689300537109375e-06
235,3,5,3,23183.736282348633,23183.7362823486,537485628.00948846,537485628.00948691,-1.5497207641601562e-06
236,4,5,3,23183.736145019531,23183.736145019499,537485621.64188504,537485621.64188361,-1.430511474609375e-06
237,5,5,3,24282.91828918457,24282.918289184599,589660120.63921452,589660120.63921595,1.430511474609375e-06
238,6,5,3,22592.074951171875,22592.0749511719,510401850.59936768,510401850.59936881,1.1324882507324219e-06
239,7,5,3,-6158.4844055175781,-6158.4844055176,37926930.173003197,37926930.173003465,2.6822090148925781e-07
240,0,6,3,13511.765396118164,13511.7653961182,182567804.11973625,182567804.11973724,9.8347663879394531e-07
241,1,6,3,9943.4304351806641,9943.4304351807004,98871808.819277138,98871808.819277853,7.152557373046875e-07
242,2,6,3,22592.074920654297,22592.074920654301,510401849.22045684,510401849.22045702,1.7881393432617188e-07
243,3,6,3,16021.205535888672,16021.205535888699,256679026.82318982,256679026.82319069,8.6426734924316406e-07
244,4,6,3,16021.205581665039,16021.205581665001,256679028.28997502,256679028.28997377,-1.2516975402832031e-06
245,5,6,3,22592.074584960938,22592.074584960901,510401834.0524379,510401834.05243629,-1.6093254089355469e-06
246,6,6,3,9943.4304046630859,9943.4304046631005,98871808.212378308,98871808.212378591,2.8312206268310547e-07
247,7,6,3,13511.765670776367,13511.7656707764,182567811.54197073,182567811.54197162,8.9406967163085938e-07
248,0,7,3,19876.871063232422,19876.8710632324,395090003.26436639,395090003.26436549,-8.9406967163085938e-07
249,1,7,3,13511.765808105469,13511.7658081055,182567815.25308803,182567815.25308886,8.3446502685546875e-07
250,2,7,3,-6158.4843597412109,-6158.4843597412,37926929.609177113,37926929.609176978,-1.3411045074462891e-07
251,3,7,3,-19780.107315063477,-19780.107315063498,391252645.39542764,391252645.39542854,8.9406967163085938e-07
252,4,7,3,-19780.107406616211,-19780.1074066162,391252649.01727349,391252649.01727307,-4.1723251342773438e-07
253,5,7,3,-6158.4844207763672,-6158.4844207763999,37926930.360945225,37926930.360945627,4.0233135223388672e-07
254,6,7,3,13511.765701293945,13511.7657012939,182567812.36666346,182567812.36666223,-1.2218952178955078e-06
255,7,7,3,19876.87126159668,19876.871261596702,395090011.15008795,395090011.15008885,8.9406967163085938e-07
256,0,0,4,19876.871185302734,19876.871185302702,395090008.11711812,395090008.11711681,-1.3113021850585938e-06
257,1,0,4,13511.765640258789,13511.7656402588,182567810.717278,182567810.7172783,2.9802322387695312e-07
258,2,0,4,-6158.4844360351562,-6158.4844360351999,37926930.548887253,37926930.548887797,5.4389238357543945e-07
259,3,0,4,-19780.107666015625,-19780.1076660156,391252659.2791701,391252659.27916908,-1.0132789611816406e-06
260,4,0,4,-19780.107406616211,-19780.1074066162,391252649.01727349,391252649.01727307,-4.1723251342773438e-07
261,5,0,4,-6158.4842529296875,-6158.4842529297002,37926928.293582931,37926928.293583088,1.5646219253540039e-07
262,6,0,4,13511.765686035156,13511.7656860352,182567811.95431709,182567811.95431828,1.1920928955078125e-06
263,7,0,4,19876.871063232422,19876.8710632324,395090003.26436639,395090003.26436549,-8.9406967163085938e-07
264,0,1,4,13511.765518188477,13511.7655181885,182567807.4185071,182567807.41850775,6.5565109252929688e-07
265,1,1,4,9943.4302673339844,9943.4302673340007,98871805.481333598,98871805.481333911,3.1292438507080078e-07
266,2,1,4,22592.074615478516,22592.074615478501,510401835.43134874,510401835.43134809,-6.5565109252929688e-07
267,3,1,4,16021.205535888672,16021.205535888699,256679026.82318982,256679026.82319069,8.6426734924316406e-07
268,4,1,4,16021.205474853516,16021.205474853499,256679024.86747625,256679024.86747575,-5.0663948059082031e-07
269,5,1,4,22592.074645996094,22592.074645996101,510401836.81025952,510401836.81025988,3.5762786865234375e-07
270,6,1,4,9943.4305114746094,9943.4305114746003,98871810.336524218,98871810.336524025,-1.9371509552001953e-07
271,7,1,4,13511.765502929688,13511.7655029297,182567807.00616074,182567807.00616109,3.5762786865234375e-07
272,0,2,4,-6158.4843597412109,-6158.4843597412,37926929.609177113,37926929.609176978,-1.3411045074462891e-07
273,1,2,4,22592.074737548828,22592.074737548799,510401840.94699198,510401840.94699061,-1.3709068298339844e-06
274,2,2,4,24282.918273925781,24282.918273925799,589660119.89815867,589660119.8981595,8.3446502685546875e-07
275,3,2,4,23183.736328125,23183.736328125,537485630.13202286,537485630.13202286,0
276,4,2,4,23183.736267089844,23183.7362670898,537485627.30197692,537485627.30197489,-2.0265579223632812e-06
277,5,2,4,24282.918365478516,24282.918365478501,589660124.34449375,589660124.34449303,-7.152557373046875e-07
278,6,2,4,22592.074554443359,22592.074554443399,510401832.67352712,510401832.67352891,1.7881393432617188e-06
279,7,2,4,-6158.4844818115234,-6158.4844818114998,37926931.112713352,37926931.112713054,-2.9802322387695312e-07
280,0,3,4,-19780.107604980469,-19780.107604980501,391252656.8646062,391252656.86460745,1.2516975402832031e-06
281,1,3,4,16021.20556640625,16021.205566406201,256679027.80104661,256679027.80104503,-1.5795230865478516e-06
282,2,3,4,23183.736206054688,23183.736206054698,537485624.47193098,537485624.47193146,4.76837158203125e-07
283,3,3,4,-8350.4496612548828,-8350.4496612548992,69730009.545151785,69730009.545152053,2.6822090148925781e-07
284,4,3,4,-8350.4496307373047,-8350.4496307372992,69730009.035480782,69730009.035480693,-8.9406967163085938e-08
285,5,3,4,23183.736358642578,23183.7363586426,537485631.54704583,537485631.54704678,9.5367431640625e-07
286,6,3,4,16021.205535888672,16021.205535888699,256679026.82318982,256679026.82319069,8.6426734924316406e-07
287,7,3,4,-19780.107421875,-19780.107421875,391252649.62091446,391252649.62091446,0
288,0,4,4,-19780.107421875,-19780.107421875,391252649.62091446,391252649.62091446,0
289,1,4,4,16021.205627441406,16021.205627441401,256679029.75676018,256679029.75676,-1.7881393432617188e-07
290,2,4,4,23183.736358642578,23183.7363586426,537485631.54704583,537485631.54704678,9.5367431640625e-07
291,3,4,4,-8350.4496917724609,-8350.4496917724991,69730010.054822788,69730010.054823428,6.4074993133544922e-07
292,4,4,4,-8350.4498596191406,-8350.4498596191006,69730012.858013332,69730012.858012661,-6.7055225372314453e-07
293,5,4,4,23183.736389160156,23183.7363891602,537485632.9620688,537485632.96207082,2.0265579223632812e-06
294,6,4,4,16021.205551147461,16021.205551147499,256679027.31211823,256679027.31211945,1.2218952178955078e-06
295,7,4,4,-19780.107376098633,-19780.1073760986,391252647.80999154,391252647.80999023,-1.3113021850585938e-06
296,0,5,4,-6158.4844055175781,-6158.4844055176,37926930.173003197,37926930.173003465,2.6822090148925781e-07
297,1,5,4,22592.074783325195,22592.074783325199,510401843.01535815,510401843.01535833,1.7881393432617188e-07
298,2,5,4,24282.918060302734,24282.918060302702,589660109.5233767,589660109.52337515,-1.5497207641601562e-06
299,3,5,4,23183.736145019531,23183.736145019499,537485621.64188504,537485621.64188361,-1.430511474609375e-06
300,4,5,4,23183.736083984375,23183.7360839844,537485618.8118391,537485618.8118403,1.1920928955078125e-06
301,5,5,4,24282.918334960938,24282.918334960901,589660122.86238205,589660122.86238027,-1.7881393432617188e-06
302,6,5,4,22592.074600219727,22592.074600219701,510401834.74189329,510401834.74189216,-1.1324882507324219e-06
303,7,5,4,-6158.4845886230469,-6158.4845886229996,37926932.428307578,37926932.428306997,-5.8114528656005859e-07
304,0,6,4,13511.765563964844,13511.7655639648,182567808.65554619,182567808.65554503,-1.1622905731201172e-06
305,1,6,4,9943.4306488037109,9943.4306488037,98871813.067568988,98871813.067568764,-2.2351741790771484e-07
306,2,6,4,22592.074676513672,22592.074676513701,510401838.18917036,510401838.18917167,1.3113021850585938e-06
307,3,6,4,16021.205459594727,16021.205459594699,256679024.37854788,256679024.37854701,-8.6426734924316406e-07
308,4,6,4,16021.205276489258,16021.2052764893,256679018.51140723,256679018.51140857,1.3411045074462891e-06
309,5,6,4,22592.074829101562,22592.074829101599,510401845.08372438,510401845.08372605,1.6689300537109375e-06
310,6,6,4,9943.4303131103516,9943.4303131104007,98871806.39168182,98871806.391682804,9.8347663879394531e-07
311,7,6,4,13511.765640258789,13511.7656402588,182567810.717278,182567810.7172783,2.9802322387695312e-07
312,0,7,4,19876.871200561523,19876.871200561502,395090008.72371209,395090008.72371125,-8.3446502685546875e-07
313,1,7,4,13511.765579223633,13511.7655792236,182567809.06789255,182567809.06789166,-8.9406967163085938e-07
314,2,7,4,-6158.4844512939453,-6158.4844512938998,37926930.736829288,37926930.73682873,-5.5879354476928711e-07
315,3,7,4,-19780.107482910156,-19780.1074829102,391252652.03547835,391252652.03548008,1.7285346984863281e-06
316,4,7,4,-19780.107360839844,-19780.1073608398,391252647.20635056,391252647.20634884,-1.7285346984863281e-06
317,5,7,4,-6158.4841918945312,-6158.4841918945003,37926927.541814834,37926927.541814454,-3.7997961044311523e-07
318,6,7,4,13511.765869140625,13511.7658691406,182567816.90247351,182567816.90247282,-6.8545341491699219e-07
319,7,7,4,19876.871185302734,19876.871185302702,395090008.11711812,395090008.11711681,-1.3113021850585938e-06
320,0,0,5,-32336.573196411133,-32336.5731964111,1045653966.0868549,1045653966.0868528,-2.1457672119140625e-06
321,1,0,5,12867.929321289062,12867.929321289101,165583605.01769078,165583605.01769176,9.8347663879394531e-07
322,2,0,5,18387.755279541016,18387.755279541001,338109544.22028852,338109544.22028798,-5.3644180297851562e-07
323,3,0,5,-6158.4845733642578,-6158.4845733642996,37926932.240365542,37926932.240366057,5.1409006118774414e-07
324,4,0,5,-6158.4844665527344,-6158.4844665526998,37926930.924771316,37926930.924770892,-4.246830940246582e-07
325,5,0,5,18387.755462646484,18387.755462646499,338109550.95408565,338109550.95408618,5.3644180297851562e-07
326,6,0,5,12867.929153442383,12867.929153442399,165583600.69801241,165583600.69801283,4.1723251342773438e-07
327,7,0,5,-32336.573425292969,-32336.573425293001,1045653980.8893634,1045653980.8893656,2.1457672119140625e-06
328,0,1,5,12867.929473876953,12867.929473877,165583608.94467121,165583608.94467241,1.1920928955078125e-06
329,1,1,5,-30358.385101318359,-30358.385101318399,921631545.95994854,921631545.95995092,2.384185791015625e-06
330,2,1,5,-2255.0479888916016,-2255.0479888916002,5085241.4322040565,5085241.4322040509,-5.5879354476928711e-09
331,3,1,5,22592.074661254883,22592.074661254901,510401837.49971491,510401837.49971575,8.3446502685546875e-07
332,4,1,5,22592.074768066406,22592.074768066399,510401842.32590276,510401842.32590246,-2.9802322387695312e-07
333,5,1,5,-2255.0479888916016,-2255.0479888916002,5085241.4322040565,5085241.4322040509,-5.5879354476928711e-09
334,6,1,5,-30358.384994506836,-30358.3849945068,921631539.47469783,921631539.47469556,-2.2649765014648438e-06
335,7,1,5,12867.929153442383,12867.929153442399,165583600.69801241,165583600.69801283,4.1723251342773438e-07
336,0,2,5,18387.755493164062,18387.755493164099,338109552.07638514,338109552.07638651,1.3709068298339844e-06
337,1,2,5,-2255.0478210449219,-2255.0478210449,5085240.67519945,5085240.6751993513,-9.8720192909240723e-08
338,2,2,5,-3406.3337097167969,-3406.3337097168001,11603109.341952994,11603109.341953017,2.2351741790771484e-08
339,3,2,5,24282.918441772461,24282.918441772501,589660128.0497731,589660128.049775,1.9073486328125e-06
340,4,2,5,24282.918090820312,24282.918090820302,589660111.0054884,589660111.00548792,-4.76837158203125e-07
341,5,2,5,-3406.3335723876953,-3406.3335723876999,11603108.406375518,11603108.40637555,3.166496753692627e-08
342,6,2,5,-2255.0477752685547,-2255.0477752686002,5085240.4687436577,5085240.4687438626,2.0489096641540527e-07
343,7,2,5,18387.75537109375,18387.755371093801,338109547.58718705,338109547.5871889,1.8477439880371094e-06
344,0,3,5,-6158.4844818115234,-6158.4844818114998,37926931.112713352,37926931.112713054,-2.9802322387695312e-07
345,1,3,5,22592.074752807617,22592.074752807599,510401841.63644737,510401841.63644654,-8.3446502685546875e-07
346,2,3,5,24282.918319702148,24282.918319702101,589660122.12132621,589660122.12132394,-2.2649765014648438e-06
347,3,3,5,23183.736175537109,23183.736175537098,537485623.05690801,537485623.05690753,-4.76837158203125e-07
348,4,3,5,23183.735992431641,23183.735992431601,537485614.56677032,537485614.56676841,-1.9073486328125e-06
349,5,3,5,24282.918304443359,24282.918304443399,589660121.38027036,589660121.38027227,1.9073486328125e-06
350,6,3,5,22592.074798583984,22592.074798583999,510401843.7048136,510401843.70481426,6.5565109252929688e-07
351,7,3,5,-6158.4842681884766,-6158.4842681885002,37926928.481524959,37926928.48152525,2.905726432800293e-07
352,0,4,5,-6158.4842529296875,-6158.4842529297002,37926928.293582931,37926928.293583088,1.5646219253540039e-07
353,1,4,5,22592.074798583984,22592.074798583999,510401843.7048136,510401843.70481426,6.5565109252929688e-07
354,2,4,5,24282.918197631836,24282.9181976318,589660116.19287932,589660116.19287765,-1.6689300537109375e-06
355,3,4,5,23183.736465454102,23183.736465454102,537485636.49962628,537485636.49962628,0
356,4,4,5,23183.736267089844,23183.7362670898,537485627.30197692,537485627.30197489,-2.0265579223632812e-06
357,5,4,5,24282.918380737305,24282.918380737301,589660125.08554959,589660125.08554947,-1.1920928955078125e-07
358,6,4,5,22592.074935913086,22592.0749359131,510401849.90991229,510401849.90991294,6.5565109252929688e-07
359,7,4,5,-6158.4842834472656,-6158.4842834473002,37926928.66946698,37926928.669467404,4.246830940246582e-07
360,0,5,5,18387.755477905273,18387.755477905299,338109551.51523536,338109551.51523632,9.5367431640625e-07
361,1,5,5,-2255.0480804443359,-2255.0480804443,5085241.845115684,5085241.8451155219,-1.6205012798309326e-07
362,2,5,5,-3406.3334350585938,-3406.3334350586001,11603107.470798079,11603107.470798122,4.2840838432312012e-08
363,3,5,5,24282.918518066406,24282.918518066399,589660131.75505245,589660131.75505209,-3.5762786865234375e-07
364,4,5,5,24282.918365478516,24282.918365478501,589660124.34449375,589660124.34449303,-7.152557373046875e-07
365,5,5,5,-3406.3333892822266,-3406.3333892822002,11603107.158938941,11603107.158938762,-1.7881393432617188e-07
366,6,5,5,-2255.0478820800781,-2255.0478820801,5085240.9504738459,5085240.9504739447,9.8720192909240723e-08
367,7,5,5,18387.755264282227,18387.755264282201,338109543.65913874,338109543.65913779,-9.5367431640625e-07
368,0,6,5,12867.929443359375,12867.9294433594,165583608.15927511,165583608.15927577,6.5565109252929688e-07
369,1,6,5,-30358.385009765625,-30358.3850097656,921631540.40116215,921631540.40116072,-1.430511474609375e-06
370,2,6,5,-2255.0478057861328,-2255.0478057861001,5085240.6063808519,5085240.6063807048,-1.4714896678924561e-07
371,3,6,5,22592.074844360352,22592.074844360399,510401845.77317983,510401845.77318192,2.0861625671386719e-06
372,4,6,5,22592.074691772461,22592.074691772501,510401838.87862575,510401838.87862754,1.7881393432617188e-06
373,5,6,5,-2255.0476226806641,-2255.0476226807,5085239.7805577144,5085239.7805578765,1.6205012798309326e-07
374,6,6,5,-30358.384796142578,-30358.3847961426,921631527.43066084,921631527.43066216,1.3113021850585938e-06
375,7,6,5,12867.929275512695,12867.929275512701,165583603.83959669,165583603.83959681,1.1920928955078125e-07
376,0,7,5,-32336.5732421875,-32336.5732421875,1045653969.0473566,1045653969.0473566,0
377,1,7,5,12867.929244995117,12867.929244995101,165583603.05420062,165583603.05420017,-4.4703483581542969e-07
378,2,7,5,18387.755447387695,18387.755447387699,338109550.39293587,338109550.39293599,1.1920928955078125e-07
379,3,7,5,-6158.4845123291016,-6158.4845123290997,37926931.488597415,37926931.488597393,-2.2351741790771484e-08
380,4,7,5,-6158.4844055175781,-6158.4844055176,37926930.173003197,37926930.173003465,2.6822090148925781e-07
381,5,7,5,18387.755569458008,18387.755569458001,338109554.88213396,338109554.88213372,-2.384185791015625e-07
382,6,7,5,12867.929412841797,12867.929412841801,165583607.37387905,165583607.37387913,8.9406967163085938e-08
383,7,7,5,-32336.573348999023,-32336.573348999002,1045653975.9551939,1045653975.9551926,-1.3113021850585938e-06
384,0,0,6,-17319.604263305664,-17319.6042633057,299968691.83751571,299968691.83751702,1.3113021850585938e-06
385,1,0,6,-15382.151733398438,-15382.151733398399,236610591.94929254,236610591.94929138,-1.1622905731201172e-06
386,2,0,6,12867.929153442383,12867.929153442399,165583600.69801241,165583600.69801283,4.1723251342773438e-07
387,3,0,6,13511.765609741211,13511.7656097412,182567809.89258528,182567809.89258498,-2.9802322387695312e-07
388,4,0,6,13511.765670776367,13511.7656707764,182567811.54197073,182567811.54197162,8.9406967163085938e-07
389,5,0,6,12867.929351806641,12867.929351806601,165583605.80308688,165583605.80308583,-1.0430812835693359e-06
390,6,0,6,-15382.151718139648,-15382.151718139599,236610591.47986653,236610591.47986501,-1.5199184417724609e-06
391,7,0,6,-17319.604232788086,-17319.6042327881,299968690.78041101,299968690.78041148,4.76837158203125e-07
392,0,1,6,-15382.151733398438,-15382.151733398399,236610591.94929254,236610591.94929138,-1.1622905731201172e-06
393,1,1,6,20105.670913696289,20105.6709136963,404238002.889853,404238002.88985342,4.1723251342773438e-07
394,2,1,6,-30358.384902954102,-30358.384902954102,921631533.91591156,921631533.91591156,0
395,3,1,6,9943.4302978515625,9943.4302978516007,98871806.088232413,98871806.088233173,7.5995922088623047e-07
396,4,1,6,9943.4302978515625,9943.4302978516007,98871806.088232413,98871806.088233173,7.5995922088623047e-07
397,5,1,6,-30358.385345458984,-30358.385345458999,921631560.78337884,921631560.78337967,8.3446502685546875e-07
398,6,1,6,20105.670989990234,20105.670989990202,404238005.95773488,404238005.95773357,-1.3113021850585938e-06
399,7,1,6,-15382.151702880859,-15382.151702880899,236610591.01044053,236610591.01044175,1.2218952178955078e-06
400,0,2,6,12867.929275512695,12867.929275512701,165583603.83959669,165583603.83959681,1.1920928955078125e-07
401,1,2,6,-30358.384994506836,-30358.3849945068,921631539.47469783,921631539.47469556,-2.2649765014648438e-06
402,2,2,6,-2255.0477752685547,-2255.0477752686002,5085240.4687436577,5085240.4687438626,2.0489096641540527e-07
403,3,2,6,22592.074615478516,22592.074615478501,510401835.43134874,510401835.43134809,-6.5565109252929688e-07
404,4,2,6,22592.074844360352,22592.074844360399,510401845.77317983,510401845.77318192,2.0861625671386719e-06
405,5,2,6,-2255.0478363037109,-2255.0478363037,5085240.744018048,5085240.7440179987,-4.9360096454620361e-08
406,6,2,6,-30358.38508605957,-30358.385086059599,921631545.0334841,921631545.03348589,1.7881393432617188e-06
407,7,2,6,12867.929168701172,12867.929168701199,165583601.09071043,165583601.09071115,7.152557373046875e-07
408,0,3,6,13511.765625,13511.765625,182567810.30493164,182567810.30493164,0
409,1,3,6,9943.4304504394531,9943.4304504395004,98871809.122726545,98871809.122727484,9.3877315521240234e-07
410,2,3,6,22592.074920654297,22592.074920654301,510401849.22045684,510401849.22045702,1.7881393432617188e-07
411,3,3,6,16021.205718994141,16021.205718994101,256679032.69033056,256679032.69032928,-1.2814998626708984e-06
412,4,3,6,16021.205642700195,16021.205642700201,256679030.24568859,256679030.24568877,1.7881393432617188e-07
413,5,3,6,22592.074737548828,22592.074737548799,510401840.94699198,510401840.94699061,-1.3709068298339844e-06
414,6,3,6,9943.4304656982422,9943.4304656982004,98871809.426175967,98871809.426175132,-8.3446502685546875e-07
415,7,3,6,13511.765625,13511.765625,182567810.30493164,182567810.30493164,0
416,0,4,6,13511.765487670898,13511.7654876709,182567806.5938144,182567806.59381443,2.9802322387695312e-08
417,1,4,6,9943.4303588867188,9943.4303588867006,98871807.302030057,98871807.302029699,-3.5762786865234375e-07
418,2,4,6,22592.074722290039,22592.074722289999,510401840.25753653,510401840.25753474,-1.7881393432617188e-06
419,3,4,6,16021.205642700195,16021.205642700201,256679030.24568859,256679030.24568877,1.7881393432617188e-07
420,4,4,6,16021.205581665039,16021.205581665001,256679028.28997502,256679028.28997377,-1.2516975402832031e-06
421,5,4,6,22592.074813842773,22592.074813842799,510401844.39426899,510401844.39427012,1.1324882507324219e-06
422,6,4,6,9943.4300231933594,9943.4300231933994,98871800.626143098,98871800.626143888,7.8976154327392578e-07
423,7,4,6,13511.765625,13511.765625,182567810.30493164,182567810.30493164,0
424,0,5,6,12867.929061889648,12867.929061889599,165583598.3418242,165583598.34182295,-1.2516975402832031e-06
425,1,5,6,-30358.385101318359,-30358.385101318399,921631545.95994854,921631545.95995092,2.384185791015625e-06
426,2,5,6,-2255.0476684570312,-2255.0476684569999,5085239.9870134927,5085239.9870133512,-1.4156103134155273e-07
427,3,5,6,22592.074813842773,22592.074813842799,510401844.39426899,510401844.39427012,1.1324882507324219e-06
428,4,5,6,22592.074798583984,22592.074798583999,510401843.7048136,510401843.70481426,6.5565109252929688e-07
429,5,5,6,-2255.0477447509766,-2255.0477447510002,5085240.3311064653,5085240.3311065724,1.0710209608078003e-07
430,6,5,6,-30358.385101318359,-30358.385101318399,921631545.95994854,921631545.95995092,2.384185791015625e-06
431,7,5,6,12867.929077148438,12867.929077148399,165583598.73452222,165583598.73452127,-9.5367431640625e-07
432,0,6,6,-15382.151947021484,-15382.151947021501,236610598.52125683,236610598.52125734,5.0663948059082031e-07
433,1,6,6,20105.67073059082,20105.670730590798,404237995.52693641,404237995.52693552,-8.9406967163085938e-07
434,2,6,6,-30358.384918212891,-30358.384918212902,921631534.84237587,921631534.84237659,7.152557373046875e-07
435,3,6,6,9943.4303588867188,9943.4303588867006,98871807.302030057,98871807.302029699,-3.5762786865234375e-07
436,4,6,6,9943.4304046630859,9943.4304046631005,98871808.212378308,98871808.212378591,2.8312206268310547e-07
437,5,6,6,-30358.384887695312,-30358.384887695302,921631532.98944712,921631532.98944652,-5.9604644775390625e-07
438,6,6,6,20105.670822143555,20105.670822143598,404237999.20839471,404237999.20839643,1.7285346984863281e-06
439,7,6,6,-15382.151931762695,-15382.151931762701,236610598.05183083,236610598.05183098,1.4901161193847656e-07
440,0,7,6,-17319.6044921875,-17319.6044921875,299968699.76580143,299968699.76580143,0
441,1,7,6,-15382.151992797852,-15382.151992797901,236610599.92953491,236610599.92953643,1.5199184417724609e-06
442,2,7,6,12867.929153442383,12867.929153442399,165583600.69801241,165583600.69801283,4.1723251342773438e-07
443,3,7,6,13511.765640258789,13511.7656402588,182567810.717278,182567810.7172783,2.9802322387695312e-07
444,4,7,6,13511.765640258789,13511.7656402588,182567810.717278,182567810.7172783,2.9802322387695312e-07
445,5,7,6,12867.929382324219,12867.929382324201,165583606.58848295,165583606.58848247,-4.76837158203125e-07
446,6,7,6,-15382.151641845703,-15382.151641845699,236610589.13273647,236610589.13273636,-1.1920928955078125e-07
447,7,7,6,-17319.604156494141,-17319.604156494101,299968688.13764912,299968688.13764775,-1.3709068298339844e-06
448,0,0,7,-1505.9557647705078,-1505.9557647705001,2267902.7654455248,2267902.7654455015,-2.3283064365386963e-08
449,1,0,7,-17319.604187011719,-17319.604187011701,299968689.19475389,299968689.19475323,-6.5565109252929688e-07
450,2,0,7,-32336.573272705078,-32336.5732727051,1045653971.0210245,1045653971.0210258,1.3113021850585938e-06
451,3,0,7,19876.870880126953,19876.870880127,395089995.98523885,395089995.9852407,1.8477439880371094e-06
452,4,0,7,19876.871185302734,19876.871185302702,395090008.11711812,395090008.11711681,-1.3113021850585938e-06
453,5,0,7,-32336.573059082031,-32336.573059081999,1045653957.2053498,1045653957.2053478,-2.0265579223632812e-06
454,6,0,7,-17319.604339599609,-17319.604339599598,299968694.4802776,299968694.48027724,-3.5762786865234375e-07
455,7,0,7,-1505.9558563232422,-1505.9558563231999,2267903.0411942694,2267903.0411941423,-1.2712553143501282e-07
456,0,1,7,-17319.604476928711,-17319.6044769287,299968699.23724908,299968699.23724866,-4.1723251342773438e-07
457,1,1,7,-15382.151870727539,-15382.151870727501,236610596.17412674,236610596.17412555,-1.1920928955078125e-06
458,2,1,7,12867.929336547852,12867.929336547901,165583605.41038883,165583605.41039011,1.2814998626708984e-06
459,3,1,7,13511.765335083008,13511.765335083001,182567802.47035083,182567802.47035062,-2.0861625671386719e-07
460,4,1,7,13511.765441894531,13511.7654418945,182567805.35677531,182567805.35677448,-8.3446502685546875e-07
461,5,1,7,12867.929229736328,12867.929229736301,165583602.66150257,165583602.66150185,-7.152557373046875e-07
462,6,1,7,-15382.151916503906,-15382.151916503901,236610597.58240479,236610597.58240461,-1.7881393432617188e-07
463,7,1,7,-17319.604263305664,-17319.6042633057,299968691.83751571,299968691.83751702,1.3113021850585938e-06
464,0,2,7,-32336.573394775391,-32336.573394775402,1045653978.9156957,1045653978.9156964,7.152557373046875e-07
465,1,2,7,12867.929122924805,12867.929122924799,165583599.91261634,165583599.91261619,-1.4901161193847656e-07
466,2,2,7,18387.755508422852,18387.755508422899,338109552.63753492,338109552.63753664,1.7285346984863281e-06
467,3,2,7,-6158.4845123291016,-6158.4845123290997,37926931.488597415,37926931.488597393,-2.2351741790771484e-08
468,4,2,7,-6158.4846038818359,-6158.4846038817996,37926932.616249613,37926932.616249166,-4.4703483581542969e-07
469,5,2,7,18387.755310058594,18387.755310058601,338109545.34258801,338109545.34258831,2.9802322387695312e-07
470,6,2,7,12867.929122924805,12867.929122924799,165583599.91261634,165583599.91261619,-1.4901161193847656e-07
471,7,2,7,-32336.573547363281,-32336.573547363299,1045653988.7840347,1045653988.7840359,1.1920928955078125e-06
472,0,3,7,19876.871109008789,19876.8711090088,395090005.08414829,395090005.08414871,4.1723251342773438e-07
473,1,3,7,13511.765518188477,13511.7655181885,182567807.4185071,182567807.41850775,6.5565109252929688e-07
474,2,3,7,-6158.4845428466797,-6158.4845428466997,37926931.864481479,37926931.864481725,2.4586915969848633e-07
475,3,3,7,-19780.107528686523,-19780.107528686502,391252653.84640127,391252653.84640044,-8.3446502685546875e-07
476,4,3,7,-19780.107315063477,-19780.107315063498,391252645.39542764,391252645.39542854,8.9406967163085938e-07
477,5,3,7,-6158.4844055175781,-6158.4844055176,37926930.173003197,37926930.173003465,2.6822090148925781e-07
478,6,3,7,13511.765594482422,13511.7655944824,182567809.48023891,182567809.48023832,-5.9604644775390625e-07
479,7,3,7,19876.871231079102,19876.871231079102,395090009.93690002,395090009.93690002,0
480,0,4,7,19876.871124267578,19876.8711242676,395090005.69074225,395090005.69074315,8.9406967163085938e-07
481,1,4,7,13511.765960693359,13511.765960693399,182567819.37655175,182567819.37655282,1.0728836059570312e-06
482,2,4,7,-6158.4844665527344,-6158.4844665526998,37926930.924771316,37926930.924770892,-4.246830940246582e-07
483,3,4,7,-19780.107421875,-19780.107421875,391252649.62091446,391252649.62091446,0
484,4,4,7,-19780.107421875,-19780.107421875,391252649.62091446,391252649.62091446,0
485,5,4,7,-6158.4846038818359,-6158.4846038817996,37926932.616249613,37926932.616249166,-4.4703483581542969e-07
486,6,4,7,13511.765548706055,13511.7655487061,182567808.24319983,182567808.24320105,1.2218952178955078e-06
487,7,4,7,19876.871109008789,19876.8711090088,395090005.08414829,395090005.08414871,4.1723251342773438e-07
488,0,5,7,-32336.573348999023,-32336.573348999002,1045653975.9551939,1045653975.9551926,-1.3113021850585938e-06
489,1,5,7,12867.929458618164,12867.9294586182,165583608.55197316,165583608.55197409,9.2387199401855469e-07
490,2,5,7,18387.755661010742,18387.755661010699,338109558.24903262,338109558.24903101,-1.6093254089355469e-06
491,3,5,7,-6158.4844818115234,-6158.4844818114998,37926931.112713352,37926931.112713054,-2.9802322387695312e-07
492,4,5,7,-6158.4841918945312,-6158.4841918945003,37926927.541814834,37926927.541814454,-3.7997961044311523e-07
493,5,5,7,18387.755554199219,18387.755554199201,338109554.32098424,338109554.32098353,-7.152557373046875e-07
494,6,5,7,12867.929412841797,12867.929412841801,165583607.37387905,165583607.37387913,8.9406967163085938e-08
495,7,5,7,-32336.573532104492,-32336.573532104499,1045653987.7972008,1045653987.7972013,4.76837158203125e-07
496,0,6,7,-17319.604217529297,-17319.604217529301,299968690.25185859,299968690.25185871,1.1920928955078125e-07
497,1,6,7,-15382.151824951172,-15382.151824951199,236610594.76584867,236610594.7658495,8.3446502685546875e-07
498,2,6,7,12867.929336547852,12867.929336547901,165583605.41038883,165583605.41039011,1.2814998626708984e-06
499,3,6,7,13511.765579223633,13511.7655792236,182567809.06789255,182567809.06789166,-8.9406967163085938e-07
500,4,6,7,13511.765441894531,13511.7654418945,182567805.35677531,182567805.35677448,-8.3446502685546875e-07
501,5,6,7,12867.929183959961,12867.929183959999,165583601.48340848,165583601.48340943,9.5367431640625e-07
502,6,6,7,-15382.15168762207,-15382.151687622099,236610590.54101449,236610590.54101539,8.9406967163085938e-07
503,7,6,7,-17319.604385375977,-17319.604385375998,299968696.06593478,299968696.06593549,7.152557373046875e-07
504,0,7,7,-1505.9560241699219,-1505.9560241699,2267903.5467336783,2267903.5467336127,-6.5658241510391235e-08
505,1,7,7,-17319.604598999023,-17319.604598999002,299968703.46566814,299968703.46566737,-7.7486038208007812e-07
506,2,7,7,-32336.573471069336,-32336.5734710693,1045653983.8498652,1045653983.8498628,-2.384185791015625e-06
507,3,7,7,19876.871032714844,19876.8710327148,395090002.05117846,395090002.05117673,-1.7285346984863281e-06
508,4,7,7,19876.871154785156,19876.8711547852,395090006.90393019,395090006.90393192,1.7285346984863281e-06
509,5,7,7,-32336.573181152344,-32336.5731811523,1045653965.100021,1045653965.1000181,-2.86102294921875e-06
510,6,7,7,-17319.604339599609,-17319.604339599598,299968694.4802776,299968694.48027724,-3.5762786865234375e-07
511,7,7,7,-1505.9560852050781,-1505.9560852051,2267903.7305662045,2267903.7305662702,6.5658241510391235e-08
